Model,CV F1,VAL F1,TEST F1,Training Time (s)
Linear SVM,0.7900005763063579,0.4431357649442756,0.5738778817342384,6.438715696334839
RBF SVM,0.8860783072957922,0.4982860520094563,0.4138007054673721,10.668336153030396
