{"type":"FeatureCollection","features":[{"type":"Feature","properties":{"featureKind":"province-center-pin","province":"Aelvanyr","name":"Aelvanyr","color":"#E6194B"},"geometry":{"type":"Point","coordinates":[346.8479884395203,322.45154956548583]}},{"type":"Feature","properties":{"featureKind":"settlement-pin","province":"Aelvanyr","settlement":"Drakesylva","name":"Drakesylva","settlementId":"aelvanyr:Drakesylva","pinId":"pin:aelvanyr:Drakesylva","locationId":"location:aelvanyr:Drakesylva","settlementType":"City","type":"City","isTerritory":false},"geometry":{"type":"Point","coordinates":[390,330]}},{"type":"Feature","properties":{"featureKind":"settlement-pin","province":"Aelvanyr","settlement":"Elarvess","name":"Elarvess","settlementId":"aelvanyr:Elarvess","pinId":"pin:aelvanyr:Elarvess","locationId":"location:aelvanyr:Elarvess","settlementType":"City","type":"City","isTerritory":false},"geometry":{"type":"Point","coordinates":[408,340]}},{"type":"Feature","properties":{"featureKind":"settlement-pin","province":"Aelvanyr","settlement":"Everwake","name":"Everwake","settlementId":"aelvanyr:Everwake","pinId":"pin:aelvanyr:Everwake","locationId":"location:aelvanyr:Everwake","settlementType":"City","type":"City","isTerritory":false},"geometry":{"type":"Point","coordinates":[378,312]}},{"type":"Feature","properties":{"featureKind":"settlement-pin","province":"Aelvanyr","settlement":"Faeloryn","name":"Faeloryn","settlementId":"aelvanyr:Faeloryn","pinId":"pin:aelvanyr:Faeloryn","locationId":"location:aelvanyr:Faeloryn","settlementType":"Town","type":"Town","isTerritory":false},"geometry":{"type":"Point","coordinates":[388,348]}},{"type":"Feature","properties":{"featureKind":"settlement-pin","province":"Aelvanyr","settlement":"Lunawyn","name":"Lunawyn","settlementId":"aelvanyr:Lunawyn","pinId":"pin:aelvanyr:Lunawyn","locationId":"location:aelvanyr:Lunawyn","settlementType":"Town","type":"Town","isTerritory":false},"geometry":{"type":"Point","coordinates":[438,288]}},{"type":"Feature","properties":{"featureKind":"settlement-pin","province":"Aelvanyr","settlement":"Mythraelyn","name":"Mythraelyn","settlementId":"aelvanyr:Mythraelyn","pinId":"pin:aelvanyr:Mythraelyn","locationId":"location:aelvanyr:Mythraelyn","settlementType":"Capital City","type":"Capital City","isTerritory":false},"geometry":{"type":"Point","coordinates":[450,284]}},{"type":"Feature","properties":{"featureKind":"settlement-pin","province":"Aelvanyr","settlement":"Rootmere","name":"Rootmere","settlementId":"aelvanyr:Rootmere","pinId":"pin:aelvanyr:Rootmere","locationId":"location:aelvanyr:Rootmere","settlementType":"Town","type":"Town","isTerritory":false},"geometry":{"type":"Point","coordinates":[368,346]}},{"type":"Feature","properties":{"featureKind":"settlement-pin","province":"Aelvanyr","settlement":"Sylvarielle","name":"Sylvarielle","settlementId":"aelvanyr:Sylvarielle","pinId":"pin:aelvanyr:Sylvarielle","locationId":"location:aelvanyr:Sylvarielle","settlementType":"Village","type":"Village","isTerritory":false},"geometry":{"type":"Point","coordinates":[412,322]}},{"type":"Feature","properties":{"featureKind":"settlement-pin","province":"Aelvanyr","settlement":"Vaelithorne","name":"Vaelithorne","settlementId":"aelvanyr:Vaelithorne","pinId":"pin:aelvanyr:Vaelithorne","locationId":"location:aelvanyr:Vaelithorne","settlementType":"Village","type":"Village","isTerritory":false},"geometry":{"type":"Point","coordinates":[372,330]}},{"type":"Feature","properties":{"featureKind":"territory-pin","province":"Aelvanyr","settlement":"Wildbloom","name":"Wildbloom","settlementId":"aelvanyr:Wildbloom","pinId":"pin:aelvanyr:Wildbloom","locationId":"location:aelvanyr:Wildbloom","settlementType":"Village Territory","type":"Village Territory","isTerritory":true},"geometry":{"type":"Point","coordinates":[426,396]}},{"type":"Feature","properties":{"featureKind":"province-center-pin","province":"Aelwynora","name":"Aelwynora","color":"#3CB44B"},"geometry":{"type":"Point","coordinates":[1129.2098719975347,310.48168930940585]}},{"type":"Feature","properties":{"featureKind":"territory-pin","province":"Aelwynora","settlement":"Elarion Pastures","name":"Elarion Pastures","settlementId":"aelwynora:Elarion Pastures","pinId":"pin:aelwynora:Elarion Pastures","locationId":"location:aelwynora:Elarion Pastures","settlementType":"Town Territory","type":"Town Territory","isTerritory":true},"geometry":{"type":"Point","coordinates":[1392,594]}},{"type":"Feature","properties":{"featureKind":"settlement-pin","province":"Aelwynora","settlement":"Elarithen","name":"Elarithen","settlementId":"aelwynora:Elarithen","pinId":"pin:aelwynora:Elarithen","locationId":"location:aelwynora:Elarithen","settlementType":"Capital City","type":"Capital City","isTerritory":false},"geometry":{"type":"Point","coordinates":[1146,346]}},{"type":"Feature","properties":{"featureKind":"settlement-pin","province":"Aelwynora","settlement":"Orynéssa","name":"Orynéssa","settlementId":"aelwynora:Orynéssa","pinId":"pin:aelwynora:Orynéssa","locationId":"location:aelwynora:Orynéssa","settlementType":"Village","type":"Village","isTerritory":false},"geometry":{"type":"Point","coordinates":[1136,216]}},{"type":"Feature","properties":{"featureKind":"territory-pin","province":"Aelwynora","settlement":"Sylvarûn","name":"Sylvarûn","settlementId":"aelwynora:Sylvarûn","pinId":"pin:aelwynora:Sylvarûn","locationId":"location:aelwynora:Sylvarûn","settlementType":"Town Territory","type":"Town Territory","isTerritory":true},"geometry":{"type":"Point","coordinates":[1086,111]}},{"type":"Feature","properties":{"featureKind":"settlement-pin","province":"Aelwynora","settlement":"Sylvathûn","name":"Sylvathûn","settlementId":"aelwynora:Sylvathûn","pinId":"pin:aelwynora:Sylvathûn","locationId":"location:aelwynora:Sylvathûn","settlementType":"Town","type":"Town","isTerritory":false},"geometry":{"type":"Point","coordinates":[1122,336]}},{"type":"Feature","properties":{"featureKind":"territory-pin","province":"Aelwynora","settlement":"Sylvéraith","name":"Sylvéraith","settlementId":"aelwynora:Sylvéraith","pinId":"pin:aelwynora:Sylvéraith","locationId":"location:aelwynora:Sylvéraith","settlementType":"Town Territory","type":"Town Territory","isTerritory":true},"geometry":{"type":"Point","coordinates":[1416,51]}},{"type":"Feature","properties":{"featureKind":"territory-pin","province":"Aelwynora","settlement":"Ulwyn","name":"Ulwyn","settlementId":"aelwynora:Ulwyn","pinId":"pin:aelwynora:Ulwyn","locationId":"location:aelwynora:Ulwyn","settlementType":"City Territory","type":"City Territory","isTerritory":true},"geometry":{"type":"Point","coordinates":[1458,72]}},{"type":"Feature","properties":{"featureKind":"territory-pin","province":"Aelwynora","settlement":"Vaelméra","name":"Vaelméra","settlementId":"aelwynora:Vaelméra","pinId":"pin:aelwynora:Vaelméra","locationId":"location:aelwynora:Vaelméra","settlementType":"Village Territory","type":"Village Territory","isTerritory":true},"geometry":{"type":"Point","coordinates":[1593,84]}},{"type":"Feature","properties":{"featureKind":"settlement-pin","province":"Aelwynora","settlement":"Wilsara","name":"Wilsara","settlementId":"aelwynora:Wilsara","pinId":"pin:aelwynora:Wilsara","locationId":"location:aelwynora:Wilsara","settlementType":"City","type":"City","isTerritory":false},"geometry":{"type":"Point","coordinates":[1144,384]}},{"type":"Feature","properties":{"featureKind":"settlement-pin","province":"Aelwynora","settlement":"Yl'varessa","name":"Yl'varessa","settlementId":"aelwynora:Yl'varessa","pinId":"pin:aelwynora:Yl'varessa","locationId":"location:aelwynora:Yl'varessa","settlementType":"Village","type":"Village","isTerritory":false},"geometry":{"type":"Point","coordinates":[1128,354]}},{"type":"Feature","properties":{"featureKind":"settlement-pin","province":"Aelwynora","settlement":"Yltharien","name":"Yltharien","settlementId":"aelwynora:Yltharien","pinId":"pin:aelwynora:Yltharien","locationId":"location:aelwynora:Yltharien","settlementType":"City","type":"City","isTerritory":false},"geometry":{"type":"Point","coordinates":[1148,326]}},{"type":"Feature","properties":{"featureKind":"province-center-pin","province":"Astraevos","name":"Astraevos","color":"#4363D8"},"geometry":{"type":"Point","coordinates":[661.9985466727387,736.5828632535562]}},{"type":"Feature","properties":{"featureKind":"settlement-pin","province":"Astraevos","settlement":"Ael'voryn","name":"Ael'voryn","settlementId":"astraevos:Ael'voryn","pinId":"pin:astraevos:Ael'voryn","locationId":"location:astraevos:Ael'voryn","settlementType":"Town","type":"Town","isTerritory":false},"geometry":{"type":"Point","coordinates":[673,644]}},{"type":"Feature","properties":{"featureKind":"settlement-pin","province":"Astraevos","settlement":"Aelmoryth","name":"Aelmoryth","settlementId":"astraevos:Aelmoryth","pinId":"pin:astraevos:Aelmoryth","locationId":"location:astraevos:Aelmoryth","settlementType":"Village","type":"Village","isTerritory":false},"geometry":{"type":"Point","coordinates":[659,676]}},{"type":"Feature","properties":{"featureKind":"settlement-pin","province":"Astraevos","settlement":"Aelryss-Kor","name":"Aelryss-Kor","settlementId":"astraevos:Aelryss-Kor","pinId":"pin:astraevos:Aelryss-Kor","locationId":"location:astraevos:Aelryss-Kor","settlementType":"Village","type":"Village","isTerritory":false},"geometry":{"type":"Point","coordinates":[739,764]}},{"type":"Feature","properties":{"featureKind":"territory-pin","province":"Astraevos","settlement":"Aelshoreth","name":"Aelshoreth","settlementId":"astraevos:Aelshoreth","pinId":"pin:astraevos:Aelshoreth","locationId":"location:astraevos:Aelshoreth","settlementType":"City Territory","type":"City Territory","isTerritory":true},"geometry":{"type":"Point","coordinates":[360,822]}},{"type":"Feature","properties":{"featureKind":"settlement-pin","province":"Astraevos","settlement":"Caelmyros","name":"Caelmyros","settlementId":"astraevos:Caelmyros","pinId":"pin:astraevos:Caelmyros","locationId":"location:astraevos:Caelmyros","settlementType":"Town","type":"Town","isTerritory":false},"geometry":{"type":"Point","coordinates":[707,728]}},{"type":"Feature","properties":{"featureKind":"settlement-pin","province":"Astraevos","settlement":"Cyralune","name":"Cyralune","settlementId":"astraevos:Cyralune","pinId":"pin:astraevos:Cyralune","locationId":"location:astraevos:Cyralune","settlementType":"City","type":"City","isTerritory":false},"geometry":{"type":"Point","coordinates":[709,664]}},{"type":"Feature","properties":{"featureKind":"settlement-pin","province":"Astraevos","settlement":"Mythalora","name":"Mythalora","settlementId":"astraevos:Mythalora","pinId":"pin:astraevos:Mythalora","locationId":"location:astraevos:Mythalora","settlementType":"City","type":"City","isTerritory":false},"geometry":{"type":"Point","coordinates":[705,764]}},{"type":"Feature","properties":{"featureKind":"settlement-pin","province":"Astraevos","settlement":"Orithalune","name":"Orithalune","settlementId":"astraevos:Orithalune","pinId":"pin:astraevos:Orithalune","locationId":"location:astraevos:Orithalune","settlementType":"Town","type":"Town","isTerritory":false},"geometry":{"type":"Point","coordinates":[663,702]}},{"type":"Feature","properties":{"featureKind":"settlement-pin","province":"Astraevos","settlement":"Vaelunthir","name":"Vaelunthir","settlementId":"astraevos:Vaelunthir","pinId":"pin:astraevos:Vaelunthir","locationId":"location:astraevos:Vaelunthir","settlementType":"Capital City","type":"Capital City","isTerritory":false},"geometry":{"type":"Point","coordinates":[687,710]}},{"type":"Feature","properties":{"featureKind":"province-center-pin","province":"Bravelyn","name":"Bravelyn","color":"#F58231"},"geometry":{"type":"Point","coordinates":[1641.3924747090462,575.3378689338091]}},{"type":"Feature","properties":{"featureKind":"settlement-pin","province":"Bravelyn","settlement":"Loxvire","name":"Loxvire","settlementId":"bravelyn:Loxvire","pinId":"pin:bravelyn:Loxvire","locationId":"location:bravelyn:Loxvire","settlementType":"City","type":"City","isTerritory":false},"geometry":{"type":"Point","coordinates":[1596,588]}},{"type":"Feature","properties":{"featureKind":"settlement-pin","province":"Bravelyn","settlement":"Qasvire","name":"Qasvire","settlementId":"bravelyn:Qasvire","pinId":"pin:bravelyn:Qasvire","locationId":"location:bravelyn:Qasvire","settlementType":"City","type":"City","isTerritory":false},"geometry":{"type":"Point","coordinates":[1608,554]}},{"type":"Feature","properties":{"featureKind":"settlement-pin","province":"Bravelyn","settlement":"Qel'vorys","name":"Qel'vorys","settlementId":"bravelyn:Qel'vorys","pinId":"pin:bravelyn:Qel'vorys","locationId":"location:bravelyn:Qel'vorys","settlementType":"Town","type":"Town","isTerritory":false},"geometry":{"type":"Point","coordinates":[1580,562]}},{"type":"Feature","properties":{"featureKind":"territory-pin","province":"Bravelyn","settlement":"Qelvandra","name":"Qelvandra","settlementId":"bravelyn:Qelvandra","pinId":"pin:bravelyn:Qelvandra","locationId":"location:bravelyn:Qelvandra","settlementType":"City Territory","type":"City Territory","isTerritory":true},"geometry":{"type":"Point","coordinates":[1590,786]}},{"type":"Feature","properties":{"featureKind":"settlement-pin","province":"Bravelyn","settlement":"Soltharyn Basin","name":"Soltharyn Basin","settlementId":"bravelyn:Soltharyn Basin","pinId":"pin:bravelyn:Soltharyn Basin","locationId":"location:bravelyn:Soltharyn Basin","settlementType":"Village","type":"Village","isTerritory":false},"geometry":{"type":"Point","coordinates":[1656,552]}},{"type":"Feature","properties":{"featureKind":"settlement-pin","province":"Bravelyn","settlement":"Solthéra","name":"Solthéra","settlementId":"bravelyn:Solthéra","pinId":"pin:bravelyn:Solthéra","locationId":"location:bravelyn:Solthéra","settlementType":"Village","type":"Village","isTerritory":false},"geometry":{"type":"Point","coordinates":[1618,604]}},{"type":"Feature","properties":{"featureKind":"settlement-pin","province":"Bravelyn","settlement":"Solunéa","name":"Solunéa","settlementId":"bravelyn:Solunéa","pinId":"pin:bravelyn:Solunéa","locationId":"location:bravelyn:Solunéa","settlementType":"Village","type":"Village","isTerritory":false},"geometry":{"type":"Point","coordinates":[1696,556]}},{"type":"Feature","properties":{"featureKind":"settlement-pin","province":"Bravelyn","settlement":"Solvaryn","name":"Solvaryn","settlementId":"bravelyn:Solvaryn","pinId":"pin:bravelyn:Solvaryn","locationId":"location:bravelyn:Solvaryn","settlementType":"Capital City","type":"Capital City","isTerritory":false},"geometry":{"type":"Point","coordinates":[1666,574]}},{"type":"Feature","properties":{"featureKind":"settlement-pin","province":"Bravelyn","settlement":"Sundervale","name":"Sundervale","settlementId":"bravelyn:Sundervale","pinId":"pin:bravelyn:Sundervale","locationId":"location:bravelyn:Sundervale","settlementType":"Town","type":"Town","isTerritory":false},"geometry":{"type":"Point","coordinates":[1690,592]}},{"type":"Feature","properties":{"featureKind":"settlement-pin","province":"Bravelyn","settlement":"Xelvoryn","name":"Xelvoryn","settlementId":"bravelyn:Xelvoryn","pinId":"pin:bravelyn:Xelvoryn","locationId":"location:bravelyn:Xelvoryn","settlementType":"Town","type":"Town","isTerritory":false},"geometry":{"type":"Point","coordinates":[1630,580]}},{"type":"Feature","properties":{"featureKind":"province-center-pin","province":"Ceulrithan","name":"Ceulrithan","color":"#911EB4"},"geometry":{"type":"Point","coordinates":[1530.8846467439312,299.71578237941907]}},{"type":"Feature","properties":{"featureKind":"territory-pin","province":"Ceulrithan","settlement":"Cindrau","name":"Cindrau","settlementId":"ceulrithan:Cindrau","pinId":"pin:ceulrithan:Cindrau","locationId":"location:ceulrithan:Cindrau","settlementType":"City Territory","type":"City Territory","isTerritory":true},"geometry":{"type":"Point","coordinates":[1328,588]}},{"type":"Feature","properties":{"featureKind":"settlement-pin","province":"Ceulrithan","settlement":"Cindréa","name":"Cindréa","settlementId":"ceulrithan:Cindréa","pinId":"pin:ceulrithan:Cindréa","locationId":"location:ceulrithan:Cindréa","settlementType":"Town","type":"Town","isTerritory":false},"geometry":{"type":"Point","coordinates":[1504,330]}},{"type":"Feature","properties":{"featureKind":"settlement-pin","province":"Ceulrithan","settlement":"Faelith","name":"Faelith","settlementId":"ceulrithan:Faelith","pinId":"pin:ceulrithan:Faelith","locationId":"location:ceulrithan:Faelith","settlementType":"Town","type":"Town","isTerritory":false},"geometry":{"type":"Point","coordinates":[1566,272]}},{"type":"Feature","properties":{"featureKind":"settlement-pin","province":"Ceulrithan","settlement":"Gildri","name":"Gildri","settlementId":"ceulrithan:Gildri","pinId":"pin:ceulrithan:Gildri","locationId":"location:ceulrithan:Gildri","settlementType":"Capital City","type":"Capital City","isTerritory":false},"geometry":{"type":"Point","coordinates":[1532,350]}},{"type":"Feature","properties":{"featureKind":"settlement-pin","province":"Ceulrithan","settlement":"Qov'ei","name":"Qov'ei","settlementId":"ceulrithan:Qov'ei","pinId":"pin:ceulrithan:Qov'ei","locationId":"location:ceulrithan:Qov'ei","settlementType":"City","type":"City","isTerritory":false},"geometry":{"type":"Point","coordinates":[1614,318]}},{"type":"Feature","properties":{"featureKind":"settlement-pin","province":"Ceulrithan","settlement":"Rilvays","name":"Rilvays","settlementId":"ceulrithan:Rilvays","pinId":"pin:ceulrithan:Rilvays","locationId":"location:ceulrithan:Rilvays","settlementType":"Town","type":"Town","isTerritory":false},"geometry":{"type":"Point","coordinates":[1526,286]}},{"type":"Feature","properties":{"featureKind":"settlement-pin","province":"Ceulrithan","settlement":"Th’oyndor","name":"Th’oyndor","settlementId":"ceulrithan:Th’oyndor","pinId":"pin:ceulrithan:Th’oyndor","locationId":"location:ceulrithan:Th’oyndor","settlementType":"Village","type":"Village","isTerritory":false},"geometry":{"type":"Point","coordinates":[1554,306]}},{"type":"Feature","properties":{"featureKind":"settlement-pin","province":"Ceulrithan","settlement":"Turyne","name":"Turyne","settlementId":"ceulrithan:Turyne","pinId":"pin:ceulrithan:Turyne","locationId":"location:ceulrithan:Turyne","settlementType":"City","type":"City","isTerritory":false},"geometry":{"type":"Point","coordinates":[1586,306]}},{"type":"Feature","properties":{"featureKind":"settlement-pin","province":"Ceulrithan","settlement":"Vaelyssa","name":"Vaelyssa","settlementId":"ceulrithan:Vaelyssa","pinId":"pin:ceulrithan:Vaelyssa","locationId":"location:ceulrithan:Vaelyssa","settlementType":"Village","type":"Village","isTerritory":false},"geometry":{"type":"Point","coordinates":[1560,334]}},{"type":"Feature","properties":{"featureKind":"province-center-pin","province":"Drakmorren","name":"Drakmorren","color":"#46F0F0"},"geometry":{"type":"Point","coordinates":[1910.4704398439885,796.4891304457258]}},{"type":"Feature","properties":{"featureKind":"settlement-pin","province":"Drakmorren","settlement":"Elarûneth","name":"Elarûneth","settlementId":"drakmorren:Elarûneth","pinId":"pin:drakmorren:Elarûneth","locationId":"location:drakmorren:Elarûneth","settlementType":"Town","type":"Town","isTerritory":false},"geometry":{"type":"Point","coordinates":[1878,788]}},{"type":"Feature","properties":{"featureKind":"settlement-pin","province":"Drakmorren","settlement":"Fenwyrd","name":"Fenwyrd","settlementId":"drakmorren:Fenwyrd","pinId":"pin:drakmorren:Fenwyrd","locationId":"location:drakmorren:Fenwyrd","settlementType":"City","type":"City","isTerritory":false},"geometry":{"type":"Point","coordinates":[1854,792]}},{"type":"Feature","properties":{"featureKind":"settlement-pin","province":"Drakmorren","settlement":"Grimvald","name":"Grimvald","settlementId":"drakmorren:Grimvald","pinId":"pin:drakmorren:Grimvald","locationId":"location:drakmorren:Grimvald","settlementType":"Capital City","type":"Capital City","isTerritory":false},"geometry":{"type":"Point","coordinates":[1904,748]}},{"type":"Feature","properties":{"featureKind":"settlement-pin","province":"Drakmorren","settlement":"Heth'vára","name":"Heth'vára","settlementId":"drakmorren:Heth'vára","pinId":"pin:drakmorren:Heth'vára","locationId":"location:drakmorren:Heth'vára","settlementType":"Town","type":"Town","isTerritory":false},"geometry":{"type":"Point","coordinates":[1894,778]}},{"type":"Feature","properties":{"featureKind":"settlement-pin","province":"Drakmorren","settlement":"Kharrowfen","name":"Kharrowfen","settlementId":"drakmorren:Kharrowfen","pinId":"pin:drakmorren:Kharrowfen","locationId":"location:drakmorren:Kharrowfen","settlementType":"City","type":"City","isTerritory":false},"geometry":{"type":"Point","coordinates":[1954,742]}},{"type":"Feature","properties":{"featureKind":"settlement-pin","province":"Drakmorren","settlement":"Morvakar","name":"Morvakar","settlementId":"drakmorren:Morvakar","pinId":"pin:drakmorren:Morvakar","locationId":"location:drakmorren:Morvakar","settlementType":"Town","type":"Town","isTerritory":false},"geometry":{"type":"Point","coordinates":[1922,754]}},{"type":"Feature","properties":{"featureKind":"settlement-pin","province":"Drakmorren","settlement":"Myraléon","name":"Myraléon","settlementId":"drakmorren:Myraléon","pinId":"pin:drakmorren:Myraléon","locationId":"location:drakmorren:Myraléon","settlementType":"Village","type":"Village","isTerritory":false},"geometry":{"type":"Point","coordinates":[1912,778]}},{"type":"Feature","properties":{"featureKind":"settlement-pin","province":"Drakmorren","settlement":"Skarnfell","name":"Skarnfell","settlementId":"drakmorren:Skarnfell","pinId":"pin:drakmorren:Skarnfell","locationId":"location:drakmorren:Skarnfell","settlementType":"Village","type":"Village","isTerritory":false},"geometry":{"type":"Point","coordinates":[1876,768]}},{"type":"Feature","properties":{"featureKind":"settlement-pin","province":"Drakmorren","settlement":"Vaelorûn","name":"Vaelorûn","settlementId":"drakmorren:Vaelorûn","pinId":"pin:drakmorren:Vaelorûn","locationId":"location:drakmorren:Vaelorûn","settlementType":"Village","type":"Village","isTerritory":false},"geometry":{"type":"Point","coordinates":[1914,766]}},{"type":"Feature","properties":{"featureKind":"settlement-pin","province":"Drakmorren","settlement":"Vorakmar","name":"Vorakmar","settlementId":"drakmorren:Vorakmar","pinId":"pin:drakmorren:Vorakmar","locationId":"location:drakmorren:Vorakmar","settlementType":"City","type":"City","isTerritory":false},"geometry":{"type":"Point","coordinates":[1866,792]}},{"type":"Feature","properties":{"featureKind":"province-center-pin","province":"Earrorim","name":"Earrorim","color":"#F032E6"},"geometry":{"type":"Point","coordinates":[1464.1311579472615,598.4362283916806]}},{"type":"Feature","properties":{"featureKind":"settlement-pin","province":"Earrorim","settlement":"Glattonica","name":"Glattonica","settlementId":"earrorim:Glattonica","pinId":"pin:earrorim:Glattonica","locationId":"location:earrorim:Glattonica","settlementType":"Capital City","type":"Capital City","isTerritory":false},"geometry":{"type":"Point","coordinates":[1460,601]}},{"type":"Feature","properties":{"featureKind":"settlement-pin","province":"Earrorim","settlement":"Iciarene","name":"Iciarene","settlementId":"earrorim:Iciarene","pinId":"pin:earrorim:Iciarene","locationId":"location:earrorim:Iciarene","settlementType":"City","type":"City","isTerritory":false},"geometry":{"type":"Point","coordinates":[1472,625]}},{"type":"Feature","properties":{"featureKind":"settlement-pin","province":"Earrorim","settlement":"Myralûn","name":"Myralûn","settlementId":"earrorim:Myralûn","pinId":"pin:earrorim:Myralûn","locationId":"location:earrorim:Myralûn","settlementType":"Town","type":"Town","isTerritory":false},"geometry":{"type":"Point","coordinates":[1446,515]}},{"type":"Feature","properties":{"featureKind":"settlement-pin","province":"Earrorim","settlement":"Obriasos","name":"Obriasos","settlementId":"earrorim:Obriasos","pinId":"pin:earrorim:Obriasos","locationId":"location:earrorim:Obriasos","settlementType":"Town","type":"Town","isTerritory":false},"geometry":{"type":"Point","coordinates":[1500,617]}},{"type":"Feature","properties":{"featureKind":"settlement-pin","province":"Earrorim","settlement":"Solvyréa","name":"Solvyréa","settlementId":"earrorim:Solvyréa","pinId":"pin:earrorim:Solvyréa","locationId":"location:earrorim:Solvyréa","settlementType":"Village","type":"Village","isTerritory":false},"geometry":{"type":"Point","coordinates":[1454,627]}},{"type":"Feature","properties":{"featureKind":"settlement-pin","province":"Earrorim","settlement":"Ullunor","name":"Ullunor","settlementId":"earrorim:Ullunor","pinId":"pin:earrorim:Ullunor","locationId":"location:earrorim:Ullunor","settlementType":"City","type":"City","isTerritory":false},"geometry":{"type":"Point","coordinates":[1458,661]}},{"type":"Feature","properties":{"featureKind":"settlement-pin","province":"Earrorim","settlement":"Vaelynor","name":"Vaelynor","settlementId":"earrorim:Vaelynor","pinId":"pin:earrorim:Vaelynor","locationId":"location:earrorim:Vaelynor","settlementType":"Village","type":"Village","isTerritory":false},"geometry":{"type":"Point","coordinates":[1432,621]}},{"type":"Feature","properties":{"featureKind":"settlement-pin","province":"Earrorim","settlement":"Wagriolyn","name":"Wagriolyn","settlementId":"earrorim:Wagriolyn","pinId":"pin:earrorim:Wagriolyn","locationId":"location:earrorim:Wagriolyn","settlementType":"City","type":"City","isTerritory":false},"geometry":{"type":"Point","coordinates":[1432,581]}},{"type":"Feature","properties":{"featureKind":"settlement-pin","province":"Earrorim","settlement":"Wrasserah","name":"Wrasserah","settlementId":"earrorim:Wrasserah","pinId":"pin:earrorim:Wrasserah","locationId":"location:earrorim:Wrasserah","settlementType":"Town","type":"Town","isTerritory":false},"geometry":{"type":"Point","coordinates":[1434,547]}},{"type":"Feature","properties":{"featureKind":"province-center-pin","province":"El'dravire Riverrealm","name":"El'dravire Riverrealm","color":"#BCF60C"},"geometry":{"type":"Point","coordinates":[836.9048890141403,519.4922298489466]}},{"type":"Feature","properties":{"featureKind":"settlement-pin","province":"El'dravire Riverrealm","settlement":"Aelrúnor","name":"Aelrúnor","settlementId":"eldravire_riverrealm:Aelrúnor","pinId":"pin:eldravire_riverrealm:Aelrúnor","locationId":"location:eldravire_riverrealm:Aelrúnor","settlementType":"Town","type":"Town","isTerritory":false},"geometry":{"type":"Point","coordinates":[735,527]}},{"type":"Feature","properties":{"featureKind":"settlement-pin","province":"El'dravire Riverrealm","settlement":"Caelthyrûn","name":"Caelthyrûn","settlementId":"eldravire_riverrealm:Caelthyrûn","pinId":"pin:eldravire_riverrealm:Caelthyrûn","locationId":"location:eldravire_riverrealm:Caelthyrûn","settlementType":"Town","type":"Town","isTerritory":false},"geometry":{"type":"Point","coordinates":[787,527]}},{"type":"Feature","properties":{"featureKind":"settlement-pin","province":"El'dravire Riverrealm","settlement":"Cyréthar","name":"Cyréthar","settlementId":"eldravire_riverrealm:Cyréthar","pinId":"pin:eldravire_riverrealm:Cyréthar","locationId":"location:eldravire_riverrealm:Cyréthar","settlementType":"Town","type":"Town","isTerritory":false},"geometry":{"type":"Point","coordinates":[755,469]}},{"type":"Feature","properties":{"featureKind":"settlement-pin","province":"El'dravire Riverrealm","settlement":"Fael'ryss","name":"Fael'ryss","settlementId":"eldravire_riverrealm:Fael'ryss","pinId":"pin:eldravire_riverrealm:Fael'ryss","locationId":"location:eldravire_riverrealm:Fael'ryss","settlementType":"Town","type":"Town","isTerritory":false},"geometry":{"type":"Point","coordinates":[859,495]}},{"type":"Feature","properties":{"featureKind":"settlement-pin","province":"El'dravire Riverrealm","settlement":"Lorangriel","name":"Lorangriel","settlementId":"eldravire_riverrealm:Lorangriel","pinId":"pin:eldravire_riverrealm:Lorangriel","locationId":"location:eldravire_riverrealm:Lorangriel","settlementType":"Capital City","type":"Capital City","isTerritory":false},"geometry":{"type":"Point","coordinates":[793,483]}},{"type":"Feature","properties":{"featureKind":"settlement-pin","province":"El'dravire Riverrealm","settlement":"Maelvéra","name":"Maelvéra","settlementId":"eldravire_riverrealm:Maelvéra","pinId":"pin:eldravire_riverrealm:Maelvéra","locationId":"location:eldravire_riverrealm:Maelvéra","settlementType":"Village","type":"Village","isTerritory":false},"geometry":{"type":"Point","coordinates":[889,421]}},{"type":"Feature","properties":{"featureKind":"settlement-pin","province":"El'dravire Riverrealm","settlement":"Merrinthal","name":"Merrinthal","settlementId":"eldravire_riverrealm:Merrinthal","pinId":"pin:eldravire_riverrealm:Merrinthal","locationId":"location:eldravire_riverrealm:Merrinthal","settlementType":"City","type":"City","isTerritory":false},"geometry":{"type":"Point","coordinates":[887,473]}},{"type":"Feature","properties":{"featureKind":"settlement-pin","province":"El'dravire Riverrealm","settlement":"Murethash","name":"Murethash","settlementId":"eldravire_riverrealm:Murethash","pinId":"pin:eldravire_riverrealm:Murethash","locationId":"location:eldravire_riverrealm:Murethash","settlementType":"City","type":"City","isTerritory":false},"geometry":{"type":"Point","coordinates":[891,515]}},{"type":"Feature","properties":{"featureKind":"settlement-pin","province":"El'dravire Riverrealm","settlement":"Or'lythae","name":"Or'lythae","settlementId":"eldravire_riverrealm:Or'lythae","pinId":"pin:eldravire_riverrealm:Or'lythae","locationId":"location:eldravire_riverrealm:Or'lythae","settlementType":"Village","type":"Village","isTerritory":false},"geometry":{"type":"Point","coordinates":[761,505]}},{"type":"Feature","properties":{"featureKind":"settlement-pin","province":"El'dravire Riverrealm","settlement":"Thyralûn","name":"Thyralûn","settlementId":"eldravire_riverrealm:Thyralûn","pinId":"pin:eldravire_riverrealm:Thyralûn","locationId":"location:eldravire_riverrealm:Thyralûn","settlementType":"Village","type":"Village","isTerritory":false},"geometry":{"type":"Point","coordinates":[851,455]}},{"type":"Feature","properties":{"featureKind":"settlement-pin","province":"El'dravire Riverrealm","settlement":"Veloraskkis","name":"Veloraskkis","settlementId":"eldravire_riverrealm:Veloraskkis","pinId":"pin:eldravire_riverrealm:Veloraskkis","locationId":"location:eldravire_riverrealm:Veloraskkis","settlementType":"City","type":"City","isTerritory":false},"geometry":{"type":"Point","coordinates":[701,455]}},{"type":"Feature","properties":{"featureKind":"settlement-pin","province":"El'dravire Riverrealm","settlement":"Yi’vanyr","name":"Yi’vanyr","settlementId":"eldravire_riverrealm:Yi’vanyr","pinId":"pin:eldravire_riverrealm:Yi’vanyr","locationId":"location:eldravire_riverrealm:Yi’vanyr","settlementType":"City","type":"City","isTerritory":false},"geometry":{"type":"Point","coordinates":[849,529]}},{"type":"Feature","properties":{"featureKind":"province-center-pin","province":"Eldermere","name":"Eldermere","color":"#FABEBE"},"geometry":{"type":"Point","coordinates":[608.0547495580971,294.3322707236911]}},{"type":"Feature","properties":{"featureKind":"settlement-pin","province":"Eldermere","settlement":"Aelgrove","name":"Aelgrove","settlementId":"eldermere:Aelgrove","pinId":"pin:eldermere:Aelgrove","locationId":"location:eldermere:Aelgrove","settlementType":"City","type":"City","isTerritory":false},"geometry":{"type":"Point","coordinates":[554,305]}},{"type":"Feature","properties":{"featureKind":"territory-pin","province":"Eldermere","settlement":"Cloverfen","name":"Cloverfen","settlementId":"eldermere:Cloverfen","pinId":"pin:eldermere:Cloverfen","locationId":"location:eldermere:Cloverfen","settlementType":"Town Territory","type":"Town Territory","isTerritory":true},"geometry":{"type":"Point","coordinates":[603,441]}},{"type":"Feature","properties":{"featureKind":"territory-pin","province":"Eldermere","settlement":"Faelmere","name":"Faelmere","settlementId":"eldermere:Faelmere","pinId":"pin:eldermere:Faelmere","locationId":"location:eldermere:Faelmere","settlementType":"Town Territory","type":"Town Territory","isTerritory":true},"geometry":{"type":"Point","coordinates":[807,426]}},{"type":"Feature","properties":{"featureKind":"settlement-pin","province":"Eldermere","settlement":"Greenhollow Plains","name":"Greenhollow Plains","settlementId":"eldermere:Greenhollow Plains","pinId":"pin:eldermere:Greenhollow Plains","locationId":"location:eldermere:Greenhollow Plains","settlementType":"Village","type":"Village","isTerritory":false},"geometry":{"type":"Point","coordinates":[570,357]}},{"type":"Feature","properties":{"featureKind":"settlement-pin","province":"Eldermere","settlement":"Harvestmere","name":"Harvestmere","settlementId":"eldermere:Harvestmere","pinId":"pin:eldermere:Harvestmere","locationId":"location:eldermere:Harvestmere","settlementType":"Village","type":"Village","isTerritory":false},"geometry":{"type":"Point","coordinates":[560,337]}},{"type":"Feature","properties":{"featureKind":"settlement-pin","province":"Eldermere","settlement":"Lunebriar","name":"Lunebriar","settlementId":"eldermere:Lunebriar","pinId":"pin:eldermere:Lunebriar","locationId":"location:eldermere:Lunebriar","settlementType":"Village","type":"Village","isTerritory":false},"geometry":{"type":"Point","coordinates":[584,319]}},{"type":"Feature","properties":{"featureKind":"territory-pin","province":"Eldermere","settlement":"Mossvale","name":"Mossvale","settlementId":"eldermere:Mossvale","pinId":"pin:eldermere:Mossvale","locationId":"location:eldermere:Mossvale","settlementType":"Town Territory","type":"Town Territory","isTerritory":true},"geometry":{"type":"Point","coordinates":[687,381]}},{"type":"Feature","properties":{"featureKind":"territory-pin","province":"Eldermere","settlement":"Oakenshire","name":"Oakenshire","settlementId":"eldermere:Oakenshire","pinId":"pin:eldermere:Oakenshire","locationId":"location:eldermere:Oakenshire","settlementType":"City Territory","type":"City Territory","isTerritory":true},"geometry":{"type":"Point","coordinates":[246,681]}},{"type":"Feature","properties":{"featureKind":"territory-pin","province":"Eldermere","settlement":"Riverbloom","name":"Riverbloom","settlementId":"eldermere:Riverbloom","pinId":"pin:eldermere:Riverbloom","locationId":"location:eldermere:Riverbloom","settlementType":"City Territory","type":"City Territory","isTerritory":true},"geometry":{"type":"Point","coordinates":[732,375]}},{"type":"Feature","properties":{"featureKind":"settlement-pin","province":"Eldermere","settlement":"Sylvanreach","name":"Sylvanreach","settlementId":"eldermere:Sylvanreach","pinId":"pin:eldermere:Sylvanreach","locationId":"location:eldermere:Sylvanreach","settlementType":"Capital City","type":"Capital City","isTerritory":false},"geometry":{"type":"Point","coordinates":[586,331]}},{"type":"Feature","properties":{"featureKind":"province-center-pin","province":"Falthrakar","name":"Falthrakar","color":"#008080"},"geometry":{"type":"Point","coordinates":[837.1999433204782,919.9437138468384]}},{"type":"Feature","properties":{"featureKind":"settlement-pin","province":"Falthrakar","settlement":"Aelthéon","name":"Aelthéon","settlementId":"falthrakar:Aelthéon","pinId":"pin:falthrakar:Aelthéon","locationId":"location:falthrakar:Aelthéon","settlementType":"Town","type":"Town","isTerritory":false},"geometry":{"type":"Point","coordinates":[894,943]}},{"type":"Feature","properties":{"featureKind":"settlement-pin","province":"Falthrakar","settlement":"Brokharn","name":"Brokharn","settlementId":"falthrakar:Brokharn","pinId":"pin:falthrakar:Brokharn","locationId":"location:falthrakar:Brokharn","settlementType":"City","type":"City","isTerritory":false},"geometry":{"type":"Point","coordinates":[802,883]}},{"type":"Feature","properties":{"featureKind":"settlement-pin","province":"Falthrakar","settlement":"Caelvanna","name":"Caelvanna","settlementId":"falthrakar:Caelvanna","pinId":"pin:falthrakar:Caelvanna","locationId":"location:falthrakar:Caelvanna","settlementType":"Town","type":"Town","isTerritory":false},"geometry":{"type":"Point","coordinates":[936,877]}},{"type":"Feature","properties":{"featureKind":"settlement-pin","province":"Falthrakar","settlement":"Drae'vyris","name":"Drae'vyris","settlementId":"falthrakar:Drae'vyris","pinId":"pin:falthrakar:Drae'vyris","locationId":"location:falthrakar:Drae'vyris","settlementType":"Town","type":"Town","isTerritory":false},"geometry":{"type":"Point","coordinates":[918,939]}},{"type":"Feature","properties":{"featureKind":"settlement-pin","province":"Falthrakar","settlement":"Faeloria","name":"Faeloria","settlementId":"falthrakar:Faeloria","pinId":"pin:falthrakar:Faeloria","locationId":"location:falthrakar:Faeloria","settlementType":"Town","type":"Town","isTerritory":false},"geometry":{"type":"Point","coordinates":[892,899]}},{"type":"Feature","properties":{"featureKind":"settlement-pin","province":"Falthrakar","settlement":"Gorathkar","name":"Gorathkar","settlementId":"falthrakar:Gorathkar","pinId":"pin:falthrakar:Gorathkar","locationId":"location:falthrakar:Gorathkar","settlementType":"City","type":"City","isTerritory":false},"geometry":{"type":"Point","coordinates":[966,897]}},{"type":"Feature","properties":{"featureKind":"settlement-pin","province":"Falthrakar","settlement":"Lithvar","name":"Lithvar","settlementId":"falthrakar:Lithvar","pinId":"pin:falthrakar:Lithvar","locationId":"location:falthrakar:Lithvar","settlementType":"City","type":"City","isTerritory":false},"geometry":{"type":"Point","coordinates":[906,941]}},{"type":"Feature","properties":{"featureKind":"settlement-pin","province":"Falthrakar","settlement":"Mor'athéra","name":"Mor'athéra","settlementId":"falthrakar:Mor'athéra","pinId":"pin:falthrakar:Mor'athéra","locationId":"location:falthrakar:Mor'athéra","settlementType":"Village","type":"Village","isTerritory":false},"geometry":{"type":"Point","coordinates":[910,899]}},{"type":"Feature","properties":{"featureKind":"settlement-pin","province":"Falthrakar","settlement":"Nellvaris","name":"Nellvaris","settlementId":"falthrakar:Nellvaris","pinId":"pin:falthrakar:Nellvaris","locationId":"location:falthrakar:Nellvaris","settlementType":"Capital City","type":"Capital City","isTerritory":false},"geometry":{"type":"Point","coordinates":[866,887]}},{"type":"Feature","properties":{"featureKind":"settlement-pin","province":"Falthrakar","settlement":"Oryndéa","name":"Oryndéa","settlementId":"falthrakar:Oryndéa","pinId":"pin:falthrakar:Oryndéa","locationId":"location:falthrakar:Oryndéa","settlementType":"Village","type":"Village","isTerritory":false},"geometry":{"type":"Point","coordinates":[938,907]}},{"type":"Feature","properties":{"featureKind":"settlement-pin","province":"Falthrakar","settlement":"Thalyréss","name":"Thalyréss","settlementId":"falthrakar:Thalyréss","pinId":"pin:falthrakar:Thalyréss","locationId":"location:falthrakar:Thalyréss","settlementType":"Village","type":"Village","isTerritory":false},"geometry":{"type":"Point","coordinates":[890,887]}},{"type":"Feature","properties":{"featureKind":"province-center-pin","province":"Gruddirynn","name":"Gruddirynn","color":"#E6BEFF"},"geometry":{"type":"Point","coordinates":[1044.4708952530007,514.10377460554]}},{"type":"Feature","properties":{"featureKind":"settlement-pin","province":"Gruddirynn","settlement":"Aelvyréa","name":"Aelvyréa","settlementId":"gruddirynn:Aelvyréa","pinId":"pin:gruddirynn:Aelvyréa","locationId":"location:gruddirynn:Aelvyréa","settlementType":"Town","type":"Town","isTerritory":false},"geometry":{"type":"Point","coordinates":[1051,520]}},{"type":"Feature","properties":{"featureKind":"settlement-pin","province":"Gruddirynn","settlement":"Bleosianys","name":"Bleosianys","settlementId":"gruddirynn:Bleosianys","pinId":"pin:gruddirynn:Bleosianys","locationId":"location:gruddirynn:Bleosianys","settlementType":"City","type":"City","isTerritory":false},"geometry":{"type":"Point","coordinates":[1037,456]}},{"type":"Feature","properties":{"featureKind":"settlement-pin","province":"Gruddirynn","settlement":"Coravûn","name":"Coravûn","settlementId":"gruddirynn:Coravûn","pinId":"pin:gruddirynn:Coravûn","locationId":"location:gruddirynn:Coravûn","settlementType":"Town","type":"Town","isTerritory":false},"geometry":{"type":"Point","coordinates":[971,464]}},{"type":"Feature","properties":{"featureKind":"settlement-pin","province":"Gruddirynn","settlement":"Dravéssar","name":"Dravéssar","settlementId":"gruddirynn:Dravéssar","pinId":"pin:gruddirynn:Dravéssar","locationId":"location:gruddirynn:Dravéssar","settlementType":"Town","type":"Town","isTerritory":false},"geometry":{"type":"Point","coordinates":[1031,548]}},{"type":"Feature","properties":{"featureKind":"settlement-pin","province":"Gruddirynn","settlement":"Faeloryth","name":"Faeloryth","settlementId":"gruddirynn:Faeloryth","pinId":"pin:gruddirynn:Faeloryth","locationId":"location:gruddirynn:Faeloryth","settlementType":"Town","type":"Town","isTerritory":false},"geometry":{"type":"Point","coordinates":[951,430]}},{"type":"Feature","properties":{"featureKind":"settlement-pin","province":"Gruddirynn","settlement":"Morélyth","name":"Morélyth","settlementId":"gruddirynn:Morélyth","pinId":"pin:gruddirynn:Morélyth","locationId":"location:gruddirynn:Morélyth","settlementType":"Village","type":"Village","isTerritory":false},"geometry":{"type":"Point","coordinates":[1015,468]}},{"type":"Feature","properties":{"featureKind":"settlement-pin","province":"Gruddirynn","settlement":"Othéryn","name":"Othéryn","settlementId":"gruddirynn:Othéryn","pinId":"pin:gruddirynn:Othéryn","locationId":"location:gruddirynn:Othéryn","settlementType":"Village","type":"Village","isTerritory":false},"geometry":{"type":"Point","coordinates":[1091,532]}},{"type":"Feature","properties":{"featureKind":"settlement-pin","province":"Gruddirynn","settlement":"Sleakitika","name":"Sleakitika","settlementId":"gruddirynn:Sleakitika","pinId":"pin:gruddirynn:Sleakitika","locationId":"location:gruddirynn:Sleakitika","settlementType":"Capital City","type":"Capital City","isTerritory":false},"geometry":{"type":"Point","coordinates":[1035,490]}},{"type":"Feature","properties":{"featureKind":"settlement-pin","province":"Gruddirynn","settlement":"Umiotope","name":"Umiotope","settlementId":"gruddirynn:Umiotope","pinId":"pin:gruddirynn:Umiotope","locationId":"location:gruddirynn:Umiotope","settlementType":"City","type":"City","isTerritory":false},"geometry":{"type":"Point","coordinates":[1027,520]}},{"type":"Feature","properties":{"featureKind":"settlement-pin","province":"Gruddirynn","settlement":"Vaeloréss","name":"Vaeloréss","settlementId":"gruddirynn:Vaeloréss","pinId":"pin:gruddirynn:Vaeloréss","locationId":"location:gruddirynn:Vaeloréss","settlementType":"Village","type":"Village","isTerritory":false},"geometry":{"type":"Point","coordinates":[1027,434]}},{"type":"Feature","properties":{"featureKind":"settlement-pin","province":"Gruddirynn","settlement":"Wrobetopia","name":"Wrobetopia","settlementId":"gruddirynn:Wrobetopia","pinId":"pin:gruddirynn:Wrobetopia","locationId":"location:gruddirynn:Wrobetopia","settlementType":"City","type":"City","isTerritory":false},"geometry":{"type":"Point","coordinates":[1057,450]}},{"type":"Feature","properties":{"featureKind":"province-center-pin","province":"Iazethas","name":"Iazethas","color":"#9A6324"},"geometry":{"type":"Point","coordinates":[110.75835353504426,634.2977554916165]}},{"type":"Feature","properties":{"featureKind":"settlement-pin","province":"Iazethas","settlement":"Bleasacia","name":"Bleasacia","settlementId":"iazethas:Bleasacia","pinId":"pin:iazethas:Bleasacia","locationId":"location:iazethas:Bleasacia","settlementType":"City","type":"City","isTerritory":false},"geometry":{"type":"Point","coordinates":[42,600]}},{"type":"Feature","properties":{"featureKind":"settlement-pin","province":"Iazethas","settlement":"Cyr'ethael","name":"Cyr'ethael","settlementId":"iazethas:Cyr'ethael","pinId":"pin:iazethas:Cyr'ethael","locationId":"location:iazethas:Cyr'ethael","settlementType":"Town","type":"Town","isTerritory":false},"geometry":{"type":"Point","coordinates":[108,650]}},{"type":"Feature","properties":{"featureKind":"settlement-pin","province":"Iazethas","settlement":"Elaréth","name":"Elaréth","settlementId":"iazethas:Elaréth","pinId":"pin:iazethas:Elaréth","locationId":"location:iazethas:Elaréth","settlementType":"Town","type":"Town","isTerritory":false},"geometry":{"type":"Point","coordinates":[64,564]}},{"type":"Feature","properties":{"featureKind":"settlement-pin","province":"Iazethas","settlement":"Faelvyrûn","name":"Faelvyrûn","settlementId":"iazethas:Faelvyrûn","pinId":"pin:iazethas:Faelvyrûn","locationId":"location:iazethas:Faelvyrûn","settlementType":"Town","type":"Town","isTerritory":false},"geometry":{"type":"Point","coordinates":[124,596]}},{"type":"Feature","properties":{"featureKind":"settlement-pin","province":"Iazethas","settlement":"Leammipa","name":"Leammipa","settlementId":"iazethas:Leammipa","pinId":"pin:iazethas:Leammipa","locationId":"location:iazethas:Leammipa","settlementType":"City","type":"City","isTerritory":false},"geometry":{"type":"Point","coordinates":[36,670]}},{"type":"Feature","properties":{"featureKind":"settlement-pin","province":"Iazethas","settlement":"Mostrerah","name":"Mostrerah","settlementId":"iazethas:Mostrerah","pinId":"pin:iazethas:Mostrerah","locationId":"location:iazethas:Mostrerah","settlementType":"Capital City","type":"Capital City","isTerritory":false},"geometry":{"type":"Point","coordinates":[68,622]}},{"type":"Feature","properties":{"featureKind":"settlement-pin","province":"Iazethas","settlement":"Myr'ethûn","name":"Myr'ethûn","settlementId":"iazethas:Myr'ethûn","pinId":"pin:iazethas:Myr'ethûn","locationId":"location:iazethas:Myr'ethûn","settlementType":"Village","type":"Village","isTerritory":false},"geometry":{"type":"Point","coordinates":[184,596]}},{"type":"Feature","properties":{"featureKind":"settlement-pin","province":"Iazethas","settlement":"Pokbith","name":"Pokbith","settlementId":"iazethas:Pokbith","pinId":"pin:iazethas:Pokbith","locationId":"location:iazethas:Pokbith","settlementType":"Village","type":"Village","isTerritory":false},"geometry":{"type":"Point","coordinates":[176,656]}},{"type":"Feature","properties":{"featureKind":"settlement-pin","province":"Iazethas","settlement":"Streccea","name":"Streccea","settlementId":"iazethas:Streccea","pinId":"pin:iazethas:Streccea","locationId":"location:iazethas:Streccea","settlementType":"City","type":"City","isTerritory":false},"geometry":{"type":"Point","coordinates":[126,562]}},{"type":"Feature","properties":{"featureKind":"settlement-pin","province":"Iazethas","settlement":"Vaeloris Greenlands","name":"Vaeloris Greenlands","settlementId":"iazethas:Vaeloris Greenlands","pinId":"pin:iazethas:Vaeloris Greenlands","locationId":"location:iazethas:Vaeloris Greenlands","settlementType":"Village","type":"Village","isTerritory":false},"geometry":{"type":"Point","coordinates":[156,706]}},{"type":"Feature","properties":{"featureKind":"province-center-pin","province":"Jor’maelis","name":"Jor’maelis","color":"#FFFAC8"},"geometry":{"type":"Point","coordinates":[190.74590168746496,147.31483107556778]}},{"type":"Feature","properties":{"featureKind":"settlement-pin","province":"Jor’maelis","settlement":"Caelorynth","name":"Caelorynth","settlementId":"jormaelis:Caelorynth","pinId":"pin:jormaelis:Caelorynth","locationId":"location:jormaelis:Caelorynth","settlementType":"Town","type":"Town","isTerritory":false},"geometry":{"type":"Point","coordinates":[64,226]}},{"type":"Feature","properties":{"featureKind":"settlement-pin","province":"Jor’maelis","settlement":"Cyravûn","name":"Cyravûn","settlementId":"jormaelis:Cyravûn","pinId":"pin:jormaelis:Cyravûn","locationId":"location:jormaelis:Cyravûn","settlementType":"Town","type":"Town","isTerritory":false},"geometry":{"type":"Point","coordinates":[90,132]}},{"type":"Feature","properties":{"featureKind":"settlement-pin","province":"Jor’maelis","settlement":"Ish’voryk","name":"Ish’voryk","settlementId":"jormaelis:Ish’voryk","pinId":"pin:jormaelis:Ish’voryk","locationId":"location:jormaelis:Ish’voryk","settlementType":"Town","type":"Town","isTerritory":false},"geometry":{"type":"Point","coordinates":[156,60]}},{"type":"Feature","properties":{"featureKind":"settlement-pin","province":"Jor’maelis","settlement":"Li’mioreimn","name":"Li’mioreimn","settlementId":"jormaelis:Li’mioreimn","pinId":"pin:jormaelis:Li’mioreimn","locationId":"location:jormaelis:Li’mioreimn","settlementType":"City","type":"City","isTerritory":false},"geometry":{"type":"Point","coordinates":[206,82]}},{"type":"Feature","properties":{"featureKind":"settlement-pin","province":"Jor’maelis","settlement":"Lythéra","name":"Lythéra","settlementId":"jormaelis:Lythéra","pinId":"pin:jormaelis:Lythéra","locationId":"location:jormaelis:Lythéra","settlementType":"Village","type":"Village","isTerritory":false},"geometry":{"type":"Point","coordinates":[328,168]}},{"type":"Feature","properties":{"featureKind":"settlement-pin","province":"Jor’maelis","settlement":"Meadowlight Expanse","name":"Meadowlight Expanse","settlementId":"jormaelis:Meadowlight Expanse","pinId":"pin:jormaelis:Meadowlight Expanse","locationId":"location:jormaelis:Meadowlight Expanse","settlementType":"Town","type":"Town","isTerritory":false},"geometry":{"type":"Point","coordinates":[290,140]}},{"type":"Feature","properties":{"featureKind":"settlement-pin","province":"Jor’maelis","settlement":"Mossirueth","name":"Mossirueth","settlementId":"jormaelis:Mossirueth","pinId":"pin:jormaelis:Mossirueth","locationId":"location:jormaelis:Mossirueth","settlementType":"Capital City","type":"Capital City","isTerritory":false},"geometry":{"type":"Point","coordinates":[222,218]}},{"type":"Feature","properties":{"featureKind":"settlement-pin","province":"Jor’maelis","settlement":"Nyr'thalor","name":"Nyr'thalor","settlementId":"jormaelis:Nyr'thalor","pinId":"pin:jormaelis:Nyr'thalor","locationId":"location:jormaelis:Nyr'thalor","settlementType":"Village","type":"Village","isTerritory":false},"geometry":{"type":"Point","coordinates":[230,184]}},{"type":"Feature","properties":{"featureKind":"settlement-pin","province":"Jor’maelis","settlement":"Rnzeuluun","name":"Rnzeuluun","settlementId":"jormaelis:Rnzeuluun","pinId":"pin:jormaelis:Rnzeuluun","locationId":"location:jormaelis:Rnzeuluun","settlementType":"City","type":"City","isTerritory":false},"geometry":{"type":"Point","coordinates":[220,120]}},{"type":"Feature","properties":{"featureKind":"settlement-pin","province":"Jor’maelis","settlement":"Thyraléa","name":"Thyraléa","settlementId":"jormaelis:Thyraléa","pinId":"pin:jormaelis:Thyraléa","locationId":"location:jormaelis:Thyraléa","settlementType":"Village","type":"Village","isTerritory":false},"geometry":{"type":"Point","coordinates":[148,156]}},{"type":"Feature","properties":{"featureKind":"settlement-pin","province":"Jor’maelis","settlement":"Utch’myrith","name":"Utch’myrith","settlementId":"jormaelis:Utch’myrith","pinId":"pin:jormaelis:Utch’myrith","locationId":"location:jormaelis:Utch’myrith","settlementType":"City","type":"City","isTerritory":false},"geometry":{"type":"Point","coordinates":[126,184]}},{"type":"Feature","properties":{"featureKind":"settlement-pin","province":"Jor’maelis","settlement":"Yire’thaulor","name":"Yire’thaulor","settlementId":"jormaelis:Yire’thaulor","pinId":"pin:jormaelis:Yire’thaulor","locationId":"location:jormaelis:Yire’thaulor","settlementType":"City","type":"City","isTerritory":false},"geometry":{"type":"Point","coordinates":[262,120]}},{"type":"Feature","properties":{"featureKind":"settlement-pin","province":"Jor’maelis","settlement":"Éryndor","name":"Éryndor","settlementId":"jormaelis:Éryndor","pinId":"pin:jormaelis:Éryndor","locationId":"location:jormaelis:Éryndor","settlementType":"Village","type":"Village","isTerritory":false},"geometry":{"type":"Point","coordinates":[138,292]}},{"type":"Feature","properties":{"featureKind":"province-center-pin","province":"Kaelvorrin","name":"Kaelvorrin","color":"#800000"},"geometry":{"type":"Point","coordinates":[1739.903505976206,242.51864760786816]}},{"type":"Feature","properties":{"featureKind":"settlement-pin","province":"Kaelvorrin","settlement":"Dunvyr","name":"Dunvyr","settlementId":"kaelvorrin:Dunvyr","pinId":"pin:kaelvorrin:Dunvyr","locationId":"location:kaelvorrin:Dunvyr","settlementType":"Capital City","type":"Capital City","isTerritory":false},"geometry":{"type":"Point","coordinates":[1737,292]}},{"type":"Feature","properties":{"featureKind":"settlement-pin","province":"Kaelvorrin","settlement":"Heths’ther","name":"Heths’ther","settlementId":"kaelvorrin:Heths’ther","pinId":"pin:kaelvorrin:Heths’ther","locationId":"location:kaelvorrin:Heths’ther","settlementType":"Town","type":"Town","isTerritory":false},"geometry":{"type":"Point","coordinates":[1739,244]}},{"type":"Feature","properties":{"featureKind":"settlement-pin","province":"Kaelvorrin","settlement":"Kael'vyrûn","name":"Kael'vyrûn","settlementId":"kaelvorrin:Kael'vyrûn","pinId":"pin:kaelvorrin:Kael'vyrûn","locationId":"location:kaelvorrin:Kael'vyrûn","settlementType":"City","type":"City","isTerritory":false},"geometry":{"type":"Point","coordinates":[1703,264]}},{"type":"Feature","properties":{"featureKind":"settlement-pin","province":"Kaelvorrin","settlement":"Mistval","name":"Mistval","settlementId":"kaelvorrin:Mistval","pinId":"pin:kaelvorrin:Mistval","locationId":"location:kaelvorrin:Mistval","settlementType":"City","type":"City","isTerritory":false},"geometry":{"type":"Point","coordinates":[1779,250]}},{"type":"Feature","properties":{"featureKind":"territory-pin","province":"Kaelvorrin","settlement":"Myrathéa","name":"Myrathéa","settlementId":"kaelvorrin:Myrathéa","pinId":"pin:kaelvorrin:Myrathéa","locationId":"location:kaelvorrin:Myrathéa","settlementType":"Town Territory","type":"Town Territory","isTerritory":true},"geometry":{"type":"Point","coordinates":[1831,366]}},{"type":"Feature","properties":{"featureKind":"territory-pin","province":"Kaelvorrin","settlement":"Silver Véil","name":"Silver Véil","settlementId":"kaelvorrin:Silver Véil","pinId":"pin:kaelvorrin:Silver Véil","locationId":"location:kaelvorrin:Silver Véil","settlementType":"Town Territory","type":"Town Territory","isTerritory":true},"geometry":{"type":"Point","coordinates":[1534,57]}},{"type":"Feature","properties":{"featureKind":"settlement-pin","province":"Kaelvorrin","settlement":"Silverwake","name":"Silverwake","settlementId":"kaelvorrin:Silverwake","pinId":"pin:kaelvorrin:Silverwake","locationId":"location:kaelvorrin:Silverwake","settlementType":"City","type":"City","isTerritory":false},"geometry":{"type":"Point","coordinates":[1771,212]}},{"type":"Feature","properties":{"featureKind":"settlement-pin","province":"Kaelvorrin","settlement":"Thal'ryssûn","name":"Thal'ryssûn","settlementId":"kaelvorrin:Thal'ryssûn","pinId":"pin:kaelvorrin:Thal'ryssûn","locationId":"location:kaelvorrin:Thal'ryssûn","settlementType":"Village","type":"Village","isTerritory":false},"geometry":{"type":"Point","coordinates":[1765,276]}},{"type":"Feature","properties":{"featureKind":"settlement-pin","province":"Kaelvorrin","settlement":"Velunéth","name":"Velunéth","settlementId":"kaelvorrin:Velunéth","pinId":"pin:kaelvorrin:Velunéth","locationId":"location:kaelvorrin:Velunéth","settlementType":"Village","type":"Village","isTerritory":false},"geometry":{"type":"Point","coordinates":[1785,278]}},{"type":"Feature","properties":{"featureKind":"province-center-pin","province":"Kharvathen","name":"Kharvathen","color":"#AAFFC3"},"geometry":{"type":"Point","coordinates":[1289.6698714119852,340.465880114227]}},{"type":"Feature","properties":{"featureKind":"settlement-pin","province":"Kharvathen","settlement":"Dorghalun","name":"Dorghalun","settlementId":"kharvathen:Dorghalun","pinId":"pin:kharvathen:Dorghalun","locationId":"location:kharvathen:Dorghalun","settlementType":"City","type":"City","isTerritory":false},"geometry":{"type":"Point","coordinates":[1285,342]}},{"type":"Feature","properties":{"featureKind":"settlement-pin","province":"Kharvathen","settlement":"Draskminn","name":"Draskminn","settlementId":"kharvathen:Draskminn","pinId":"pin:kharvathen:Draskminn","locationId":"location:kharvathen:Draskminn","settlementType":"Town","type":"Town","isTerritory":false},"geometry":{"type":"Point","coordinates":[1285,396]}},{"type":"Feature","properties":{"featureKind":"settlement-pin","province":"Kharvathen","settlement":"Greybriar","name":"Greybriar","settlementId":"kharvathen:Greybriar","pinId":"pin:kharvathen:Greybriar","locationId":"location:kharvathen:Greybriar","settlementType":"City","type":"City","isTerritory":false},"geometry":{"type":"Point","coordinates":[1317,320]}},{"type":"Feature","properties":{"featureKind":"settlement-pin","province":"Kharvathen","settlement":"Ironwood","name":"Ironwood","settlementId":"kharvathen:Ironwood","pinId":"pin:kharvathen:Ironwood","locationId":"location:kharvathen:Ironwood","settlementType":"City","type":"City","isTerritory":false},"geometry":{"type":"Point","coordinates":[1263,310]}},{"type":"Feature","properties":{"featureKind":"settlement-pin","province":"Kharvathen","settlement":"Kharzund","name":"Kharzund","settlementId":"kharvathen:Kharzund","pinId":"pin:kharvathen:Kharzund","locationId":"location:kharvathen:Kharzund","settlementType":"Capital City","type":"Capital City","isTerritory":false},"geometry":{"type":"Point","coordinates":[1263,368]}},{"type":"Feature","properties":{"featureKind":"settlement-pin","province":"Kharvathen","settlement":"Lorath","name":"Lorath","settlementId":"kharvathen:Lorath","pinId":"pin:kharvathen:Lorath","locationId":"location:kharvathen:Lorath","settlementType":"Village","type":"Village","isTerritory":false},"geometry":{"type":"Point","coordinates":[1313,362]}},{"type":"Feature","properties":{"featureKind":"settlement-pin","province":"Kharvathen","settlement":"Rivenwild","name":"Rivenwild","settlementId":"kharvathen:Rivenwild","pinId":"pin:kharvathen:Rivenwild","locationId":"location:kharvathen:Rivenwild","settlementType":"Village","type":"Village","isTerritory":false},"geometry":{"type":"Point","coordinates":[1247,338]}},{"type":"Feature","properties":{"featureKind":"settlement-pin","province":"Kharvathen","settlement":"Thornbreak","name":"Thornbreak","settlementId":"kharvathen:Thornbreak","pinId":"pin:kharvathen:Thornbreak","locationId":"location:kharvathen:Thornbreak","settlementType":"Town","type":"Town","isTerritory":false},"geometry":{"type":"Point","coordinates":[1289,318]}},{"type":"Feature","properties":{"featureKind":"settlement-pin","province":"Kharvathen","settlement":"Zarveng","name":"Zarveng","settlementId":"kharvathen:Zarveng","pinId":"pin:kharvathen:Zarveng","locationId":"location:kharvathen:Zarveng","settlementType":"Town","type":"Town","isTerritory":false},"geometry":{"type":"Point","coordinates":[1301,332]}},{"type":"Feature","properties":{"featureKind":"province-center-pin","province":"Khorvaak","name":"Khorvaak","color":"#808000"},"geometry":{"type":"Point","coordinates":[1971.7494313237958,514.5881986546956]}},{"type":"Feature","properties":{"featureKind":"settlement-pin","province":"Khorvaak","settlement":"Bloodmire","name":"Bloodmire","settlementId":"khorvaak:Bloodmire","pinId":"pin:khorvaak:Bloodmire","locationId":"location:khorvaak:Bloodmire","settlementType":"City","type":"City","isTerritory":false},"geometry":{"type":"Point","coordinates":[1923,508]}},{"type":"Feature","properties":{"featureKind":"territory-pin","province":"Khorvaak","settlement":"Cyraléth","name":"Cyraléth","settlementId":"khorvaak:Cyraléth","pinId":"pin:khorvaak:Cyraléth","locationId":"location:khorvaak:Cyraléth","settlementType":"City Territory","type":"City Territory","isTerritory":true},"geometry":{"type":"Point","coordinates":[1622,948]}},{"type":"Feature","properties":{"featureKind":"settlement-pin","province":"Khorvaak","settlement":"Khazovar","name":"Khazovar","settlementId":"khorvaak:Khazovar","pinId":"pin:khorvaak:Khazovar","locationId":"location:khorvaak:Khazovar","settlementType":"City","type":"City","isTerritory":false},"geometry":{"type":"Point","coordinates":[1971,458]}},{"type":"Feature","properties":{"featureKind":"settlement-pin","province":"Khorvaak","settlement":"Lunoréa","name":"Lunoréa","settlementId":"khorvaak:Lunoréa","pinId":"pin:khorvaak:Lunoréa","locationId":"location:khorvaak:Lunoréa","settlementType":"Town","type":"Town","isTerritory":false},"geometry":{"type":"Point","coordinates":[1997,502]}},{"type":"Feature","properties":{"featureKind":"settlement-pin","province":"Khorvaak","settlement":"Norevûn","name":"Norevûn","settlementId":"khorvaak:Norevûn","pinId":"pin:khorvaak:Norevûn","locationId":"location:khorvaak:Norevûn","settlementType":"Town","type":"Town","isTerritory":false},"geometry":{"type":"Point","coordinates":[1943,478]}},{"type":"Feature","properties":{"featureKind":"settlement-pin","province":"Khorvaak","settlement":"Thaléssar","name":"Thaléssar","settlementId":"khorvaak:Thaléssar","pinId":"pin:khorvaak:Thaléssar","locationId":"location:khorvaak:Thaléssar","settlementType":"Village","type":"Village","isTerritory":false},"geometry":{"type":"Point","coordinates":[1969,542]}},{"type":"Feature","properties":{"featureKind":"settlement-pin","province":"Khorvaak","settlement":"Vorathûn","name":"Vorathûn","settlementId":"khorvaak:Vorathûn","pinId":"pin:khorvaak:Vorathûn","locationId":"location:khorvaak:Vorathûn","settlementType":"Capital City","type":"Capital City","isTerritory":false},"geometry":{"type":"Point","coordinates":[1957,510]}},{"type":"Feature","properties":{"featureKind":"settlement-pin","province":"Khorvaak","settlement":"Vyraléth","name":"Vyraléth","settlementId":"khorvaak:Vyraléth","pinId":"pin:khorvaak:Vyraléth","locationId":"location:khorvaak:Vyraléth","settlementType":"Village","type":"Village","isTerritory":false},"geometry":{"type":"Point","coordinates":[1987,480]}},{"type":"Feature","properties":{"featureKind":"settlement-pin","province":"Khorvaak","settlement":"Élarwyn","name":"Élarwyn","settlementId":"khorvaak:Élarwyn","pinId":"pin:khorvaak:Élarwyn","locationId":"location:khorvaak:Élarwyn","settlementType":"Town","type":"Town","isTerritory":false},"geometry":{"type":"Point","coordinates":[1979,468]}},{"type":"Feature","properties":{"featureKind":"province-center-pin","province":"Lun’tharavé","name":"Lun’tharavé","color":"#FFD8B1"},"geometry":{"type":"Point","coordinates":[491.4859300688208,552.0585853894131]}},{"type":"Feature","properties":{"featureKind":"settlement-pin","province":"Lun’tharavé","settlement":"Auralisthra","name":"Auralisthra","settlementId":"luntharave:Auralisthra","pinId":"pin:luntharave:Auralisthra","locationId":"location:luntharave:Auralisthra","settlementType":"Capital City","type":"Capital City","isTerritory":false},"geometry":{"type":"Point","coordinates":[513,591]}},{"type":"Feature","properties":{"featureKind":"settlement-pin","province":"Lun’tharavé","settlement":"Caelunor","name":"Caelunor","settlementId":"luntharave:Caelunor","pinId":"pin:luntharave:Caelunor","locationId":"location:luntharave:Caelunor","settlementType":"Town","type":"Town","isTerritory":false},"geometry":{"type":"Point","coordinates":[465,539]}},{"type":"Feature","properties":{"featureKind":"settlement-pin","province":"Lun’tharavé","settlement":"Lun'varae","name":"Lun'varae","settlementId":"luntharave:Lun'varae","pinId":"pin:luntharave:Lun'varae","locationId":"location:luntharave:Lun'varae","settlementType":"Town","type":"Town","isTerritory":false},"geometry":{"type":"Point","coordinates":[533,581]}},{"type":"Feature","properties":{"featureKind":"settlement-pin","province":"Lun’tharavé","settlement":"Lunathéa","name":"Lunathéa","settlementId":"luntharave:Lunathéa","pinId":"pin:luntharave:Lunathéa","locationId":"location:luntharave:Lunathéa","settlementType":"Village","type":"Village","isTerritory":false},"geometry":{"type":"Point","coordinates":[499,617]}},{"type":"Feature","properties":{"featureKind":"settlement-pin","province":"Lun’tharavé","settlement":"Lunavéss","name":"Lunavéss","settlementId":"luntharave:Lunavéss","pinId":"pin:luntharave:Lunavéss","locationId":"location:luntharave:Lunavéss","settlementType":"Village","type":"Village","isTerritory":false},"geometry":{"type":"Point","coordinates":[527,563]}},{"type":"Feature","properties":{"featureKind":"settlement-pin","province":"Lun’tharavé","settlement":"Lunévaris","name":"Lunévaris","settlementId":"luntharave:Lunévaris","pinId":"pin:luntharave:Lunévaris","locationId":"location:luntharave:Lunévaris","settlementType":"Village","type":"Village","isTerritory":false},"geometry":{"type":"Point","coordinates":[513,577]}},{"type":"Feature","properties":{"featureKind":"settlement-pin","province":"Lun’tharavé","settlement":"Neruvéa","name":"Neruvéa","settlementId":"luntharave:Neruvéa","pinId":"pin:luntharave:Neruvéa","locationId":"location:luntharave:Neruvéa","settlementType":"Town","type":"Town","isTerritory":false},"geometry":{"type":"Point","coordinates":[525,591]}},{"type":"Feature","properties":{"featureKind":"settlement-pin","province":"Lun’tharavé","settlement":"Seralun","name":"Seralun","settlementId":"luntharave:Seralun","pinId":"pin:luntharave:Seralun","locationId":"location:luntharave:Seralun","settlementType":"City","type":"City","isTerritory":false},"geometry":{"type":"Point","coordinates":[533,627]}},{"type":"Feature","properties":{"featureKind":"settlement-pin","province":"Lun’tharavé","settlement":"Sylmaris","name":"Sylmaris","settlementId":"luntharave:Sylmaris","pinId":"pin:luntharave:Sylmaris","locationId":"location:luntharave:Sylmaris","settlementType":"City","type":"City","isTerritory":false},"geometry":{"type":"Point","coordinates":[493,569]}},{"type":"Feature","properties":{"featureKind":"settlement-pin","province":"Lun’tharavé","settlement":"Vireluna","name":"Vireluna","settlementId":"luntharave:Vireluna","pinId":"pin:luntharave:Vireluna","locationId":"location:luntharave:Vireluna","settlementType":"City","type":"City","isTerritory":false},"geometry":{"type":"Point","coordinates":[459,575]}},{"type":"Feature","properties":{"featureKind":"province-center-pin","province":"Marrowynd","name":"Marrowynd","color":"#000075"},"geometry":{"type":"Point","coordinates":[887.8268153051228,178.11683483104568]}},{"type":"Feature","properties":{"featureKind":"settlement-pin","province":"Marrowynd","settlement":"Blacktide Reach","name":"Blacktide Reach","settlementId":"marrowynd:Blacktide Reach","pinId":"pin:marrowynd:Blacktide Reach","locationId":"location:marrowynd:Blacktide Reach","settlementType":"City","type":"City","isTerritory":false},"geometry":{"type":"Point","coordinates":[913,238]}},{"type":"Feature","properties":{"featureKind":"settlement-pin","province":"Marrowynd","settlement":"Cindervale Coast","name":"Cindervale Coast","settlementId":"marrowynd:Cindervale Coast","pinId":"pin:marrowynd:Cindervale Coast","locationId":"location:marrowynd:Cindervale Coast","settlementType":"Town","type":"Town","isTerritory":false},"geometry":{"type":"Point","coordinates":[881,250]}},{"type":"Feature","properties":{"featureKind":"settlement-pin","province":"Marrowynd","settlement":"Kharrowport","name":"Kharrowport","settlementId":"marrowynd:Kharrowport","pinId":"pin:marrowynd:Kharrowport","locationId":"location:marrowynd:Kharrowport","settlementType":"Town","type":"Town","isTerritory":false},"geometry":{"type":"Point","coordinates":[873,218]}},{"type":"Feature","properties":{"featureKind":"settlement-pin","province":"Marrowynd","settlement":"Myrkwake","name":"Myrkwake","settlementId":"marrowynd:Myrkwake","pinId":"pin:marrowynd:Myrkwake","locationId":"location:marrowynd:Myrkwake","settlementType":"Town","type":"Town","isTerritory":false},"geometry":{"type":"Point","coordinates":[907,120]}},{"type":"Feature","properties":{"featureKind":"settlement-pin","province":"Marrowynd","settlement":"Orinthéa","name":"Orinthéa","settlementId":"marrowynd:Orinthéa","pinId":"pin:marrowynd:Orinthéa","locationId":"location:marrowynd:Orinthéa","settlementType":"Village","type":"Village","isTerritory":false},"geometry":{"type":"Point","coordinates":[937,136]}},{"type":"Feature","properties":{"featureKind":"settlement-pin","province":"Marrowynd","settlement":"Seawynd Hollow","name":"Seawynd Hollow","settlementId":"marrowynd:Seawynd Hollow","pinId":"pin:marrowynd:Seawynd Hollow","locationId":"location:marrowynd:Seawynd Hollow","settlementType":"City","type":"City","isTerritory":false},"geometry":{"type":"Point","coordinates":[901,258]}},{"type":"Feature","properties":{"featureKind":"settlement-pin","province":"Marrowynd","settlement":"Shadewharf","name":"Shadewharf","settlementId":"marrowynd:Shadewharf","pinId":"pin:marrowynd:Shadewharf","locationId":"location:marrowynd:Shadewharf","settlementType":"Village","type":"Village","isTerritory":false},"geometry":{"type":"Point","coordinates":[891,222]}},{"type":"Feature","properties":{"featureKind":"settlement-pin","province":"Marrowynd","settlement":"Stormharrow","name":"Stormharrow","settlementId":"marrowynd:Stormharrow","pinId":"pin:marrowynd:Stormharrow","locationId":"location:marrowynd:Stormharrow","settlementType":"Capital City","type":"Capital City","isTerritory":false},"geometry":{"type":"Point","coordinates":[897,242]}},{"type":"Feature","properties":{"featureKind":"settlement-pin","province":"Marrowynd","settlement":"Thalmerrow","name":"Thalmerrow","settlementId":"marrowynd:Thalmerrow","pinId":"pin:marrowynd:Thalmerrow","locationId":"location:marrowynd:Thalmerrow","settlementType":"City","type":"City","isTerritory":false},"geometry":{"type":"Point","coordinates":[875,232]}},{"type":"Feature","properties":{"featureKind":"settlement-pin","province":"Marrowynd","settlement":"Thyrévara","name":"Thyrévara","settlementId":"marrowynd:Thyrévara","pinId":"pin:marrowynd:Thyrévara","locationId":"location:marrowynd:Thyrévara","settlementType":"Village","type":"Village","isTerritory":false},"geometry":{"type":"Point","coordinates":[939,170]}},{"type":"Feature","properties":{"featureKind":"settlement-pin","province":"Marrowynd","settlement":"Vaelshore","name":"Vaelshore","settlementId":"marrowynd:Vaelshore","pinId":"pin:marrowynd:Vaelshore","locationId":"location:marrowynd:Vaelshore","settlementType":"Town","type":"Town","isTerritory":false},"geometry":{"type":"Point","coordinates":[919,252]}},{"type":"Feature","properties":{"featureKind":"province-center-pin","province":"Nalvessir","name":"Nalvessir","color":"#808080"},"geometry":{"type":"Point","coordinates":[360.34961493871225,682.6845880246085]}},{"type":"Feature","properties":{"featureKind":"settlement-pin","province":"Nalvessir","settlement":"Balmire","name":"Balmire","settlementId":"nalvessir:Balmire","pinId":"pin:nalvessir:Balmire","locationId":"location:nalvessir:Balmire","settlementType":"Town","type":"Town","isTerritory":false},"geometry":{"type":"Point","coordinates":[291,693]}},{"type":"Feature","properties":{"featureKind":"settlement-pin","province":"Nalvessir","settlement":"Bentharys","name":"Bentharys","settlementId":"nalvessir:Bentharys","pinId":"pin:nalvessir:Bentharys","locationId":"location:nalvessir:Bentharys","settlementType":"Town","type":"Town","isTerritory":false},"geometry":{"type":"Point","coordinates":[375,733]}},{"type":"Feature","properties":{"featureKind":"settlement-pin","province":"Nalvessir","settlement":"Briarwater","name":"Briarwater","settlementId":"nalvessir:Briarwater","pinId":"pin:nalvessir:Briarwater","locationId":"location:nalvessir:Briarwater","settlementType":"City","type":"City","isTerritory":false},"geometry":{"type":"Point","coordinates":[383,763]}},{"type":"Feature","properties":{"featureKind":"settlement-pin","province":"Nalvessir","settlement":"Frostfen","name":"Frostfen","settlementId":"nalvessir:Frostfen","pinId":"pin:nalvessir:Frostfen","locationId":"location:nalvessir:Frostfen","settlementType":"Village","type":"Village","isTerritory":false},"geometry":{"type":"Point","coordinates":[357,749]}},{"type":"Feature","properties":{"featureKind":"settlement-pin","province":"Nalvessir","settlement":"Greenmire","name":"Greenmire","settlementId":"nalvessir:Greenmire","pinId":"pin:nalvessir:Greenmire","locationId":"location:nalvessir:Greenmire","settlementType":"Capital City","type":"Capital City","isTerritory":false},"geometry":{"type":"Point","coordinates":[361,713]}},{"type":"Feature","properties":{"featureKind":"settlement-pin","province":"Nalvessir","settlement":"Palevanna","name":"Palevanna","settlementId":"nalvessir:Palevanna","pinId":"pin:nalvessir:Palevanna","locationId":"location:nalvessir:Palevanna","settlementType":"Town","type":"Town","isTerritory":false},"geometry":{"type":"Point","coordinates":[327,717]}},{"type":"Feature","properties":{"featureKind":"settlement-pin","province":"Nalvessir","settlement":"Pellavess","name":"Pellavess","settlementId":"nalvessir:Pellavess","pinId":"pin:nalvessir:Pellavess","locationId":"location:nalvessir:Pellavess","settlementType":"Village","type":"Village","isTerritory":false},"geometry":{"type":"Point","coordinates":[417,779]}},{"type":"Feature","properties":{"featureKind":"settlement-pin","province":"Nalvessir","settlement":"Porthelis","name":"Porthelis","settlementId":"nalvessir:Porthelis","pinId":"pin:nalvessir:Porthelis","locationId":"location:nalvessir:Porthelis","settlementType":"City","type":"City","isTerritory":false},"geometry":{"type":"Point","coordinates":[273,723]}},{"type":"Feature","properties":{"featureKind":"province-center-pin","province":"Pelvoryn","name":"Pelvoryn","color":"#FF4500"},"geometry":{"type":"Point","coordinates":[1174.7545663225897,898.9314096088145]}},{"type":"Feature","properties":{"featureKind":"settlement-pin","province":"Pelvoryn","settlement":"Belynthar","name":"Belynthar","settlementId":"pelvoryn:Belynthar","pinId":"pin:pelvoryn:Belynthar","locationId":"location:pelvoryn:Belynthar","settlementType":"Capital City","type":"Capital City","isTerritory":false},"geometry":{"type":"Point","coordinates":[1173,909]}},{"type":"Feature","properties":{"featureKind":"settlement-pin","province":"Pelvoryn","settlement":"Fensylth","name":"Fensylth","settlementId":"pelvoryn:Fensylth","pinId":"pin:pelvoryn:Fensylth","locationId":"location:pelvoryn:Fensylth","settlementType":"Town","type":"Town","isTerritory":false},"geometry":{"type":"Point","coordinates":[1193,857]}},{"type":"Feature","properties":{"featureKind":"settlement-pin","province":"Pelvoryn","settlement":"Gavaryn","name":"Gavaryn","settlementId":"pelvoryn:Gavaryn","pinId":"pin:pelvoryn:Gavaryn","locationId":"location:pelvoryn:Gavaryn","settlementType":"City","type":"City","isTerritory":false},"geometry":{"type":"Point","coordinates":[1115,909]}},{"type":"Feature","properties":{"featureKind":"settlement-pin","province":"Pelvoryn","settlement":"Lysvire","name":"Lysvire","settlementId":"pelvoryn:Lysvire","pinId":"pin:pelvoryn:Lysvire","locationId":"location:pelvoryn:Lysvire","settlementType":"City","type":"City","isTerritory":false},"geometry":{"type":"Point","coordinates":[1077,913]}},{"type":"Feature","properties":{"featureKind":"settlement-pin","province":"Pelvoryn","settlement":"Lysévara","name":"Lysévara","settlementId":"pelvoryn:Lysévara","pinId":"pin:pelvoryn:Lysévara","locationId":"location:pelvoryn:Lysévara","settlementType":"Town","type":"Town","isTerritory":false},"geometry":{"type":"Point","coordinates":[1141,893]}},{"type":"Feature","properties":{"featureKind":"settlement-pin","province":"Pelvoryn","settlement":"Nythéssa","name":"Nythéssa","settlementId":"pelvoryn:Nythéssa","pinId":"pin:pelvoryn:Nythéssa","locationId":"location:pelvoryn:Nythéssa","settlementType":"Town","type":"Town","isTerritory":false},"geometry":{"type":"Point","coordinates":[1149,917]}},{"type":"Feature","properties":{"featureKind":"settlement-pin","province":"Pelvoryn","settlement":"Thaloréa","name":"Thaloréa","settlementId":"pelvoryn:Thaloréa","pinId":"pin:pelvoryn:Thaloréa","locationId":"location:pelvoryn:Thaloréa","settlementType":"Village","type":"Village","isTerritory":false},"geometry":{"type":"Point","coordinates":[1095,895]}},{"type":"Feature","properties":{"featureKind":"settlement-pin","province":"Pelvoryn","settlement":"Wildsunder","name":"Wildsunder","settlementId":"pelvoryn:Wildsunder","pinId":"pin:pelvoryn:Wildsunder","locationId":"location:pelvoryn:Wildsunder","settlementType":"Village","type":"Village","isTerritory":false},"geometry":{"type":"Point","coordinates":[1117,885]}},{"type":"Feature","properties":{"featureKind":"province-center-pin","province":"Sylvavéryn","name":"Sylvavéryn","color":"#00CED1"},"geometry":{"type":"Point","coordinates":[1958.0938233251788,291.97254179687286]}},{"type":"Feature","properties":{"featureKind":"settlement-pin","province":"Sylvavéryn","settlement":"Aelmyrwald","name":"Aelmyrwald","settlementId":"sylvaveryn:Aelmyrwald","pinId":"pin:sylvaveryn:Aelmyrwald","locationId":"location:sylvaveryn:Aelmyrwald","settlementType":"Village","type":"Village","isTerritory":false},"geometry":{"type":"Point","coordinates":[1936,269]}},{"type":"Feature","properties":{"featureKind":"territory-pin","province":"Sylvavéryn","settlement":"Elaravosk","name":"Elaravosk","settlementId":"sylvaveryn:Elaravosk","pinId":"pin:sylvaveryn:Elaravosk","locationId":"location:sylvaveryn:Elaravosk","settlementType":"City Territory","type":"City Territory","isTerritory":true},"geometry":{"type":"Point","coordinates":[1617,861]}},{"type":"Feature","properties":{"featureKind":"settlement-pin","province":"Sylvavéryn","settlement":"Lethyrvos","name":"Lethyrvos","settlementId":"sylvaveryn:Lethyrvos","pinId":"pin:sylvaveryn:Lethyrvos","locationId":"location:sylvaveryn:Lethyrvos","settlementType":"Town","type":"Town","isTerritory":false},"geometry":{"type":"Point","coordinates":[1988,271]}},{"type":"Feature","properties":{"featureKind":"settlement-pin","province":"Sylvavéryn","settlement":"Myrvaelûn","name":"Myrvaelûn","settlementId":"sylvaveryn:Myrvaelûn","pinId":"pin:sylvaveryn:Myrvaelûn","locationId":"location:sylvaveryn:Myrvaelûn","settlementType":"City","type":"City","isTerritory":false},"geometry":{"type":"Point","coordinates":[1912,279]}},{"type":"Feature","properties":{"featureKind":"settlement-pin","province":"Sylvavéryn","settlement":"Syl'thara","name":"Syl'thara","settlementId":"sylvaveryn:Syl'thara","pinId":"pin:sylvaveryn:Syl'thara","locationId":"location:sylvaveryn:Syl'thara","settlementType":"Village","type":"Village","isTerritory":false},"geometry":{"type":"Point","coordinates":[1924,273]}},{"type":"Feature","properties":{"featureKind":"settlement-pin","province":"Sylvavéryn","settlement":"Sylthadös","name":"Sylthadös","settlementId":"sylvaveryn:Sylthadös","pinId":"pin:sylvaveryn:Sylthadös","locationId":"location:sylvaveryn:Sylthadös","settlementType":"City","type":"City","isTerritory":false},"geometry":{"type":"Point","coordinates":[1966,311]}},{"type":"Feature","properties":{"featureKind":"settlement-pin","province":"Sylvavéryn","settlement":"Sylthéa","name":"Sylthéa","settlementId":"sylvaveryn:Sylthéa","pinId":"pin:sylvaveryn:Sylthéa","locationId":"location:sylvaveryn:Sylthéa","settlementType":"Village","type":"Village","isTerritory":false},"geometry":{"type":"Point","coordinates":[1900,285]}},{"type":"Feature","properties":{"featureKind":"territory-pin","province":"Sylvavéryn","settlement":"Thalavaryn","name":"Thalavaryn","settlementId":"sylvaveryn:Thalavaryn","pinId":"pin:sylvaveryn:Thalavaryn","locationId":"location:sylvaveryn:Thalavaryn","settlementType":"Town Territory","type":"Town Territory","isTerritory":true},"geometry":{"type":"Point","coordinates":[1590,906]}},{"type":"Feature","properties":{"featureKind":"settlement-pin","province":"Sylvavéryn","settlement":"Vaelthyros","name":"Vaelthyros","settlementId":"sylvaveryn:Vaelthyros","pinId":"pin:sylvaveryn:Vaelthyros","locationId":"location:sylvaveryn:Vaelthyros","settlementType":"Capital City","type":"Capital City","isTerritory":false},"geometry":{"type":"Point","coordinates":[1890,293]}},{"type":"Feature","properties":{"featureKind":"territory-pin","province":"Sylvavéryn","settlement":"Vaerundell","name":"Vaerundell","settlementId":"sylvaveryn:Vaerundell","pinId":"pin:sylvaveryn:Vaerundell","locationId":"location:sylvaveryn:Vaerundell","settlementType":"Town Territory","type":"Town Territory","isTerritory":true},"geometry":{"type":"Point","coordinates":[1548,540]}},{"type":"Feature","properties":{"featureKind":"territory-pin","province":"Sylvavéryn","settlement":"Whemosthi","name":"Whemosthi","settlementId":"sylvaveryn:Whemosthi","pinId":"pin:sylvaveryn:Whemosthi","locationId":"location:sylvaveryn:Whemosthi","settlementType":"Village Territory","type":"Village Territory","isTerritory":true},"geometry":{"type":"Point","coordinates":[1878,237]}},{"type":"Feature","properties":{"featureKind":"province-center-pin","province":"Thalryss","name":"Thalryss","color":"#FF1493"},"geometry":{"type":"Point","coordinates":[1196.9916201220533,690.1997849650371]}},{"type":"Feature","properties":{"featureKind":"settlement-pin","province":"Thalryss","settlement":"Abyrros","name":"Abyrros","settlementId":"thalryss:Abyrros","pinId":"pin:thalryss:Abyrros","locationId":"location:thalryss:Abyrros","settlementType":"Town","type":"Town","isTerritory":false},"geometry":{"type":"Point","coordinates":[1084,678]}},{"type":"Feature","properties":{"featureKind":"territory-pin","province":"Thalryss","settlement":"Blackwake Isles","name":"Blackwake Isles","settlementId":"thalryss:Blackwake Isles","pinId":"pin:thalryss:Blackwake Isles","locationId":"location:thalryss:Blackwake Isles","settlementType":"City Territory","type":"City Territory","isTerritory":true},"geometry":{"type":"Point","coordinates":[828,783]}},{"type":"Feature","properties":{"featureKind":"settlement-pin","province":"Thalryss","settlement":"Dreadcurrent","name":"Dreadcurrent","settlementId":"thalryss:Dreadcurrent","pinId":"pin:thalryss:Dreadcurrent","locationId":"location:thalryss:Dreadcurrent","settlementType":"Town","type":"Town","isTerritory":false},"geometry":{"type":"Point","coordinates":[1194,706]}},{"type":"Feature","properties":{"featureKind":"territory-pin","province":"Thalryss","settlement":"Grimwater Reach","name":"Grimwater Reach","settlementId":"thalryss:Grimwater Reach","pinId":"pin:thalryss:Grimwater Reach","locationId":"location:thalryss:Grimwater Reach","settlementType":"Village Territory","type":"Village Territory","isTerritory":true},"geometry":{"type":"Point","coordinates":[798,654]}},{"type":"Feature","properties":{"featureKind":"settlement-pin","province":"Thalryss","settlement":"Leviamor","name":"Leviamor","settlementId":"thalryss:Leviamor","pinId":"pin:thalryss:Leviamor","locationId":"location:thalryss:Leviamor","settlementType":"City","type":"City","isTerritory":false},"geometry":{"type":"Point","coordinates":[1244,664]}},{"type":"Feature","properties":{"featureKind":"territory-pin","province":"Thalryss","settlement":"Morvyrûn-Thal","name":"Morvyrûn-Thal","settlementId":"thalryss:Morvyrûn-Thal","pinId":"pin:thalryss:Morvyrûn-Thal","locationId":"location:thalryss:Morvyrûn-Thal","settlementType":"Village Territory","type":"Village Territory","isTerritory":true},"geometry":{"type":"Point","coordinates":[1005,876]}},{"type":"Feature","properties":{"featureKind":"territory-pin","province":"Thalryss","settlement":"Nythalûn","name":"Nythalûn","settlementId":"thalryss:Nythalûn","pinId":"pin:thalryss:Nythalûn","locationId":"location:thalryss:Nythalûn","settlementType":"Village Territory","type":"Village Territory","isTerritory":true},"geometry":{"type":"Point","coordinates":[750,627]}},{"type":"Feature","properties":{"featureKind":"settlement-pin","province":"Thalryss","settlement":"Ocevaruun","name":"Ocevaruun","settlementId":"thalryss:Ocevaruun","pinId":"pin:thalryss:Ocevaruun","locationId":"location:thalryss:Ocevaruun","settlementType":"City","type":"City","isTerritory":false},"geometry":{"type":"Point","coordinates":[1122,726]}},{"type":"Feature","properties":{"featureKind":"settlement-pin","province":"Thalryss","settlement":"Skulltide Expanse","name":"Skulltide Expanse","settlementId":"thalryss:Skulltide Expanse","pinId":"pin:thalryss:Skulltide Expanse","locationId":"location:thalryss:Skulltide Expanse","settlementType":"Capital City","type":"Capital City","isTerritory":false},"geometry":{"type":"Point","coordinates":[1206,668]}},{"type":"Feature","properties":{"featureKind":"territory-pin","province":"Thalryss","settlement":"Thal’kazuun","name":"Thal’kazuun","settlementId":"thalryss:Thal’kazuun","pinId":"pin:thalryss:Thal’kazuun","locationId":"location:thalryss:Thal’kazuun","settlementType":"Town Territory","type":"Town Territory","isTerritory":true},"geometry":{"type":"Point","coordinates":[762,420]}},{"type":"Feature","properties":{"featureKind":"territory-pin","province":"Thalryss","settlement":"Vorthalass","name":"Vorthalass","settlementId":"thalryss:Vorthalass","pinId":"pin:thalryss:Vorthalass","locationId":"location:thalryss:Vorthalass","settlementType":"Town Territory","type":"Town Territory","isTerritory":true},"geometry":{"type":"Point","coordinates":[783,780]}},{"type":"Feature","properties":{"featureKind":"province-center-pin","province":"Vaelmyrith","name":"Vaelmyrith","color":"#32CD32"},"geometry":{"type":"Point","coordinates":[1798.5369741798227,568.4500395096113]}},{"type":"Feature","properties":{"featureKind":"territory-pin","province":"Vaelmyrith","settlement":"Eldaréss","name":"Eldaréss","settlementId":"vaelmyrith:Eldaréss","pinId":"pin:vaelmyrith:Eldaréss","locationId":"location:vaelmyrith:Eldaréss","settlementType":"Town Territory","type":"Town Territory","isTerritory":true},"geometry":{"type":"Point","coordinates":[1028,924]}},{"type":"Feature","properties":{"featureKind":"settlement-pin","province":"Vaelmyrith","settlement":"Eldavûn","name":"Eldavûn","settlementId":"vaelmyrith:Eldavûn","pinId":"pin:vaelmyrith:Eldavûn","locationId":"location:vaelmyrith:Eldavûn","settlementType":"Town","type":"Town","isTerritory":false},"geometry":{"type":"Point","coordinates":[1791,563]}},{"type":"Feature","properties":{"featureKind":"settlement-pin","province":"Vaelmyrith","settlement":"Eldryssar","name":"Eldryssar","settlementId":"vaelmyrith:Eldryssar","pinId":"pin:vaelmyrith:Eldryssar","locationId":"location:vaelmyrith:Eldryssar","settlementType":"Capital City","type":"Capital City","isTerritory":false},"geometry":{"type":"Point","coordinates":[1823,571]}},{"type":"Feature","properties":{"featureKind":"settlement-pin","province":"Vaelmyrith","settlement":"Faelunéth","name":"Faelunéth","settlementId":"vaelmyrith:Faelunéth","pinId":"pin:vaelmyrith:Faelunéth","locationId":"location:vaelmyrith:Faelunéth","settlementType":"Town","type":"Town","isTerritory":false},"geometry":{"type":"Point","coordinates":[1765,551]}},{"type":"Feature","properties":{"featureKind":"settlement-pin","province":"Vaelmyrith","settlement":"Lunethryl","name":"Lunethryl","settlementId":"vaelmyrith:Lunethryl","pinId":"pin:vaelmyrith:Lunethryl","locationId":"location:vaelmyrith:Lunethryl","settlementType":"City","type":"City","isTerritory":false},"geometry":{"type":"Point","coordinates":[1809,559]}},{"type":"Feature","properties":{"featureKind":"settlement-pin","province":"Vaelmyrith","settlement":"Morvélyn","name":"Morvélyn","settlementId":"vaelmyrith:Morvélyn","pinId":"pin:vaelmyrith:Morvélyn","locationId":"location:vaelmyrith:Morvélyn","settlementType":"Town","type":"Town","isTerritory":false},"geometry":{"type":"Point","coordinates":[1753,599]}},{"type":"Feature","properties":{"featureKind":"settlement-pin","province":"Vaelmyrith","settlement":"Myrvéla","name":"Myrvéla","settlementId":"vaelmyrith:Myrvéla","pinId":"pin:vaelmyrith:Myrvéla","locationId":"location:vaelmyrith:Myrvéla","settlementType":"Village","type":"Village","isTerritory":false},"geometry":{"type":"Point","coordinates":[1789,581]}},{"type":"Feature","properties":{"featureKind":"settlement-pin","province":"Vaelmyrith","settlement":"Oravélyn","name":"Oravélyn","settlementId":"vaelmyrith:Oravélyn","pinId":"pin:vaelmyrith:Oravélyn","locationId":"location:vaelmyrith:Oravélyn","settlementType":"Village","type":"Village","isTerritory":false},"geometry":{"type":"Point","coordinates":[1847,575]}},{"type":"Feature","properties":{"featureKind":"settlement-pin","province":"Vaelmyrith","settlement":"Sylthéra-Vael","name":"Sylthéra-Vael","settlementId":"vaelmyrith:Sylthéra-Vael","pinId":"pin:vaelmyrith:Sylthéra-Vael","locationId":"location:vaelmyrith:Sylthéra-Vael","settlementType":"Village","type":"Village","isTerritory":false},"geometry":{"type":"Point","coordinates":[1765,585]}},{"type":"Feature","properties":{"featureKind":"settlement-pin","province":"Vaelmyrith","settlement":"Velkynwood","name":"Velkynwood","settlementId":"vaelmyrith:Velkynwood","pinId":"pin:vaelmyrith:Velkynwood","locationId":"location:vaelmyrith:Velkynwood","settlementType":"City","type":"City","isTerritory":false},"geometry":{"type":"Point","coordinates":[1833,579]}},{"type":"Feature","properties":{"featureKind":"settlement-pin","province":"Vaelmyrith","settlement":"Whispergrove","name":"Whispergrove","settlementId":"vaelmyrith:Whispergrove","pinId":"pin:vaelmyrith:Whispergrove","locationId":"location:vaelmyrith:Whispergrove","settlementType":"City","type":"City","isTerritory":false},"geometry":{"type":"Point","coordinates":[1807,583]}},{"type":"Feature","properties":{"featureKind":"province-center-pin","province":"Valerune","name":"Valerune","color":"#1E90FF"},"geometry":{"type":"Point","coordinates":[918.7173227643309,701.0166027935485]}},{"type":"Feature","properties":{"featureKind":"settlement-pin","province":"Valerune","settlement":"Avarélyn","name":"Avarélyn","settlementId":"valerune:Avarélyn","pinId":"pin:valerune:Avarélyn","locationId":"location:valerune:Avarélyn","settlementType":"Capital City","type":"Capital City","isTerritory":false},"geometry":{"type":"Point","coordinates":[895,746]}},{"type":"Feature","properties":{"featureKind":"territory-pin","province":"Valerune","settlement":"Brassmere Concord","name":"Brassmere Concord","settlementId":"valerune:Brassmere Concord","pinId":"pin:valerune:Brassmere Concord","locationId":"location:valerune:Brassmere Concord","settlementType":"City Territory","type":"City Territory","isTerritory":true},"geometry":{"type":"Point","coordinates":[225,726]}},{"type":"Feature","properties":{"featureKind":"settlement-pin","province":"Valerune","settlement":"Nythavéa","name":"Nythavéa","settlementId":"valerune:Nythavéa","pinId":"pin:valerune:Nythavéa","locationId":"location:valerune:Nythavéa","settlementType":"Town","type":"Town","isTerritory":false},"geometry":{"type":"Point","coordinates":[907,676]}},{"type":"Feature","properties":{"featureKind":"settlement-pin","province":"Valerune","settlement":"Scalori","name":"Scalori","settlementId":"valerune:Scalori","pinId":"pin:valerune:Scalori","locationId":"location:valerune:Scalori","settlementType":"City","type":"City","isTerritory":false},"geometry":{"type":"Point","coordinates":[877,694]}},{"type":"Feature","properties":{"featureKind":"settlement-pin","province":"Valerune","settlement":"Sunvale Reach","name":"Sunvale Reach","settlementId":"valerune:Sunvale Reach","pinId":"pin:valerune:Sunvale Reach","locationId":"location:valerune:Sunvale Reach","settlementType":"Town","type":"Town","isTerritory":false},"geometry":{"type":"Point","coordinates":[897,722]}},{"type":"Feature","properties":{"featureKind":"settlement-pin","province":"Valerune","settlement":"Thaloju","name":"Thaloju","settlementId":"valerune:Thaloju","pinId":"pin:valerune:Thaloju","locationId":"location:valerune:Thaloju","settlementType":"Village","type":"Village","isTerritory":false},"geometry":{"type":"Point","coordinates":[871,744]}},{"type":"Feature","properties":{"featureKind":"settlement-pin","province":"Valerune","settlement":"Valdrune Fields","name":"Valdrune Fields","settlementId":"valerune:Valdrune Fields","pinId":"pin:valerune:Valdrune Fields","locationId":"location:valerune:Valdrune Fields","settlementType":"Town","type":"Town","isTerritory":false},"geometry":{"type":"Point","coordinates":[855,668]}},{"type":"Feature","properties":{"featureKind":"settlement-pin","province":"Valerune","settlement":"Whispering Éstuary","name":"Whispering Éstuary","settlementId":"valerune:Whispering Éstuary","pinId":"pin:valerune:Whispering Éstuary","locationId":"location:valerune:Whispering Éstuary","settlementType":"Village","type":"Village","isTerritory":false},"geometry":{"type":"Point","coordinates":[879,668]}},{"type":"Feature","properties":{"featureKind":"province-center-pin","province":"Virelport","name":"Virelport","color":"#FFD700"},"geometry":{"type":"Point","coordinates":[1299.3472243556382,100.5764719879094]}},{"type":"Feature","properties":{"featureKind":"settlement-pin","province":"Virelport","settlement":"Bronzewake","name":"Bronzewake","settlementId":"virelport:Bronzewake","pinId":"pin:virelport:Bronzewake","locationId":"location:virelport:Bronzewake","settlementType":"Capital City","type":"Capital City","isTerritory":false},"geometry":{"type":"Point","coordinates":[1360,71]}},{"type":"Feature","properties":{"featureKind":"settlement-pin","province":"Virelport","settlement":"Stormgullet","name":"Stormgullet","settlementId":"virelport:Stormgullet","pinId":"pin:virelport:Stormgullet","locationId":"location:virelport:Stormgullet","settlementType":"City","type":"City","isTerritory":false},"geometry":{"type":"Point","coordinates":[1288,61]}},{"type":"Feature","properties":{"featureKind":"settlement-pin","province":"Virelport","settlement":"Straithaven","name":"Straithaven","settlementId":"virelport:Straithaven","pinId":"pin:virelport:Straithaven","locationId":"location:virelport:Straithaven","settlementType":"City","type":"City","isTerritory":false},"geometry":{"type":"Point","coordinates":[1316,77]}},{"type":"Feature","properties":{"featureKind":"settlement-pin","province":"Virelport","settlement":"Vaeluréss","name":"Vaeluréss","settlementId":"virelport:Vaeluréss","pinId":"pin:virelport:Vaeluréss","locationId":"location:virelport:Vaeluréss","settlementType":"Village","type":"Village","isTerritory":false},"geometry":{"type":"Point","coordinates":[1338,61]}},{"type":"Feature","properties":{"featureKind":"settlement-pin","province":"Virelport","settlement":"Veilstrand","name":"Veilstrand","settlementId":"virelport:Veilstrand","pinId":"pin:virelport:Veilstrand","locationId":"location:virelport:Veilstrand","settlementType":"City","type":"City","isTerritory":false},"geometry":{"type":"Point","coordinates":[1374,55]}},{"type":"Feature","properties":{"featureKind":"settlement-pin","province":"Virelport","settlement":"Virelyss","name":"Virelyss","settlementId":"virelport:Virelyss","pinId":"pin:virelport:Virelyss","locationId":"location:virelport:Virelyss","settlementType":"Town","type":"Town","isTerritory":false},"geometry":{"type":"Point","coordinates":[1264,99]}},{"type":"Feature","properties":{"featureKind":"settlement-pin","province":"Virelport","settlement":"Vireléssar","name":"Vireléssar","settlementId":"virelport:Vireléssar","pinId":"pin:virelport:Vireléssar","locationId":"location:virelport:Vireléssar","settlementType":"Town","type":"Town","isTerritory":false},"geometry":{"type":"Point","coordinates":[1378,75]}},{"type":"Feature","properties":{"featureKind":"settlement-pin","province":"Virelport","settlement":"Virethéa","name":"Virethéa","settlementId":"virelport:Virethéa","pinId":"pin:virelport:Virethéa","locationId":"location:virelport:Virethéa","settlementType":"Town","type":"Town","isTerritory":false},"geometry":{"type":"Point","coordinates":[1220,127]}},{"type":"Feature","properties":{"featureKind":"settlement-pin","province":"Virelport","settlement":"Virethûn","name":"Virethûn","settlementId":"virelport:Virethûn","pinId":"pin:virelport:Virethûn","locationId":"location:virelport:Virethûn","settlementType":"Village","type":"Village","isTerritory":false},"geometry":{"type":"Point","coordinates":[1176,69]}},{"type":"Feature","properties":{"featureKind":"province-center-pin","province":"Vuelmora","name":"Vuelmora","color":"#8B4513"},"geometry":{"type":"Point","coordinates":[1466.373177970405,860.8434193215804]}},{"type":"Feature","properties":{"featureKind":"settlement-pin","province":"Vuelmora","settlement":"Glysera","name":"Glysera","settlementId":"vuelmora:Glysera","pinId":"pin:vuelmora:Glysera","locationId":"location:vuelmora:Glysera","settlementType":"Town","type":"Town","isTerritory":false},"geometry":{"type":"Point","coordinates":[1550,934]}},{"type":"Feature","properties":{"featureKind":"settlement-pin","province":"Vuelmora","settlement":"Hyselva","name":"Hyselva","settlementId":"vuelmora:Hyselva","pinId":"pin:vuelmora:Hyselva","locationId":"location:vuelmora:Hyselva","settlementType":"Capital City","type":"Capital City","isTerritory":false},"geometry":{"type":"Point","coordinates":[1528,922]}},{"type":"Feature","properties":{"featureKind":"settlement-pin","province":"Vuelmora","settlement":"Ithmora","name":"Ithmora","settlementId":"vuelmora:Ithmora","pinId":"pin:vuelmora:Ithmora","locationId":"location:vuelmora:Ithmora","settlementType":"Town","type":"Town","isTerritory":false},"geometry":{"type":"Point","coordinates":[1546,916]}},{"type":"Feature","properties":{"featureKind":"settlement-pin","province":"Vuelmora","settlement":"Mornelya","name":"Mornelya","settlementId":"vuelmora:Mornelya","pinId":"pin:vuelmora:Mornelya","locationId":"location:vuelmora:Mornelya","settlementType":"City","type":"City","isTerritory":false},"geometry":{"type":"Point","coordinates":[1538,930]}},{"type":"Feature","properties":{"featureKind":"settlement-pin","province":"Vuelmora","settlement":"Oelnoreu","name":"Oelnoreu","settlementId":"vuelmora:Oelnoreu","pinId":"pin:vuelmora:Oelnoreu","locationId":"location:vuelmora:Oelnoreu","settlementType":"City","type":"City","isTerritory":false},"geometry":{"type":"Point","coordinates":[1474,912]}},{"type":"Feature","properties":{"featureKind":"settlement-pin","province":"Vuelmora","settlement":"Thaloréa Reach","name":"Thaloréa Reach","settlementId":"vuelmora:Thaloréa Reach","pinId":"pin:vuelmora:Thaloréa Reach","locationId":"location:vuelmora:Thaloréa Reach","settlementType":"Village","type":"Village","isTerritory":false},"geometry":{"type":"Point","coordinates":[1448,850]}},{"type":"Feature","properties":{"featureKind":"settlement-pin","province":"Vuelmora","settlement":"Thyravéa-Morn","name":"Thyravéa-Morn","settlementId":"vuelmora:Thyravéa-Morn","pinId":"pin:vuelmora:Thyravéa-Morn","locationId":"location:vuelmora:Thyravéa-Morn","settlementType":"Town","type":"Town","isTerritory":false},"geometry":{"type":"Point","coordinates":[1442,816]}},{"type":"Feature","properties":{"featureKind":"settlement-pin","province":"Vuelmora","settlement":"Xel'ryndor","name":"Xel'ryndor","settlementId":"vuelmora:Xel'ryndor","pinId":"pin:vuelmora:Xel'ryndor","locationId":"location:vuelmora:Xel'ryndor","settlementType":"Village","type":"Village","isTerritory":false},"geometry":{"type":"Point","coordinates":[1532,774]}},{"type":"Feature","properties":{"featureKind":"province-center-pin","province":"Zal’tharuun","name":"Zal’tharuun","color":"#7FFF00"},"geometry":{"type":"Point","coordinates":[1705.9398579585345,853.7375894300986]}},{"type":"Feature","properties":{"featureKind":"settlement-pin","province":"Zal’tharuun","settlement":"Amazuul","name":"Amazuul","settlementId":"zaltharuun:Amazuul","pinId":"pin:zaltharuun:Amazuul","locationId":"location:zaltharuun:Amazuul","settlementType":"Town","type":"Town","isTerritory":false},"geometry":{"type":"Point","coordinates":[1749,894]}},{"type":"Feature","properties":{"featureKind":"settlement-pin","province":"Zal’tharuun","settlement":"Ithkazuun","name":"Ithkazuun","settlementId":"zaltharuun:Ithkazuun","pinId":"pin:zaltharuun:Ithkazuun","locationId":"location:zaltharuun:Ithkazuun","settlementType":"City","type":"City","isTerritory":false},"geometry":{"type":"Point","coordinates":[1693,944]}},{"type":"Feature","properties":{"featureKind":"settlement-pin","province":"Zal’tharuun","settlement":"Keth'varûn","name":"Keth'varûn","settlementId":"zaltharuun:Keth'varûn","pinId":"pin:zaltharuun:Keth'varûn","locationId":"location:zaltharuun:Keth'varûn","settlementType":"Town","type":"Town","isTerritory":false},"geometry":{"type":"Point","coordinates":[1689,978]}},{"type":"Feature","properties":{"featureKind":"settlement-pin","province":"Zal’tharuun","settlement":"Keth’mora","name":"Keth’mora","settlementId":"zaltharuun:Keth’mora","pinId":"pin:zaltharuun:Keth’mora","locationId":"location:zaltharuun:Keth’mora","settlementType":"Town","type":"Town","isTerritory":false},"geometry":{"type":"Point","coordinates":[1743,860]}},{"type":"Feature","properties":{"featureKind":"settlement-pin","province":"Zal’tharuun","settlement":"Sszaruun","name":"Sszaruun","settlementId":"zaltharuun:Sszaruun","pinId":"pin:zaltharuun:Sszaruun","locationId":"location:zaltharuun:Sszaruun","settlementType":"Capital City","type":"Capital City","isTerritory":false},"geometry":{"type":"Point","coordinates":[1731,794]}},{"type":"Feature","properties":{"featureKind":"settlement-pin","province":"Zal’tharuun","settlement":"Thal’zuroth","name":"Thal’zuroth","settlementId":"zaltharuun:Thal’zuroth","pinId":"pin:zaltharuun:Thal’zuroth","locationId":"location:zaltharuun:Thal’zuroth","settlementType":"City","type":"City","isTerritory":false},"geometry":{"type":"Point","coordinates":[1687,776]}},{"type":"Feature","properties":{"featureKind":"settlement-pin","province":"Zal’tharuun","settlement":"Vael'zyr","name":"Vael'zyr","settlementId":"zaltharuun:Vael'zyr","pinId":"pin:zaltharuun:Vael'zyr","locationId":"location:zaltharuun:Vael'zyr","settlementType":"Village","type":"Village","isTerritory":false},"geometry":{"type":"Point","coordinates":[1689,742]}},{"type":"Feature","properties":{"featureKind":"settlement-pin","province":"Zal’tharuun","settlement":"Vaelzahara","name":"Vaelzahara","settlementId":"zaltharuun:Vaelzahara","pinId":"pin:zaltharuun:Vaelzahara","locationId":"location:zaltharuun:Vaelzahara","settlementType":"Town","type":"Town","isTerritory":false},"geometry":{"type":"Point","coordinates":[1777,864]}},{"type":"Feature","properties":{"featureKind":"settlement-pin","province":"Zal’tharuun","settlement":"Vaerûn-Keth","name":"Vaerûn-Keth","settlementId":"zaltharuun:Vaerûn-Keth","pinId":"pin:zaltharuun:Vaerûn-Keth","locationId":"location:zaltharuun:Vaerûn-Keth","settlementType":"Village","type":"Village","isTerritory":false},"geometry":{"type":"Point","coordinates":[1711,822]}},{"type":"Feature","properties":{"featureKind":"settlement-pin","province":"Zal’tharuun","settlement":"Varesh-Ka","name":"Varesh-Ka","settlementId":"zaltharuun:Varesh-Ka","pinId":"pin:zaltharuun:Varesh-Ka","locationId":"location:zaltharuun:Varesh-Ka","settlementType":"City","type":"City","isTerritory":false},"geometry":{"type":"Point","coordinates":[1745,826]}},{"type":"Feature","properties":{"featureKind":"settlement-pin","province":"Zal’tharuun","settlement":"Xal’voroq","name":"Xal’voroq","settlementId":"zaltharuun:Xal’voroq","pinId":"pin:zaltharuun:Xal’voroq","locationId":"location:zaltharuun:Xal’voroq","settlementType":"City","type":"City","isTerritory":false},"geometry":{"type":"Point","coordinates":[1723,750]}},{"type":"Feature","properties":{"featureKind":"settlement-pin","province":"Zal’tharuun","settlement":"Zelvarûn","name":"Zelvarûn","settlementId":"zaltharuun:Zelvarûn","pinId":"pin:zaltharuun:Zelvarûn","locationId":"location:zaltharuun:Zelvarûn","settlementType":"Village","type":"Village","isTerritory":false},"geometry":{"type":"Point","coordinates":[1677,822]}},{"type":"Feature","properties":{"featureKind":"settlement-pin","province":"Zal’tharuun","settlement":"Zhurak’thel","name":"Zhurak’thel","settlementId":"zaltharuun:Zhurak’thel","pinId":"pin:zaltharuun:Zhurak’thel","locationId":"location:zaltharuun:Zhurak’thel","settlementType":"Town","type":"Town","isTerritory":false},"geometry":{"type":"Point","coordinates":[1715,900]}},{"type":"Feature","properties":{"featureKind":"settlement-pin","province":"Zal’tharuun","settlement":"Zor'elyth","name":"Zor'elyth","settlementId":"zaltharuun:Zor'elyth","pinId":"pin:zaltharuun:Zor'elyth","locationId":"location:zaltharuun:Zor'elyth","settlementType":"Village","type":"Village","isTerritory":false},"geometry":{"type":"Point","coordinates":[1715,928]}},{"type":"Feature","properties":{"featureKind":"province-center-pin","province":"Zharvokh","name":"Zharvokh","color":"#DC143C"},"geometry":{"type":"Point","coordinates":[1293.3911189955047,507.3841698380087]}},{"type":"Feature","properties":{"featureKind":"settlement-pin","province":"Zharvokh","settlement":"Drakzhul","name":"Drakzhul","settlementId":"zharvokh:Drakzhul","pinId":"pin:zharvokh:Drakzhul","locationId":"location:zharvokh:Drakzhul","settlementType":"Town","type":"Town","isTerritory":false},"geometry":{"type":"Point","coordinates":[1303,512]}},{"type":"Feature","properties":{"featureKind":"settlement-pin","province":"Zharvokh","settlement":"Karag-Thûl","name":"Karag-Thûl","settlementId":"zharvokh:Karag-Thûl","pinId":"pin:zharvokh:Karag-Thûl","locationId":"location:zharvokh:Karag-Thûl","settlementType":"Capital City","type":"Capital City","isTerritory":false},"geometry":{"type":"Point","coordinates":[1247,502]}},{"type":"Feature","properties":{"featureKind":"settlement-pin","province":"Zharvokh","settlement":"Kharévok","name":"Kharévok","settlementId":"zharvokh:Kharévok","pinId":"pin:zharvokh:Kharévok","locationId":"location:zharvokh:Kharévok","settlementType":"Town","type":"Town","isTerritory":false},"geometry":{"type":"Point","coordinates":[1293,534]}},{"type":"Feature","properties":{"featureKind":"settlement-pin","province":"Zharvokh","settlement":"Moltharok","name":"Moltharok","settlementId":"zharvokh:Moltharok","pinId":"pin:zharvokh:Moltharok","locationId":"location:zharvokh:Moltharok","settlementType":"City","type":"City","isTerritory":false},"geometry":{"type":"Point","coordinates":[1259,524]}},{"type":"Feature","properties":{"featureKind":"settlement-pin","province":"Zharvokh","settlement":"Myrvéssa","name":"Myrvéssa","settlementId":"zharvokh:Myrvéssa","pinId":"pin:zharvokh:Myrvéssa","locationId":"location:zharvokh:Myrvéssa","settlementType":"Town","type":"Town","isTerritory":false},"geometry":{"type":"Point","coordinates":[1271,492]}},{"type":"Feature","properties":{"featureKind":"settlement-pin","province":"Zharvokh","settlement":"Thal'véra","name":"Thal'véra","settlementId":"zharvokh:Thal'véra","pinId":"pin:zharvokh:Thal'véra","locationId":"location:zharvokh:Thal'véra","settlementType":"Village","type":"Village","isTerritory":false},"geometry":{"type":"Point","coordinates":[1325,522]}},{"type":"Feature","properties":{"featureKind":"settlement-pin","province":"Zharvokh","settlement":"Tharvokar","name":"Tharvokar","settlementId":"zharvokh:Tharvokar","pinId":"pin:zharvokh:Tharvokar","locationId":"location:zharvokh:Tharvokar","settlementType":"City","type":"City","isTerritory":false},"geometry":{"type":"Point","coordinates":[1301,486]}},{"type":"Feature","properties":{"featureKind":"settlement-pin","province":"Zharvokh","settlement":"Vorthélyn","name":"Vorthélyn","settlementId":"zharvokh:Vorthélyn","pinId":"pin:zharvokh:Vorthélyn","locationId":"location:zharvokh:Vorthélyn","settlementType":"Village","type":"Village","isTerritory":false},"geometry":{"type":"Point","coordinates":[1291,478]}},{"type":"Feature","properties":{"featureKind":"settlement-pin","province":"Zharvokh","settlement":"Vulkradûn","name":"Vulkradûn","settlementId":"zharvokh:Vulkradûn","pinId":"pin:zharvokh:Vulkradûn","locationId":"location:zharvokh:Vulkradûn","settlementType":"City","type":"City","isTerritory":false},"geometry":{"type":"Point","coordinates":[1279,478]}}]}
