{
  "type": "FeatureCollection",
  "name": "Belavados stylized province borders",
  "metadata": {
    "provinceCount": 28,
    "style": "distinct glowy organic wavy borders",
    "onlyBorderLayer": true
  },
  "features": [
    {
      "type": "Feature",
      "properties": {
        "province": "Aelvanyr",
        "name": "Aelvanyr",
        "provinceName": "Aelvanyr",
        "provinceKey": "aelvanyr",
        "governmentType": "Participatory Democracy",
        "government": "Participatory Democracy",
        "overallPopulation": 159684000,
        "population": 159684000,
        "squareMiles": 7224771,
        "squareKilometers": 18712070.99,
        "centerLat": -27.313989922251665,
        "centerLon": -56.82472357989093,
        "centerPointCoordinates": {
          "x": 700.730461412176,
          "y": 667.3862537799206,
          "lat": -27.313989922251665,
          "lon": -56.82472357989093,
          "latitude": -27.313989922251665,
          "longitude": -56.82472357989093
        },
        "color": "#00E5FF",
        "borderColor": "#00E5FF",
        "borderOpacity": 1,
        "borderWidth": 7,
        "borderVisible": false,
        "settlementScan": null,
        "featureKind": "province-border",
        "coordinateSpace": "Belavados map pixels",
        "provinceIndex": 0,
        "settlementCount": 10,
        "scannerDominantBiome": "Partial forest",
        "scannerBiomeTypes": [
          "Partial forest",
          "Farming",
          "Deep forest"
        ],
        "scannerLandmarks": [
          "forest",
          "mountain",
          "marsh",
          "grassland",
          "water",
          "island",
          "desert",
          "valley"
        ],
        "correctedBy": "Manual hexcode authority pass v4",
        "biomes": [
          "Partial forest",
          "Farming",
          "Deep forest"
        ],
        "settlementBiomeSummary": {
          "Partial forest": 9,
          "Farming": 8,
          "Deep forest": 7,
          "Beach and grass with water": 2,
          "Treetops - treehouses": 1,
          "Mountain range": 1,
          "Grassland": 1,
          "Hybrid tree and forest floor": 1
        },
        "factions": [
          {
            "id": "fac_freeblade_veil",
            "name": "The Freeblade Veil",
            "subtitle": "clandestine liberation order and courier-cell alliance",
            "primarySeat": "Mythraelyn, Aelvanyr",
            "atTableRole": "Use for rebel allies, stealth missions, safehouses, forged portal permits, heists, and hard questions about freedom defended by blades.",
            "publicFace": "Rescue endangered people, sabotage pure-ichor trafficking, leak oppressive ledgers, and break monopolies over transit and identity papers.",
            "hiddenTeeth": "Some cells protect free will through secrecy, forged lives, and precise violence that can become its own form of control.",
            "patrons": [
              "Asethyr",
              "Thalunesh",
              "Sigrananna",
              "Nefarokir"
            ],
            "alignmentTendency": {
              "Altruism": 2300,
              "Lawfulness": 900,
              "Cooperation": 2200,
              "Honor": 1500
            },
            "riskModifier": 0.3
          }
        ],
        "associatedFactions": [
          "The Freeblade Veil"
        ],
        "borderLocked": true,
        "anchorsVisibleToPlayers": false,
        "playerEditable": false,
        "coordinateLines": {
          "coordinateLineRevision": "named meridians/parallels + realm-geometric UTC offset pass",
          "coordinateLineRevisionDateUTC": "2026-07-05",
          "longitudeLatitudeSource": "feature lon/lat properties or converted equirectangular source coordinates",
          "nearestNamedMeridian": {
            "longitude": -60.0,
            "line": "60° W",
            "name": "Bastveig's Tidegate Meridian",
            "distanceDegrees": 3.175276
          },
          "nearestNamedParallel": {
            "latitude": -30.0,
            "line": "30° S",
            "name": "Bastveg's Deepwater Passage",
            "distanceDegrees": 2.68601
          },
          "namedLongitudeBand": {
            "westLongitude": -60.0,
            "westLine": "60° W",
            "westName": "Bastveig's Tidegate Meridian",
            "eastLongitude": -30.0,
            "eastLine": "30° W",
            "eastName": "Horundar's Storm Meridian",
            "bandName": "Bastveig's Tidegate Meridian to Horundar's Storm Meridian",
            "spanDegrees": 30.0,
            "wrapsAntimeridian": false
          },
          "namedLatitudeBand": {
            "northLatitude": 0.0,
            "northLine": "0°",
            "northName": "Equator",
            "southLatitude": -30.0,
            "southLine": "30° S",
            "southName": "Bastveg's Deepwater Passage",
            "bandName": "Equator to Bastveg's Deepwater Passage",
            "spanDegrees": 30.0
          },
          "utcTimeZone": {
            "utcOffset": "UTC-04:00",
            "utcOffsetCompact": "UTC-4",
            "utcOffsetHours": -4,
            "utcOffsetMinutes": -240,
            "zoneWidthDegrees": 15,
            "assignmentMethod": "geometric longitude band, 15° per hour, centered on 0° UTC",
            "notes": "This is realm-geometric UTC offset math by longitude, not political/IANA time-zone boundary data."
          }
        },
        "primaryUTC": "UTC-04:00",
        "utcOffset": "UTC-04:00",
        "utcOffsetCompact": "UTC-4",
        "utcOffsetHours": -4,
        "utcOffsetMinutes": -240,
        "nearestMeridianName": "Bastveig's Tidegate Meridian",
        "nearestMeridianLine": "60° W",
        "nearestParallelName": "Bastveg's Deepwater Passage",
        "nearestParallelLine": "30° S",
        "geometryCoordinateSpace": "original 2048x1024 equirectangular map pixels; use borders_wgs84.geojson for standard lon/lat geometry",
        "wgs84GeometryFile": "borders_wgs84.geojson",
        "landmarkAtlas": {
          "source": "Life In The World Of Belavadös.docx geography tables",
          "water": {
            "namedRiverDeltaCanalLake": "Rootglass River and Mythraelyn Delta",
            "namedBayGulfSeaSound": "Wildbloom Sound",
            "feedingTerrain": "Partial forest; Farming; Deep forest"
          },
          "land": {
            "mountainRangeHighland": "Freeblade Greenribs",
            "volcanoVentCaldera": "Lunawyn Smokehill",
            "forestSwampLandmark": "Drakesylva Rootmere Forest"
          },
          "climate": {
            "climateBelt": "Sunbelt reef-wet belt",
            "dominantTerrain": "Partial forest; Farming; Deep forest",
            "namedWeather": "Root-rain Lanterns",
            "verticalNote": "highest settled weather band 4600 m; deepest recorded route 180 m",
            "highestSettledWeatherBandMeters": 4600,
            "deepestRecordedRouteMeters": 180
          },
          "governanceTransit": {
            "government": "Participatory Democracy",
            "population": "159,684,000",
            "coreBiomes": "Partial forest; Farming; Deep forest",
            "transitGroup": "Western South-Mid Transit Group",
            "surfaceShare": "3.781573883%"
          },
          "layerRefs": [
            "province_landmarks_3d.geojson",
            "water_landmarks_3d.geojson",
            "land_landmarks_3d.geojson",
            "weather_landmarks_3d.geojson",
            "vertical_landmarks_3d.geojson"
          ]
        },
        "enrichedAtUtc": "2026-07-06T22:31:22+00:00",
        "visibleByDefault": true,
        "showWhenProvinceSelected": true,
        "hideUntilProvinceDropdownSelection": true,
        "visibilityRule": "Hidden by default; reveal province border and pins only when this province is selected from dropdown.",
        "updatedAtUtc": "2026-07-07T06:30:07+00:00",
        "originalProvinceColorBeforePlayerMapStyle": "#E6194B",
        "originalBorderColorBeforePlayerMapStyle": "#E6194B",
        "originalBorderWidthBeforePlayerMapStyle": 8,
        "originalBorderOpacityBeforePlayerMapStyle": 0.25,
        "fillColor": "transparent",
        "fillOpacity": 0.035,
        "stroke": "#00E5FF",
        "stroke-width": 12,
        "stroke-opacity": 1,
        "fill": "transparent",
        "fill-opacity": 0,
        "className": "province-border-shape bubbly-neon-province-border",
        "cssClass": "province-border-shape bubbly-neon-province-border",
        "mapLayerClass": "province-border-layer",
        "playerMapStyleApplied": true,
        "playerMapStyleSource": "player-map.css",
        "style": {
          "source": "player-map.css :: #provinceOverlay .province-border-shape",
          "className": "province-border-shape bubbly-neon-province-border",
          "cssClass": "province-border-shape bubbly-neon-province-border",
          "fill": "none",
          "fillColor": "transparent",
          "fillOpacity": 0,
          "fill-opacity": 0,
          "stroke": "#00FFFF",
          "strokeColor": "#00FFFF",
          "strokeWidth": 12,
          "stroke-width": 12,
          "strokeOpacity": 1,
          "stroke-opacity": 1,
          "strokeLineJoin": "round",
          "stroke-linejoin": "round",
          "strokeLineCap": "round",
          "stroke-linecap": "round",
          "strokeDashArray": "none",
          "stroke-dasharray": "none",
          "paintOrder": "stroke",
          "paint-order": "stroke",
          "vectorEffect": "non-scaling-stroke",
          "vector-effect": "non-scaling-stroke",
          "pointerEvents": "stroke",
          "pointer-events": "stroke",
          "cursor": "pointer",
          "transition": "filter .18s ease, stroke-width .18s ease, stroke .18s ease, transform .18s ease",
          "transformBox": "fill-box",
          "transformOrigin": "center center",
          "dropShadow": "drop-shadow(0 0 4px rgba(255,255,255,.55)) drop-shadow(0 0 10px rgba(0,255,255,.78)) drop-shadow(0 0 24px rgba(0,255,255,.46)) drop-shadow(0 0 42px rgba(0,255,255,.24))"
        },
        "hoverStyle": {
          "stroke": "#EFFFFF",
          "strokeColor": "#EFFFFF",
          "strokeWidth": 13,
          "stroke-width": 13,
          "fill": "none",
          "fillColor": "transparent",
          "fillOpacity": 0,
          "fill-opacity": 0,
          "transform": "scale(1.0025)",
          "dropShadow": "drop-shadow(0 0 6px rgba(255,255,255,.70)) drop-shadow(0 0 14px rgba(0,255,255,.95)) drop-shadow(0 0 30px rgba(0,255,255,.62)) drop-shadow(0 0 52px rgba(0,255,255,.34))"
        },
        "renderStyle": {
          "source": "player-map.css :: #provinceOverlay .province-border-shape",
          "className": "province-border-shape bubbly-neon-province-border",
          "cssClass": "province-border-shape bubbly-neon-province-border",
          "fill": "none",
          "fillColor": "transparent",
          "fillOpacity": 0,
          "fill-opacity": 0,
          "stroke": "#00FFFF",
          "strokeColor": "#00FFFF",
          "strokeWidth": 12,
          "stroke-width": 12,
          "strokeOpacity": 1,
          "stroke-opacity": 1,
          "strokeLineJoin": "round",
          "stroke-linejoin": "round",
          "strokeLineCap": "round",
          "stroke-linecap": "round",
          "strokeDashArray": "none",
          "stroke-dasharray": "none",
          "paintOrder": "stroke",
          "paint-order": "stroke",
          "vectorEffect": "non-scaling-stroke",
          "vector-effect": "non-scaling-stroke",
          "pointerEvents": "stroke",
          "pointer-events": "stroke",
          "cursor": "pointer",
          "transition": "filter .18s ease, stroke-width .18s ease, stroke .18s ease, transform .18s ease",
          "transformBox": "fill-box",
          "transformOrigin": "center center",
          "dropShadow": "drop-shadow(0 0 4px rgba(255,255,255,.55)) drop-shadow(0 0 10px rgba(0,255,255,.78)) drop-shadow(0 0 24px rgba(0,255,255,.46)) drop-shadow(0 0 42px rgba(0,255,255,.24))"
        },
        "renderHoverStyle": {
          "stroke": "#EFFFFF",
          "strokeColor": "#EFFFFF",
          "strokeWidth": 13,
          "stroke-width": 13,
          "fill": "none",
          "fillColor": "transparent",
          "fillOpacity": 0,
          "fill-opacity": 0,
          "transform": "scale(1.0025)",
          "dropShadow": "drop-shadow(0 0 6px rgba(255,255,255,.70)) drop-shadow(0 0 14px rgba(0,255,255,.95)) drop-shadow(0 0 30px rgba(0,255,255,.62)) drop-shadow(0 0 52px rgba(0,255,255,.34))"
        },
        "strokeWidth": 7,
        "strokeOpacity": 0.97,
        "lineCap": "round",
        "lineJoin": "round",
        "glowColor": "#00E5FF",
        "glowBlur": 14,
        "waveStyle": "organic-rounded-wavy"
      },
      "geometry": {
        "type": "Polygon",
        "coordinates": [
          [
            [
              451.617916,
              651.005191
            ],
            [
              449.079862,
              626.087039
            ],
            [
              448.867983,
              607.234484
            ],
            [
              450.957668,
              594.472123
            ],
            [
              455.255291,
              587.784757
            ],
            [
              461.838597,
              587.134247
            ],
            [
              481.045479,
              587.981622
            ],
            [
              512.853373,
              590.266451
            ],
            [
              557.266692,
              593.945194
            ],
            [
              614.27859,
              599.100812
            ],
            [
              671.28644,
              604.302018
            ],
            [
              728.298005,
              609.462267
            ],
            [
              785.312312,
              614.592267
            ],
            [
              842.321477,
              619.777113
            ],
            [
              886.202817,
              624.816865
            ],
            [
              916.965642,
              629.638111
            ],
            [
              934.604279,
              634.299367
            ],
            [
              939.086151,
              638.840409
            ],
            [
              943.587404,
              643.368561
            ],
            [
              948.125825,
              647.859575
            ],
            [
              952.640342,
              652.374473
            ],
            [
              957.113294,
              656.888623
            ],
            [
              955.821407,
              662.897925
            ],
            [
              948.719251,
              670.505988
            ],
            [
              935.748202,
              679.616213
            ],
            [
              916.948864,
              690.256107
            ],
            [
              898.175987,
              700.944675
            ],
            [
              879.395514,
              711.619855
            ],
            [
              860.587441,
              722.246397
            ],
            [
              841.788872,
              732.900698
            ],
            [
              831.193782,
              743.162535
            ],
            [
              828.751782,
              752.97713
            ],
            [
              834.485923,
              762.388951
            ],
            [
              848.425252,
              771.307108
            ],
            [
              847.03849,
              776.177674
            ],
            [
              830.275826,
              777.067689
            ],
            [
              798.160543,
              773.954434
            ],
            [
              750.684904,
              766.886054
            ],
            [
              715.746543,
              760.378704
            ],
            [
              693.358058,
              754.407542
            ],
            [
              683.511972,
              749.069593
            ],
            [
              686.154213,
              744.328504
            ],
            [
              688.839198,
              739.570025
            ],
            [
              691.543028,
              734.8221
            ],
            [
              694.196896,
              730.046193
            ],
            [
              696.847913,
              725.24999
            ],
            [
              690.263637,
              719.684714
            ],
            [
              674.411381,
              713.383482
            ],
            [
              649.289592,
              706.379088
            ],
            [
              614.919981,
              698.587701
            ],
            [
              582.397095,
              692.798741
            ],
            [
              551.705914,
              689.097855
            ],
            [
              522.854905,
              687.467699
            ],
            [
              495.849098,
              687.8251
            ],
            [
              474.987879,
              681.848292
            ],
            [
              460.22992,
              669.601134
            ],
            [
              451.617916,
              651.005191
            ]
          ]
        ]
      }
    },
    {
      "type": "Feature",
      "properties": {
        "province": "Aelwynora",
        "name": "Aelwynora",
        "provinceName": "Aelwynora",
        "provinceKey": "aelwynora",
        "governmentType": "Consensus Democracy",
        "government": "Consensus Democracy",
        "overallPopulation": 47825000,
        "population": 47825000,
        "squareMiles": 5312083,
        "squareKilometers": 13758231.81,
        "centerLat": 61.1140968178185,
        "centerLon": -25.98206579918758,
        "centerPointCoordinates": {
          "x": 876.1909145646217,
          "y": 164.32869365863255,
          "lat": 61.1140968178185,
          "lon": -25.98206579918758,
          "latitude": 61.1140968178185,
          "longitude": -25.98206579918758
        },
        "color": "#FF4D6D",
        "borderColor": "#FF4D6D",
        "borderOpacity": 1,
        "borderWidth": 7,
        "borderVisible": false,
        "settlementScan": null,
        "featureKind": "province-border",
        "coordinateSpace": "Belavados map pixels",
        "provinceIndex": 1,
        "settlementCount": 11,
        "scannerDominantBiome": "Beach and grass with water",
        "scannerBiomeTypes": [
          "Beach and grass with water",
          "Partial forest",
          "Ocean Surface floating settlement"
        ],
        "scannerLandmarks": [
          "water",
          "mountain",
          "forest",
          "marsh",
          "grassland",
          "island",
          "valley"
        ],
        "correctedBy": "Manual hexcode authority pass v4",
        "biomes": [
          "Beach and grass with water",
          "Partial forest",
          "Ocean Surface floating settlement"
        ],
        "settlementBiomeSummary": {
          "Beach and grass with water": 8,
          "Partial forest": 6,
          "Ocean Surface floating settlement": 4,
          "Farming": 3,
          "Deep forest": 2,
          "Beach and reefs with water": 2,
          "Hybrid tree and forest floor": 1,
          "Marshes and swamps": 1,
          "Mountain range": 1,
          "Underwater without reefs": 1
        },
        "factions": [
          {
            "id": "fac_choral_synod",
            "name": "The Choral Synod",
            "subtitle": "many-peopled temple hegemony and pilgrim fleet",
            "primarySeat": "Auralisthra, Lun-tharave",
            "atTableRole": "Use for beautiful religious pressure, temple politics, submarine pilgrimages, healing-with-costs, and seductive cult authority.",
            "publicFace": "Heal the sick, protect pilgrim routes, interpret prophecy, and unite settlements through sacred processions.",
            "hiddenTeeth": "Their sacramental medicine can become debt bondage, addiction, ecstatic obedience, and doctrine-policed dependence on diluted ichor.",
            "patrons": [
              "Sokhivar",
              "Bastveig",
              "Valkhamesh",
              "Nebyrr",
              "Nefarokir"
            ],
            "alignmentTendency": {
              "Altruism": 1400,
              "Lawfulness": 2350,
              "Cooperation": 2000,
              "Honor": 1200
            },
            "riskModifier": 0.6
          },
          {
            "id": "fac_regent_lattice",
            "name": "The Regent Lattice",
            "subtitle": "surveillance occupation network and emergency administration regime",
            "primarySeat": "Glattonica, Earrorim",
            "atTableRole": "Use for dystopian horror, occupied stations, clock-and-ticket surveillance, ration dependency, and resistance campaigns.",
            "publicFace": "Restore order through permits, ration schedules, rail standardization, work assignments, emergency medicine, and public security.",
            "hiddenTeeth": "It bureaucratizes addiction, memory audits, family-level punishment, altered soldiers, and pure-ichor compliance masks until occupation feels like normal life.",
            "patrons": [
              "Nebyrr",
              "Raeshkul",
              "Eirzunet",
              "Oskar'enlil",
              "Enkirael"
            ],
            "alignmentTendency": {
              "Altruism": 650,
              "Lawfulness": 2750,
              "Cooperation": 1600,
              "Honor": 450
            },
            "riskModifier": 1.4
          }
        ],
        "associatedFactions": [
          "The Choral Synod",
          "The Regent Lattice"
        ],
        "borderLocked": true,
        "anchorsVisibleToPlayers": false,
        "playerEditable": false,
        "coordinateLines": {
          "coordinateLineRevision": "named meridians/parallels + realm-geometric UTC offset pass",
          "coordinateLineRevisionDateUTC": "2026-07-05",
          "longitudeLatitudeSource": "feature lon/lat properties or converted equirectangular source coordinates",
          "nearestNamedMeridian": {
            "longitude": -30.0,
            "line": "30° W",
            "name": "Horundar's Storm Meridian",
            "distanceDegrees": 4.017934
          },
          "nearestNamedParallel": {
            "latitude": 60.0,
            "line": "60° N",
            "name": "Fleysetl's Northern Underworld Gate",
            "distanceDegrees": 1.114097
          },
          "namedLongitudeBand": {
            "westLongitude": -30.0,
            "westLine": "30° W",
            "westName": "Horundar's Storm Meridian",
            "eastLongitude": 0.0,
            "eastLine": "0°",
            "eastName": "UTC",
            "bandName": "Horundar's Storm Meridian to UTC",
            "spanDegrees": 30.0,
            "wrapsAntimeridian": false
          },
          "namedLatitudeBand": {
            "northLatitude": 90.0,
            "northLine": "North Pole",
            "northName": "North Pole",
            "southLatitude": 60.0,
            "southLine": "60° N",
            "southName": "Fleysetl's Northern Underworld Gate",
            "bandName": "North Pole to Fleysetl's Northern Underworld Gate",
            "spanDegrees": 30.0
          },
          "utcTimeZone": {
            "utcOffset": "UTC-02:00",
            "utcOffsetCompact": "UTC-2",
            "utcOffsetHours": -2,
            "utcOffsetMinutes": -120,
            "zoneWidthDegrees": 15,
            "assignmentMethod": "geometric longitude band, 15° per hour, centered on 0° UTC",
            "notes": "This is realm-geometric UTC offset math by longitude, not political/IANA time-zone boundary data."
          }
        },
        "primaryUTC": "UTC-02:00",
        "utcOffset": "UTC-02:00",
        "utcOffsetCompact": "UTC-2",
        "utcOffsetHours": -2,
        "utcOffsetMinutes": -120,
        "nearestMeridianName": "Horundar's Storm Meridian",
        "nearestMeridianLine": "30° W",
        "nearestParallelName": "Fleysetl's Northern Underworld Gate",
        "nearestParallelLine": "60° N",
        "geometryCoordinateSpace": "original 2048x1024 equirectangular map pixels; use borders_wgs84.geojson for standard lon/lat geometry",
        "wgs84GeometryFile": "borders_wgs84.geojson",
        "landmarkAtlas": {
          "source": "Life In The World Of Belavadös.docx geography tables",
          "water": {
            "namedRiverDeltaCanalLake": "Seleneš Glasswater Sea",
            "namedBayGulfSeaSound": "Elarithen Pearl Bay",
            "feedingTerrain": "Beach and grass with water; Partial forest; Ocean Surface floating settlement"
          },
          "land": {
            "mountainRangeHighland": "Aelwynora Moonback Hills",
            "volcanoVentCaldera": "Wilsara Bluevent",
            "forestSwampLandmark": "Sylvarûn Saltleaf Groves"
          },
          "climate": {
            "climateBelt": "Sunbelt reef-wet belt",
            "dominantTerrain": "Beach and grass with water; Partial forest; Ocean Surface floating settlement",
            "namedWeather": "Silver-Salt Fog",
            "verticalNote": "highest settled weather band 1200 m; deepest recorded route 6200 m",
            "highestSettledWeatherBandMeters": 1200,
            "deepestRecordedRouteMeters": 6200
          },
          "governanceTransit": {
            "government": "Consensus Democracy",
            "population": "47,825,000",
            "coreBiomes": "Beach and grass with water; Partial forest; Ocean Surface floating settlement",
            "transitGroup": "Central Northern Transit Group",
            "surfaceShare": "2.653690551%"
          },
          "layerRefs": [
            "province_landmarks_3d.geojson",
            "water_landmarks_3d.geojson",
            "land_landmarks_3d.geojson",
            "weather_landmarks_3d.geojson",
            "vertical_landmarks_3d.geojson"
          ]
        },
        "enrichedAtUtc": "2026-07-06T22:31:22+00:00",
        "visibleByDefault": true,
        "showWhenProvinceSelected": true,
        "hideUntilProvinceDropdownSelection": true,
        "visibilityRule": "Hidden by default; reveal province border and pins only when this province is selected from dropdown.",
        "updatedAtUtc": "2026-07-07T06:30:07+00:00",
        "originalProvinceColorBeforePlayerMapStyle": "#3CB44B",
        "originalBorderColorBeforePlayerMapStyle": "#3CB44B",
        "originalBorderWidthBeforePlayerMapStyle": 8,
        "originalBorderOpacityBeforePlayerMapStyle": 0.25,
        "fillColor": "transparent",
        "fillOpacity": 0.035,
        "stroke": "#FF4D6D",
        "stroke-width": 12,
        "stroke-opacity": 1,
        "fill": "transparent",
        "fill-opacity": 0,
        "className": "province-border-shape bubbly-neon-province-border",
        "cssClass": "province-border-shape bubbly-neon-province-border",
        "mapLayerClass": "province-border-layer",
        "playerMapStyleApplied": true,
        "playerMapStyleSource": "player-map.css",
        "style": {
          "source": "player-map.css :: #provinceOverlay .province-border-shape",
          "className": "province-border-shape bubbly-neon-province-border",
          "cssClass": "province-border-shape bubbly-neon-province-border",
          "fill": "none",
          "fillColor": "transparent",
          "fillOpacity": 0,
          "fill-opacity": 0,
          "stroke": "#00FFFF",
          "strokeColor": "#00FFFF",
          "strokeWidth": 12,
          "stroke-width": 12,
          "strokeOpacity": 1,
          "stroke-opacity": 1,
          "strokeLineJoin": "round",
          "stroke-linejoin": "round",
          "strokeLineCap": "round",
          "stroke-linecap": "round",
          "strokeDashArray": "none",
          "stroke-dasharray": "none",
          "paintOrder": "stroke",
          "paint-order": "stroke",
          "vectorEffect": "non-scaling-stroke",
          "vector-effect": "non-scaling-stroke",
          "pointerEvents": "stroke",
          "pointer-events": "stroke",
          "cursor": "pointer",
          "transition": "filter .18s ease, stroke-width .18s ease, stroke .18s ease, transform .18s ease",
          "transformBox": "fill-box",
          "transformOrigin": "center center",
          "dropShadow": "drop-shadow(0 0 4px rgba(255,255,255,.55)) drop-shadow(0 0 10px rgba(0,255,255,.78)) drop-shadow(0 0 24px rgba(0,255,255,.46)) drop-shadow(0 0 42px rgba(0,255,255,.24))"
        },
        "hoverStyle": {
          "stroke": "#EFFFFF",
          "strokeColor": "#EFFFFF",
          "strokeWidth": 13,
          "stroke-width": 13,
          "fill": "none",
          "fillColor": "transparent",
          "fillOpacity": 0,
          "fill-opacity": 0,
          "transform": "scale(1.0025)",
          "dropShadow": "drop-shadow(0 0 6px rgba(255,255,255,.70)) drop-shadow(0 0 14px rgba(0,255,255,.95)) drop-shadow(0 0 30px rgba(0,255,255,.62)) drop-shadow(0 0 52px rgba(0,255,255,.34))"
        },
        "renderStyle": {
          "source": "player-map.css :: #provinceOverlay .province-border-shape",
          "className": "province-border-shape bubbly-neon-province-border",
          "cssClass": "province-border-shape bubbly-neon-province-border",
          "fill": "none",
          "fillColor": "transparent",
          "fillOpacity": 0,
          "fill-opacity": 0,
          "stroke": "#00FFFF",
          "strokeColor": "#00FFFF",
          "strokeWidth": 12,
          "stroke-width": 12,
          "strokeOpacity": 1,
          "stroke-opacity": 1,
          "strokeLineJoin": "round",
          "stroke-linejoin": "round",
          "strokeLineCap": "round",
          "stroke-linecap": "round",
          "strokeDashArray": "none",
          "stroke-dasharray": "none",
          "paintOrder": "stroke",
          "paint-order": "stroke",
          "vectorEffect": "non-scaling-stroke",
          "vector-effect": "non-scaling-stroke",
          "pointerEvents": "stroke",
          "pointer-events": "stroke",
          "cursor": "pointer",
          "transition": "filter .18s ease, stroke-width .18s ease, stroke .18s ease, transform .18s ease",
          "transformBox": "fill-box",
          "transformOrigin": "center center",
          "dropShadow": "drop-shadow(0 0 4px rgba(255,255,255,.55)) drop-shadow(0 0 10px rgba(0,255,255,.78)) drop-shadow(0 0 24px rgba(0,255,255,.46)) drop-shadow(0 0 42px rgba(0,255,255,.24))"
        },
        "renderHoverStyle": {
          "stroke": "#EFFFFF",
          "strokeColor": "#EFFFFF",
          "strokeWidth": 13,
          "stroke-width": 13,
          "fill": "none",
          "fillColor": "transparent",
          "fillOpacity": 0,
          "fill-opacity": 0,
          "transform": "scale(1.0025)",
          "dropShadow": "drop-shadow(0 0 6px rgba(255,255,255,.70)) drop-shadow(0 0 14px rgba(0,255,255,.95)) drop-shadow(0 0 30px rgba(0,255,255,.62)) drop-shadow(0 0 52px rgba(0,255,255,.34))"
        },
        "strokeWidth": 7,
        "strokeOpacity": 0.97,
        "lineCap": "round",
        "lineJoin": "round",
        "glowColor": "#FF4D6D",
        "glowBlur": 14,
        "waveStyle": "organic-rounded-wavy"
      },
      "geometry": {
        "type": "Polygon",
        "coordinates": [
          [
            [
              807.817585,
              162.070036
            ],
            [
              805.049864,
              155.564029
            ],
            [
              802.324186,
              149.059476
            ],
            [
              799.557457,
              142.572377
            ],
            [
              796.759395,
              136.098602
            ],
            [
              794.010757,
              129.609591
            ],
            [
              794.018006,
              121.456491
            ],
            [
              796.708965,
              111.6162
            ],
            [
              802.147706,
              100.091335
            ],
            [
              810.378987,
              86.918697
            ],
            [
              819.304474,
              73.017934
            ],
            [
              828.899052,
              58.371334
            ],
            [
              839.234267,
              43.025705
            ],
            [
              850.303042,
              26.991495
            ],
            [
              867.153477,
              15.055158
            ],
            [
              889.834047,
              7.21144
            ],
            [
              918.361992,
              3.542577
            ],
            [
              952.714507,
              4.002868
            ],
            [
              981.774561,
              9.202967
            ],
            [
              1005.543681,
              19.216578
            ],
            [
              1023.984497,
              34.072762
            ],
            [
              1037.143921,
              53.704234
            ],
            [
              1047.505544,
              71.878707
            ],
            [
              1054.989824,
              88.635665
            ],
            [
              1059.604861,
              103.956633
            ],
            [
              1061.434827,
              117.827371
            ],
            [
              1065.149929,
              130.290392
            ],
            [
              1070.685173,
              141.366464
            ],
            [
              1078.103829,
              151.038071
            ],
            [
              1087.421369,
              159.236742
            ],
            [
              1082.167073,
              170.606792
            ],
            [
              1062.305464,
              185.117725
            ],
            [
              1027.888838,
              202.813712
            ],
            [
              978.907864,
              223.69563
            ],
            [
              930.429523,
              244.320131
            ],
            [
              882.466206,
              264.71277
            ],
            [
              835.048351,
              284.944984
            ],
            [
              788.155375,
              304.967925
            ],
            [
              749.974599,
              317.691025
            ],
            [
              720.539148,
              323.18297
            ],
            [
              699.842001,
              321.487562
            ],
            [
              687.867578,
              312.521044
            ],
            [
              675.908117,
              303.517747
            ],
            [
              663.919961,
              294.552765
            ],
            [
              651.913847,
              285.61176
            ],
            [
              639.945119,
              276.632746
            ],
            [
              636.0447,
              265.390885
            ],
            [
              640.130248,
              251.855448
            ],
            [
              652.281751,
              236.013758
            ],
            [
              672.525336,
              217.925629
            ],
            [
              694.511835,
              203.170057
            ],
            [
              718.240157,
              191.71911
            ],
            [
              743.749216,
              183.65017
            ],
            [
              771.029272,
              178.960535
            ],
            [
              790.79734,
              173.777226
            ],
            [
              803.048657,
              168.133253
            ],
            [
              807.817585,
              162.070036
            ]
          ]
        ]
      }
    },
    {
      "type": "Feature",
      "properties": {
        "province": "Astraevos",
        "name": "Astraevos",
        "provinceName": "Astraevos",
        "provinceKey": "astraevos",
        "governmentType": "Noocracy",
        "government": "Noocracy",
        "overallPopulation": 65511000,
        "population": 65511000,
        "squareMiles": 5782148,
        "squareKilometers": 14975694.57,
        "centerLat": 24.31004313840168,
        "centerLon": 55.171453268915315,
        "centerPointCoordinates": {
          "x": 1337.864267485385,
          "y": 373.7028657015371,
          "lat": 24.31004313840168,
          "lon": 55.171453268915315,
          "latitude": 24.31004313840168,
          "longitude": 55.171453268915315
        },
        "color": "#FFD166",
        "borderColor": "#FFD166",
        "borderOpacity": 1,
        "borderWidth": 7,
        "borderVisible": false,
        "settlementScan": null,
        "featureKind": "province-border",
        "coordinateSpace": "Belavados map pixels",
        "provinceIndex": 2,
        "settlementCount": 9,
        "scannerDominantBiome": "Beach and grass with water",
        "scannerBiomeTypes": [
          "Beach and grass with water",
          "Beach and reefs with water",
          "Partial forest"
        ],
        "scannerLandmarks": [
          "water",
          "mountain",
          "forest",
          "marsh",
          "island",
          "reef",
          "valley"
        ],
        "correctedBy": "Manual hexcode authority pass v4",
        "biomes": [
          "Beach and grass with water",
          "Beach and reefs with water",
          "Partial forest"
        ],
        "settlementBiomeSummary": {
          "Beach and grass with water": 5,
          "Beach and reefs with water": 4,
          "Partial forest": 4,
          "Ocean Surface floating settlement": 2,
          "Farming": 2,
          "Deep forest": 2,
          "Marshes and swamps": 2,
          "Grassland": 1,
          "Hybrid tree and forest floor": 1,
          "Treetops - treehouses": 1
        },
        "factions": [
          {
            "id": "fac_brass_concordat",
            "name": "The Brass Concordat",
            "subtitle": "cross-provincial diplomatic council and covert writ network",
            "primarySeat": "Avarelyn, Valerune",
            "atTableRole": "Use for legal patrons, embassy intrigue, travel permits, secret missions, and political compromise that may save or stain the party.",
            "publicFace": "Prevent open war, license ichor trade, protect treaty systems, and provide lawful travel cover during crises.",
            "hiddenTeeth": "Its plausible deniability lets quiet agents bury evidence, sanitize memories, and permit limited pure-ichor use when survival seems to require it.",
            "patrons": [
              "Nebyrr",
              "Raeshkul",
              "Nefarokir",
              "Nephthysra",
              "Marduthor"
            ],
            "alignmentTendency": {
              "Altruism": 1600,
              "Lawfulness": 2300,
              "Cooperation": 2000,
              "Honor": 1500
            },
            "riskModifier": -0.1
          },
          {
            "id": "fac_regent_lattice",
            "name": "The Regent Lattice",
            "subtitle": "surveillance occupation network and emergency administration regime",
            "primarySeat": "Glattonica, Earrorim",
            "atTableRole": "Use for dystopian horror, occupied stations, clock-and-ticket surveillance, ration dependency, and resistance campaigns.",
            "publicFace": "Restore order through permits, ration schedules, rail standardization, work assignments, emergency medicine, and public security.",
            "hiddenTeeth": "It bureaucratizes addiction, memory audits, family-level punishment, altered soldiers, and pure-ichor compliance masks until occupation feels like normal life.",
            "patrons": [
              "Nebyrr",
              "Raeshkul",
              "Eirzunet",
              "Oskar'enlil",
              "Enkirael"
            ],
            "alignmentTendency": {
              "Altruism": 650,
              "Lawfulness": 2750,
              "Cooperation": 1600,
              "Honor": 450
            },
            "riskModifier": 1.4
          }
        ],
        "associatedFactions": [
          "The Brass Concordat",
          "The Regent Lattice"
        ],
        "borderLocked": true,
        "anchorsVisibleToPlayers": false,
        "playerEditable": false,
        "coordinateLines": {
          "coordinateLineRevision": "named meridians/parallels + realm-geometric UTC offset pass",
          "coordinateLineRevisionDateUTC": "2026-07-05",
          "longitudeLatitudeSource": "feature lon/lat properties or converted equirectangular source coordinates",
          "nearestNamedMeridian": {
            "longitude": 60.0,
            "line": "60° E",
            "name": "Sokhivar's Sunroad Meridian",
            "distanceDegrees": 4.828547
          },
          "nearestNamedParallel": {
            "latitude": 25.0,
            "line": "25° N",
            "name": "Raeshkul's Thoughtline",
            "distanceDegrees": 0.689957
          },
          "namedLongitudeBand": {
            "westLongitude": 30.0,
            "westLine": "30° E",
            "westName": "Raeshkul's Calculation Meridian",
            "eastLongitude": 60.0,
            "eastLine": "60° E",
            "eastName": "Sokhivar's Sunroad Meridian",
            "bandName": "Raeshkul's Calculation Meridian to Sokhivar's Sunroad Meridian",
            "spanDegrees": 30.0,
            "wrapsAntimeridian": false
          },
          "namedLatitudeBand": {
            "northLatitude": 25.0,
            "northLine": "25° N",
            "northName": "Raeshkul's Thoughtline",
            "southLatitude": 0.0,
            "southLine": "0°",
            "southName": "Equator",
            "bandName": "Raeshkul's Thoughtline to Equator",
            "spanDegrees": 25.0
          },
          "utcTimeZone": {
            "utcOffset": "UTC+04:00",
            "utcOffsetCompact": "UTC+4",
            "utcOffsetHours": 4,
            "utcOffsetMinutes": 240,
            "zoneWidthDegrees": 15,
            "assignmentMethod": "geometric longitude band, 15° per hour, centered on 0° UTC",
            "notes": "This is realm-geometric UTC offset math by longitude, not political/IANA time-zone boundary data."
          }
        },
        "primaryUTC": "UTC+04:00",
        "utcOffset": "UTC+04:00",
        "utcOffsetCompact": "UTC+4",
        "utcOffsetHours": 4,
        "utcOffsetMinutes": 240,
        "nearestMeridianName": "Sokhivar's Sunroad Meridian",
        "nearestMeridianLine": "60° E",
        "nearestParallelName": "Raeshkul's Thoughtline",
        "nearestParallelLine": "25° N",
        "geometryCoordinateSpace": "original 2048x1024 equirectangular map pixels; use borders_wgs84.geojson for standard lon/lat geometry",
        "wgs84GeometryFile": "borders_wgs84.geojson",
        "landmarkAtlas": {
          "source": "Life In The World Of Belavadös.docx geography tables",
          "water": {
            "namedRiverDeltaCanalLake": "Vaelunthir Mirror Gulf",
            "namedBayGulfSeaSound": "Astraevos Reefcourt",
            "feedingTerrain": "Beach and grass with water; Beach and reefs with water; Partial forest"
          },
          "land": {
            "mountainRangeHighland": "Cyralune Palehorns",
            "volcanoVentCaldera": "Aelvoryn Glass Cone",
            "forestSwampLandmark": "Mythalora Rainveil"
          },
          "climate": {
            "climateBelt": "Sunbelt reef-wet belt",
            "dominantTerrain": "Beach and grass with water; Beach and reefs with water; Partial forest",
            "namedWeather": "Mirror-Squall Line",
            "verticalNote": "highest settled weather band 220 m; deepest recorded route 4800 m",
            "highestSettledWeatherBandMeters": 220,
            "deepestRecordedRouteMeters": 4800
          },
          "governanceTransit": {
            "government": "Noocracy",
            "population": "65,511,000",
            "coreBiomes": "Beach and grass with water; Beach and reefs with water; Partial forest",
            "transitGroup": "Central Equatorial Transit Group",
            "surfaceShare": "4.790732539%"
          },
          "layerRefs": [
            "province_landmarks_3d.geojson",
            "water_landmarks_3d.geojson",
            "land_landmarks_3d.geojson",
            "weather_landmarks_3d.geojson",
            "vertical_landmarks_3d.geojson"
          ]
        },
        "enrichedAtUtc": "2026-07-06T22:31:22+00:00",
        "visibleByDefault": true,
        "showWhenProvinceSelected": true,
        "hideUntilProvinceDropdownSelection": true,
        "visibilityRule": "Hidden by default; reveal province border and pins only when this province is selected from dropdown.",
        "updatedAtUtc": "2026-07-07T06:30:07+00:00",
        "originalProvinceColorBeforePlayerMapStyle": "#4363D8",
        "originalBorderColorBeforePlayerMapStyle": "#4363D8",
        "originalBorderWidthBeforePlayerMapStyle": 8,
        "originalBorderOpacityBeforePlayerMapStyle": 0.25,
        "fillColor": "transparent",
        "fillOpacity": 0.035,
        "stroke": "#FFD166",
        "stroke-width": 12,
        "stroke-opacity": 1,
        "fill": "transparent",
        "fill-opacity": 0,
        "className": "province-border-shape bubbly-neon-province-border",
        "cssClass": "province-border-shape bubbly-neon-province-border",
        "mapLayerClass": "province-border-layer",
        "playerMapStyleApplied": true,
        "playerMapStyleSource": "player-map.css",
        "style": {
          "source": "player-map.css :: #provinceOverlay .province-border-shape",
          "className": "province-border-shape bubbly-neon-province-border",
          "cssClass": "province-border-shape bubbly-neon-province-border",
          "fill": "none",
          "fillColor": "transparent",
          "fillOpacity": 0,
          "fill-opacity": 0,
          "stroke": "#00FFFF",
          "strokeColor": "#00FFFF",
          "strokeWidth": 12,
          "stroke-width": 12,
          "strokeOpacity": 1,
          "stroke-opacity": 1,
          "strokeLineJoin": "round",
          "stroke-linejoin": "round",
          "strokeLineCap": "round",
          "stroke-linecap": "round",
          "strokeDashArray": "none",
          "stroke-dasharray": "none",
          "paintOrder": "stroke",
          "paint-order": "stroke",
          "vectorEffect": "non-scaling-stroke",
          "vector-effect": "non-scaling-stroke",
          "pointerEvents": "stroke",
          "pointer-events": "stroke",
          "cursor": "pointer",
          "transition": "filter .18s ease, stroke-width .18s ease, stroke .18s ease, transform .18s ease",
          "transformBox": "fill-box",
          "transformOrigin": "center center",
          "dropShadow": "drop-shadow(0 0 4px rgba(255,255,255,.55)) drop-shadow(0 0 10px rgba(0,255,255,.78)) drop-shadow(0 0 24px rgba(0,255,255,.46)) drop-shadow(0 0 42px rgba(0,255,255,.24))"
        },
        "hoverStyle": {
          "stroke": "#EFFFFF",
          "strokeColor": "#EFFFFF",
          "strokeWidth": 13,
          "stroke-width": 13,
          "fill": "none",
          "fillColor": "transparent",
          "fillOpacity": 0,
          "fill-opacity": 0,
          "transform": "scale(1.0025)",
          "dropShadow": "drop-shadow(0 0 6px rgba(255,255,255,.70)) drop-shadow(0 0 14px rgba(0,255,255,.95)) drop-shadow(0 0 30px rgba(0,255,255,.62)) drop-shadow(0 0 52px rgba(0,255,255,.34))"
        },
        "renderStyle": {
          "source": "player-map.css :: #provinceOverlay .province-border-shape",
          "className": "province-border-shape bubbly-neon-province-border",
          "cssClass": "province-border-shape bubbly-neon-province-border",
          "fill": "none",
          "fillColor": "transparent",
          "fillOpacity": 0,
          "fill-opacity": 0,
          "stroke": "#00FFFF",
          "strokeColor": "#00FFFF",
          "strokeWidth": 12,
          "stroke-width": 12,
          "strokeOpacity": 1,
          "stroke-opacity": 1,
          "strokeLineJoin": "round",
          "stroke-linejoin": "round",
          "strokeLineCap": "round",
          "stroke-linecap": "round",
          "strokeDashArray": "none",
          "stroke-dasharray": "none",
          "paintOrder": "stroke",
          "paint-order": "stroke",
          "vectorEffect": "non-scaling-stroke",
          "vector-effect": "non-scaling-stroke",
          "pointerEvents": "stroke",
          "pointer-events": "stroke",
          "cursor": "pointer",
          "transition": "filter .18s ease, stroke-width .18s ease, stroke .18s ease, transform .18s ease",
          "transformBox": "fill-box",
          "transformOrigin": "center center",
          "dropShadow": "drop-shadow(0 0 4px rgba(255,255,255,.55)) drop-shadow(0 0 10px rgba(0,255,255,.78)) drop-shadow(0 0 24px rgba(0,255,255,.46)) drop-shadow(0 0 42px rgba(0,255,255,.24))"
        },
        "renderHoverStyle": {
          "stroke": "#EFFFFF",
          "strokeColor": "#EFFFFF",
          "strokeWidth": 13,
          "stroke-width": 13,
          "fill": "none",
          "fillColor": "transparent",
          "fillOpacity": 0,
          "fill-opacity": 0,
          "transform": "scale(1.0025)",
          "dropShadow": "drop-shadow(0 0 6px rgba(255,255,255,.70)) drop-shadow(0 0 14px rgba(0,255,255,.95)) drop-shadow(0 0 30px rgba(0,255,255,.62)) drop-shadow(0 0 52px rgba(0,255,255,.34))"
        },
        "strokeWidth": 7,
        "strokeOpacity": 0.97,
        "lineCap": "round",
        "lineJoin": "round",
        "glowColor": "#FFD166",
        "glowBlur": 14,
        "waveStyle": "organic-rounded-wavy"
      },
      "geometry": {
        "type": "Polygon",
        "coordinates": [
          [
            [
              1322.359522,
              300.882693
            ],
            [
              1326.796915,
              293.219504
            ],
            [
              1331.243633,
              285.575994
            ],
            [
              1335.736546,
              277.959488
            ],
            [
              1340.201928,
              270.32689
            ],
            [
              1344.633659,
              262.676195
            ],
            [
              1351.601335,
              258.401189
            ],
            [
              1361.060038,
              257.496667
            ],
            [
              1373.022636,
              259.877906
            ],
            [
              1387.501885,
              265.595726
            ],
            [
              1401.526488,
              273.448357
            ],
            [
              1415.122717,
              283.371956
            ],
            [
              1428.32631,
              295.338168
            ],
            [
              1441.084583,
              309.41193
            ],
            [
              1452.064205,
              323.236241
            ],
            [
              1461.332495,
              336.756172
            ],
            [
              1468.885299,
              349.985035
            ],
            [
              1474.647824,
              362.965077
            ],
            [
              1483.099076,
              373.736797
            ],
            [
              1494.288567,
              382.24224
            ],
            [
              1508.165174,
              388.516835
            ],
            [
              1524.704886,
              392.610506
            ],
            [
              1525.036577,
              398.973391
            ],
            [
              1509.213372,
              407.832658
            ],
            [
              1477.149038,
              419.063215
            ],
            [
              1428.862848,
              432.649338
            ],
            [
              1387.994496,
              444.169782
            ],
            [
              1354.537469,
              453.598973
            ],
            [
              1328.470052,
              460.85934
            ],
            [
              1309.807976,
              465.997835
            ],
            [
              1294.067872,
              468.601559
            ],
            [
              1281.228871,
              468.602001
            ],
            [
              1271.313717,
              465.961094
            ],
            [
              1264.304417,
              460.762156
            ],
            [
              1257.262018,
              455.594158
            ],
            [
              1250.245339,
              450.391385
            ],
            [
              1243.245699,
              445.165569
            ],
            [
              1236.210855,
              439.983351
            ],
            [
              1228.366907,
              435.227552
            ],
            [
              1219.749531,
              430.836262
            ],
            [
              1210.325861,
              426.862007
            ],
            [
              1200.082884,
              423.353592
            ],
            [
              1189.849433,
              419.823384
            ],
            [
              1179.632678,
              416.245006
            ],
            [
              1169.404218,
              412.7004
            ],
            [
              1159.166257,
              409.189373
            ],
            [
              1158.165096,
              400.608606
            ],
            [
              1166.383824,
              387.00424
            ],
            [
              1183.767732,
              368.317089
            ],
            [
              1210.362738,
              344.576835
            ],
            [
              1234.422002,
              327.019698
            ],
            [
              1255.894635,
              315.590608
            ],
            [
              1274.77856,
              310.247096
            ],
            [
              1291.11352,
              311.067879
            ],
            [
              1304.492744,
              309.813425
            ],
            [
              1314.900978,
              306.395826
            ],
            [
              1322.359522,
              300.882693
            ]
          ]
        ]
      }
    },
    {
      "type": "Feature",
      "properties": {
        "province": "Bravelyn",
        "name": "Bravelyn",
        "provinceName": "Bravelyn",
        "provinceKey": "bravelyn",
        "governmentType": "Gerontocracy",
        "government": "Gerontocracy",
        "overallPopulation": 35977000,
        "population": 35977000,
        "squareMiles": 3350973,
        "squareKilometers": 8678980.23,
        "centerLat": -65.17037932437955,
        "centerLon": -34.488476288357674,
        "centerPointCoordinates": {
          "x": 827.7988904484541,
          "y": 882.747046823137,
          "lat": -65.17037932437955,
          "lon": -34.488476288357674,
          "latitude": -65.17037932437955,
          "longitude": -34.488476288357674
        },
        "color": "#FF00FF",
        "borderColor": "#FF00FF",
        "borderOpacity": 1,
        "borderWidth": 7,
        "borderVisible": false,
        "settlementScan": null,
        "featureKind": "province-border",
        "coordinateSpace": "Belavados map pixels",
        "provinceIndex": 3,
        "settlementCount": 10,
        "scannerDominantBiome": "Beach and grass with water",
        "scannerBiomeTypes": [
          "Beach and grass with water",
          "Beach and reefs with water",
          "Partial forest"
        ],
        "scannerLandmarks": [
          "water",
          "mountain",
          "island",
          "forest",
          "reef",
          "valley",
          "marsh"
        ],
        "correctedBy": "Manual hexcode authority pass v4",
        "biomes": [
          "Beach and grass with water",
          "Beach and reefs with water",
          "Partial forest"
        ],
        "settlementBiomeSummary": {
          "Beach and grass with water": 10,
          "Beach and reefs with water": 7,
          "Partial forest": 4,
          "Ocean Surface floating settlement": 3,
          "Deep forest": 2,
          "Farming": 1,
          "Mountain range": 1
        },
        "factions": [
          {
            "id": "fac_glasswell_institute",
            "name": "The Glasswell Institute",
            "subtitle": "arcane-science corporation and test-chamber bureaucracy",
            "primarySeat": "Gildri, Ceulrithan",
            "atTableRole": "Use for dark comedy, puzzle dungeons, consent-waiver horror, scientific corruption, and polite villains with excellent stationery.",
            "publicFace": "Solve plague, famine, transit safety, magical instability, and portal stress through regulated experimentation.",
            "hiddenTeeth": "Its basements hide forced replacement, consciousness transfer, loyalty conditioning, personhood theft, and pure-ichor memory studies.",
            "patrons": [
              "Setrimir",
              "Raeshkul",
              "Oskar'enlil",
              "Marduthor",
              "Thoryn-Rahek"
            ],
            "alignmentTendency": {
              "Altruism": 1100,
              "Lawfulness": 2400,
              "Cooperation": 1200,
              "Honor": 700
            },
            "riskModifier": 1.1
          }
        ],
        "associatedFactions": [
          "The Glasswell Institute"
        ],
        "borderLocked": true,
        "anchorsVisibleToPlayers": false,
        "playerEditable": false,
        "coordinateLines": {
          "coordinateLineRevision": "named meridians/parallels + realm-geometric UTC offset pass",
          "coordinateLineRevisionDateUTC": "2026-07-05",
          "longitudeLatitudeSource": "feature lon/lat properties or converted equirectangular source coordinates",
          "nearestNamedMeridian": {
            "longitude": -30.0,
            "line": "30° W",
            "name": "Horundar's Storm Meridian",
            "distanceDegrees": 4.488476
          },
          "nearestNamedParallel": {
            "latitude": -65.0,
            "line": "65° S",
            "name": "Thoryn-Rahek's Southern Underworld Gate",
            "distanceDegrees": 0.170379
          },
          "namedLongitudeBand": {
            "westLongitude": -60.0,
            "westLine": "60° W",
            "westName": "Bastveig's Tidegate Meridian",
            "eastLongitude": -30.0,
            "eastLine": "30° W",
            "eastName": "Horundar's Storm Meridian",
            "bandName": "Bastveig's Tidegate Meridian to Horundar's Storm Meridian",
            "spanDegrees": 30.0,
            "wrapsAntimeridian": false
          },
          "namedLatitudeBand": {
            "northLatitude": -65.0,
            "northLine": "65° S",
            "northName": "Thoryn-Rahek's Southern Underworld Gate",
            "southLatitude": -90.0,
            "southLine": "South Pole",
            "southName": "South Pole",
            "bandName": "Thoryn-Rahek's Southern Underworld Gate to South Pole",
            "spanDegrees": 25.0
          },
          "utcTimeZone": {
            "utcOffset": "UTC-02:00",
            "utcOffsetCompact": "UTC-2",
            "utcOffsetHours": -2,
            "utcOffsetMinutes": -120,
            "zoneWidthDegrees": 15,
            "assignmentMethod": "geometric longitude band, 15° per hour, centered on 0° UTC",
            "notes": "This is realm-geometric UTC offset math by longitude, not political/IANA time-zone boundary data."
          }
        },
        "primaryUTC": "UTC-02:00",
        "utcOffset": "UTC-02:00",
        "utcOffsetCompact": "UTC-2",
        "utcOffsetHours": -2,
        "utcOffsetMinutes": -120,
        "nearestMeridianName": "Horundar's Storm Meridian",
        "nearestMeridianLine": "30° W",
        "nearestParallelName": "Thoryn-Rahek's Southern Underworld Gate",
        "nearestParallelLine": "65° S",
        "geometryCoordinateSpace": "original 2048x1024 equirectangular map pixels; use borders_wgs84.geojson for standard lon/lat geometry",
        "wgs84GeometryFile": "borders_wgs84.geojson",
        "landmarkAtlas": {
          "source": "Life In The World Of Belavadös.docx geography tables",
          "water": {
            "namedRiverDeltaCanalLake": "Loxvire Emberwash",
            "namedBayGulfSeaSound": "Qasvire Southreach",
            "feedingTerrain": "Beach and grass with water; Beach and reefs with water; Partial forest"
          },
          "land": {
            "mountainRangeHighland": "Bravelyn Magenta Spines",
            "volcanoVentCaldera": "Rynblast Caldera",
            "forestSwampLandmark": "Qelvandra Thornfields"
          },
          "climate": {
            "climateBelt": "Sunbelt reef-wet belt",
            "dominantTerrain": "Beach and grass with water; Beach and reefs with water; Partial forest",
            "namedWeather": "Ember-Heat Dryline",
            "verticalNote": "highest settled weather band 1200 m; deepest recorded route 4800 m",
            "highestSettledWeatherBandMeters": 1200,
            "deepestRecordedRouteMeters": 4800
          },
          "governanceTransit": {
            "government": "Gerontocracy",
            "population": "35,977,000",
            "coreBiomes": "Beach and grass with water; Beach and reefs with water; Partial forest",
            "transitGroup": "Central Southern Transit Group",
            "surfaceShare": "2.145553475%"
          },
          "layerRefs": [
            "province_landmarks_3d.geojson",
            "water_landmarks_3d.geojson",
            "land_landmarks_3d.geojson",
            "weather_landmarks_3d.geojson",
            "vertical_landmarks_3d.geojson"
          ]
        },
        "enrichedAtUtc": "2026-07-06T22:31:22+00:00",
        "visibleByDefault": true,
        "showWhenProvinceSelected": true,
        "hideUntilProvinceDropdownSelection": true,
        "visibilityRule": "Hidden by default; reveal province border and pins only when this province is selected from dropdown.",
        "updatedAtUtc": "2026-07-07T06:30:07+00:00",
        "originalProvinceColorBeforePlayerMapStyle": "#F58231",
        "originalBorderColorBeforePlayerMapStyle": "#F58231",
        "originalBorderWidthBeforePlayerMapStyle": 8,
        "originalBorderOpacityBeforePlayerMapStyle": 0.25,
        "fillColor": "transparent",
        "fillOpacity": 0.035,
        "stroke": "#FF00FF",
        "stroke-width": 12,
        "stroke-opacity": 1,
        "fill": "transparent",
        "fill-opacity": 0,
        "className": "province-border-shape bubbly-neon-province-border",
        "cssClass": "province-border-shape bubbly-neon-province-border",
        "mapLayerClass": "province-border-layer",
        "playerMapStyleApplied": true,
        "playerMapStyleSource": "player-map.css",
        "style": {
          "source": "player-map.css :: #provinceOverlay .province-border-shape",
          "className": "province-border-shape bubbly-neon-province-border",
          "cssClass": "province-border-shape bubbly-neon-province-border",
          "fill": "none",
          "fillColor": "transparent",
          "fillOpacity": 0,
          "fill-opacity": 0,
          "stroke": "#00FFFF",
          "strokeColor": "#00FFFF",
          "strokeWidth": 12,
          "stroke-width": 12,
          "strokeOpacity": 1,
          "stroke-opacity": 1,
          "strokeLineJoin": "round",
          "stroke-linejoin": "round",
          "strokeLineCap": "round",
          "stroke-linecap": "round",
          "strokeDashArray": "none",
          "stroke-dasharray": "none",
          "paintOrder": "stroke",
          "paint-order": "stroke",
          "vectorEffect": "non-scaling-stroke",
          "vector-effect": "non-scaling-stroke",
          "pointerEvents": "stroke",
          "pointer-events": "stroke",
          "cursor": "pointer",
          "transition": "filter .18s ease, stroke-width .18s ease, stroke .18s ease, transform .18s ease",
          "transformBox": "fill-box",
          "transformOrigin": "center center",
          "dropShadow": "drop-shadow(0 0 4px rgba(255,255,255,.55)) drop-shadow(0 0 10px rgba(0,255,255,.78)) drop-shadow(0 0 24px rgba(0,255,255,.46)) drop-shadow(0 0 42px rgba(0,255,255,.24))"
        },
        "hoverStyle": {
          "stroke": "#EFFFFF",
          "strokeColor": "#EFFFFF",
          "strokeWidth": 13,
          "stroke-width": 13,
          "fill": "none",
          "fillColor": "transparent",
          "fillOpacity": 0,
          "fill-opacity": 0,
          "transform": "scale(1.0025)",
          "dropShadow": "drop-shadow(0 0 6px rgba(255,255,255,.70)) drop-shadow(0 0 14px rgba(0,255,255,.95)) drop-shadow(0 0 30px rgba(0,255,255,.62)) drop-shadow(0 0 52px rgba(0,255,255,.34))"
        },
        "renderStyle": {
          "source": "player-map.css :: #provinceOverlay .province-border-shape",
          "className": "province-border-shape bubbly-neon-province-border",
          "cssClass": "province-border-shape bubbly-neon-province-border",
          "fill": "none",
          "fillColor": "transparent",
          "fillOpacity": 0,
          "fill-opacity": 0,
          "stroke": "#00FFFF",
          "strokeColor": "#00FFFF",
          "strokeWidth": 12,
          "stroke-width": 12,
          "strokeOpacity": 1,
          "stroke-opacity": 1,
          "strokeLineJoin": "round",
          "stroke-linejoin": "round",
          "strokeLineCap": "round",
          "stroke-linecap": "round",
          "strokeDashArray": "none",
          "stroke-dasharray": "none",
          "paintOrder": "stroke",
          "paint-order": "stroke",
          "vectorEffect": "non-scaling-stroke",
          "vector-effect": "non-scaling-stroke",
          "pointerEvents": "stroke",
          "pointer-events": "stroke",
          "cursor": "pointer",
          "transition": "filter .18s ease, stroke-width .18s ease, stroke .18s ease, transform .18s ease",
          "transformBox": "fill-box",
          "transformOrigin": "center center",
          "dropShadow": "drop-shadow(0 0 4px rgba(255,255,255,.55)) drop-shadow(0 0 10px rgba(0,255,255,.78)) drop-shadow(0 0 24px rgba(0,255,255,.46)) drop-shadow(0 0 42px rgba(0,255,255,.24))"
        },
        "renderHoverStyle": {
          "stroke": "#EFFFFF",
          "strokeColor": "#EFFFFF",
          "strokeWidth": 13,
          "stroke-width": 13,
          "fill": "none",
          "fillColor": "transparent",
          "fillOpacity": 0,
          "fill-opacity": 0,
          "transform": "scale(1.0025)",
          "dropShadow": "drop-shadow(0 0 6px rgba(255,255,255,.70)) drop-shadow(0 0 14px rgba(0,255,255,.95)) drop-shadow(0 0 30px rgba(0,255,255,.62)) drop-shadow(0 0 52px rgba(0,255,255,.34))"
        },
        "strokeWidth": 7,
        "strokeOpacity": 0.97,
        "lineCap": "round",
        "lineJoin": "round",
        "glowColor": "#FF00FF",
        "glowBlur": 14,
        "waveStyle": "organic-rounded-wavy"
      },
      "geometry": {
        "type": "Polygon",
        "coordinates": [
          [
            [
              934.834463,
              831.850347
            ],
            [
              951.071034,
              837.803409
            ],
            [
              965.787721,
              843.734992
            ],
            [
              979.004507,
              849.604128
            ],
            [
              990.689893,
              855.485638
            ],
            [
              1000.826704,
              861.389305
            ],
            [
              1006.577693,
              867.336699
            ],
            [
              1007.973305,
              873.367956
            ],
            [
              1004.933251,
              879.510641
            ],
            [
              997.483117,
              885.742674
            ],
            [
              991.505615,
              891.257366
            ],
            [
              986.966759,
              896.00273
            ],
            [
              983.821769,
              899.946503
            ],
            [
              982.124823,
              903.149378
            ],
            [
              981.258451,
              909.168058
            ],
            [
              981.13657,
              917.985766
            ],
            [
              981.756554,
              929.61584
            ],
            [
              983.206773,
              944.052354
            ],
            [
              984.922655,
              955.718028
            ],
            [
              986.826862,
              964.627284
            ],
            [
              988.972687,
              970.780386
            ],
            [
              991.410028,
              974.104183
            ],
            [
              985.783248,
              977.597132
            ],
            [
              972.0653,
              981.17528
            ],
            [
              950.294593,
              984.90157
            ],
            [
              920.46824,
              988.790155
            ],
            [
              895.808241,
              991.068903
            ],
            [
              876.321978,
              991.751078
            ],
            [
              862.012385,
              990.921704
            ],
            [
              852.869154,
              988.54131
            ],
            [
              840.555427,
              983.776878
            ],
            [
              825.056113,
              976.690052
            ],
            [
              806.345397,
              967.326183
            ],
            [
              784.458098,
              955.614603
            ],
            [
              763.052578,
              941.601254
            ],
            [
              742.081213,
              925.358368
            ],
            [
              721.538616,
              906.878391
            ],
            [
              701.4852,
              886.097015
            ],
            [
              685.433267,
              866.4486
            ],
            [
              673.320456,
              847.97897
            ],
            [
              665.186021,
              830.650131
            ],
            [
              661.089357,
              814.44792
            ],
            [
              659.191117,
              800.401064
            ],
            [
              659.450545,
              788.502705
            ],
            [
              661.950199,
              778.748806
            ],
            [
              666.671311,
              771.180939
            ],
            [
              682.725626,
              767.232419
            ],
            [
              710.16765,
              766.912765
            ],
            [
              748.980809,
              770.312746
            ],
            [
              799.159202,
              777.390176
            ],
            [
              839.051985,
              784.838326
            ],
            [
              868.651291,
              792.723289
            ],
            [
              887.933107,
              801.088139
            ],
            [
              896.925838,
              809.856987
            ],
            [
              907.764487,
              817.884659
            ],
            [
              920.388673,
              825.234141
            ],
            [
              934.834463,
              831.850347
            ]
          ]
        ]
      }
    },
    {
      "type": "Feature",
      "properties": {
        "province": "Ceulrithan",
        "name": "Ceulrithan",
        "provinceName": "Ceulrithan",
        "provinceKey": "ceulrithan",
        "governmentType": "Confessional State",
        "government": "Confessional State",
        "overallPopulation": 66037000,
        "population": 66037000,
        "squareMiles": 5296856,
        "squareKilometers": 13718794.06,
        "centerLat": -39.629770859593435,
        "centerLon": -3.078721578732484,
        "centerPointCoordinates": {
          "x": 1006.4854950187663,
          "y": 737.4493631123538,
          "lat": -39.629770859593435,
          "lon": -3.078721578732484,
          "latitude": -39.629770859593435,
          "longitude": -3.078721578732484
        },
        "color": "#FF7A00",
        "borderColor": "#FF7A00",
        "borderOpacity": 1,
        "borderWidth": 7,
        "borderVisible": false,
        "settlementScan": null,
        "featureKind": "province-border",
        "coordinateSpace": "Belavados map pixels",
        "provinceIndex": 4,
        "settlementCount": 9,
        "scannerDominantBiome": "Farming",
        "scannerBiomeTypes": [
          "Farming",
          "Partial forest",
          "Beach and grass with water"
        ],
        "scannerLandmarks": [
          "mountain",
          "water",
          "forest",
          "marsh",
          "island"
        ],
        "correctedBy": "Manual hexcode authority pass v4",
        "biomes": [
          "Farming",
          "Partial forest",
          "Beach and grass with water"
        ],
        "settlementBiomeSummary": {
          "Farming": 6,
          "Partial forest": 5,
          "Beach and grass with water": 5,
          "Beach and reefs with water": 3,
          "Deep forest": 3,
          "Grassland": 2,
          "Ocean Surface floating settlement": 1,
          "Marshes and swamps": 1
        },
        "factions": [
          {
            "id": "fac_glasswell_institute",
            "name": "The Glasswell Institute",
            "subtitle": "arcane-science corporation and test-chamber bureaucracy",
            "primarySeat": "Gildri, Ceulrithan",
            "atTableRole": "Use for dark comedy, puzzle dungeons, consent-waiver horror, scientific corruption, and polite villains with excellent stationery.",
            "publicFace": "Solve plague, famine, transit safety, magical instability, and portal stress through regulated experimentation.",
            "hiddenTeeth": "Its basements hide forced replacement, consciousness transfer, loyalty conditioning, personhood theft, and pure-ichor memory studies.",
            "patrons": [
              "Setrimir",
              "Raeshkul",
              "Oskar'enlil",
              "Marduthor",
              "Thoryn-Rahek"
            ],
            "alignmentTendency": {
              "Altruism": 1100,
              "Lawfulness": 2400,
              "Cooperation": 1200,
              "Honor": 700
            },
            "riskModifier": 1.1
          }
        ],
        "associatedFactions": [
          "The Glasswell Institute"
        ],
        "borderLocked": true,
        "anchorsVisibleToPlayers": false,
        "playerEditable": false,
        "coordinateLines": {
          "coordinateLineRevision": "named meridians/parallels + realm-geometric UTC offset pass",
          "coordinateLineRevisionDateUTC": "2026-07-05",
          "longitudeLatitudeSource": "feature lon/lat properties or converted equirectangular source coordinates",
          "nearestNamedMeridian": {
            "longitude": 0.0,
            "line": "0°",
            "name": "UTC",
            "distanceDegrees": 3.078722
          },
          "nearestNamedParallel": {
            "latitude": -30.0,
            "line": "30° S",
            "name": "Bastveg's Deepwater Passage",
            "distanceDegrees": 9.629771
          },
          "namedLongitudeBand": {
            "westLongitude": -30.0,
            "westLine": "30° W",
            "westName": "Horundar's Storm Meridian",
            "eastLongitude": 0.0,
            "eastLine": "0°",
            "eastName": "UTC",
            "bandName": "Horundar's Storm Meridian to UTC",
            "spanDegrees": 30.0,
            "wrapsAntimeridian": false
          },
          "namedLatitudeBand": {
            "northLatitude": -30.0,
            "northLine": "30° S",
            "northName": "Bastveg's Deepwater Passage",
            "southLatitude": -65.0,
            "southLine": "65° S",
            "southName": "Thoryn-Rahek's Southern Underworld Gate",
            "bandName": "Bastveg's Deepwater Passage to Thoryn-Rahek's Southern Underworld Gate",
            "spanDegrees": 35.0
          },
          "utcTimeZone": {
            "utcOffset": "UTC+00:00",
            "utcOffsetCompact": "UTC+0",
            "utcOffsetHours": 0,
            "utcOffsetMinutes": 0,
            "zoneWidthDegrees": 15,
            "assignmentMethod": "geometric longitude band, 15° per hour, centered on 0° UTC",
            "notes": "This is realm-geometric UTC offset math by longitude, not political/IANA time-zone boundary data."
          }
        },
        "primaryUTC": "UTC+00:00",
        "utcOffset": "UTC+00:00",
        "utcOffsetCompact": "UTC+0",
        "utcOffsetHours": 0,
        "utcOffsetMinutes": 0,
        "nearestMeridianName": "UTC",
        "nearestMeridianLine": "0°",
        "nearestParallelName": "Bastveg's Deepwater Passage",
        "nearestParallelLine": "30° S",
        "geometryCoordinateSpace": "original 2048x1024 equirectangular map pixels; use borders_wgs84.geojson for standard lon/lat geometry",
        "wgs84GeometryFile": "borders_wgs84.geojson",
        "landmarkAtlas": {
          "source": "Life In The World Of Belavadös.docx geography tables",
          "water": {
            "namedRiverDeltaCanalLake": "Ceulrithan Deep Channel",
            "namedBayGulfSeaSound": "Luntharavé Crossing Sea",
            "feedingTerrain": "Farming; Partial forest; Beach and grass with water"
          },
          "land": {
            "mountainRangeHighland": "Ceulrithan Violet Ramps",
            "volcanoVentCaldera": "Purple Vow Vent",
            "forestSwampLandmark": "Wickmoss Hanging Wood"
          },
          "climate": {
            "climateBelt": "Sunbelt reef-wet belt",
            "dominantTerrain": "Farming; Partial forest; Beach and grass with water",
            "namedWeather": "Violet Backstorm",
            "verticalNote": "highest settled weather band 220 m; deepest recorded route 4800 m",
            "highestSettledWeatherBandMeters": 220,
            "deepestRecordedRouteMeters": 4800
          },
          "governanceTransit": {
            "government": "Confessional State",
            "population": "66,037,000",
            "coreBiomes": "Farming; Partial forest; Beach and grass with water",
            "transitGroup": "Central Southern Transit Group",
            "surfaceShare": "3.255972587%"
          },
          "layerRefs": [
            "province_landmarks_3d.geojson",
            "water_landmarks_3d.geojson",
            "land_landmarks_3d.geojson",
            "weather_landmarks_3d.geojson",
            "vertical_landmarks_3d.geojson"
          ]
        },
        "enrichedAtUtc": "2026-07-06T22:31:22+00:00",
        "visibleByDefault": true,
        "showWhenProvinceSelected": true,
        "hideUntilProvinceDropdownSelection": true,
        "visibilityRule": "Hidden by default; reveal province border and pins only when this province is selected from dropdown.",
        "updatedAtUtc": "2026-07-07T06:30:07+00:00",
        "originalProvinceColorBeforePlayerMapStyle": "#911EB4",
        "originalBorderColorBeforePlayerMapStyle": "#911EB4",
        "originalBorderWidthBeforePlayerMapStyle": 8,
        "originalBorderOpacityBeforePlayerMapStyle": 0.25,
        "fillColor": "transparent",
        "fillOpacity": 0.035,
        "stroke": "#FF7A00",
        "stroke-width": 12,
        "stroke-opacity": 1,
        "fill": "transparent",
        "fill-opacity": 0,
        "className": "province-border-shape bubbly-neon-province-border",
        "cssClass": "province-border-shape bubbly-neon-province-border",
        "mapLayerClass": "province-border-layer",
        "playerMapStyleApplied": true,
        "playerMapStyleSource": "player-map.css",
        "style": {
          "source": "player-map.css :: #provinceOverlay .province-border-shape",
          "className": "province-border-shape bubbly-neon-province-border",
          "cssClass": "province-border-shape bubbly-neon-province-border",
          "fill": "none",
          "fillColor": "transparent",
          "fillOpacity": 0,
          "fill-opacity": 0,
          "stroke": "#00FFFF",
          "strokeColor": "#00FFFF",
          "strokeWidth": 12,
          "stroke-width": 12,
          "strokeOpacity": 1,
          "stroke-opacity": 1,
          "strokeLineJoin": "round",
          "stroke-linejoin": "round",
          "strokeLineCap": "round",
          "stroke-linecap": "round",
          "strokeDashArray": "none",
          "stroke-dasharray": "none",
          "paintOrder": "stroke",
          "paint-order": "stroke",
          "vectorEffect": "non-scaling-stroke",
          "vector-effect": "non-scaling-stroke",
          "pointerEvents": "stroke",
          "pointer-events": "stroke",
          "cursor": "pointer",
          "transition": "filter .18s ease, stroke-width .18s ease, stroke .18s ease, transform .18s ease",
          "transformBox": "fill-box",
          "transformOrigin": "center center",
          "dropShadow": "drop-shadow(0 0 4px rgba(255,255,255,.55)) drop-shadow(0 0 10px rgba(0,255,255,.78)) drop-shadow(0 0 24px rgba(0,255,255,.46)) drop-shadow(0 0 42px rgba(0,255,255,.24))"
        },
        "hoverStyle": {
          "stroke": "#EFFFFF",
          "strokeColor": "#EFFFFF",
          "strokeWidth": 13,
          "stroke-width": 13,
          "fill": "none",
          "fillColor": "transparent",
          "fillOpacity": 0,
          "fill-opacity": 0,
          "transform": "scale(1.0025)",
          "dropShadow": "drop-shadow(0 0 6px rgba(255,255,255,.70)) drop-shadow(0 0 14px rgba(0,255,255,.95)) drop-shadow(0 0 30px rgba(0,255,255,.62)) drop-shadow(0 0 52px rgba(0,255,255,.34))"
        },
        "renderStyle": {
          "source": "player-map.css :: #provinceOverlay .province-border-shape",
          "className": "province-border-shape bubbly-neon-province-border",
          "cssClass": "province-border-shape bubbly-neon-province-border",
          "fill": "none",
          "fillColor": "transparent",
          "fillOpacity": 0,
          "fill-opacity": 0,
          "stroke": "#00FFFF",
          "strokeColor": "#00FFFF",
          "strokeWidth": 12,
          "stroke-width": 12,
          "strokeOpacity": 1,
          "stroke-opacity": 1,
          "strokeLineJoin": "round",
          "stroke-linejoin": "round",
          "strokeLineCap": "round",
          "stroke-linecap": "round",
          "strokeDashArray": "none",
          "stroke-dasharray": "none",
          "paintOrder": "stroke",
          "paint-order": "stroke",
          "vectorEffect": "non-scaling-stroke",
          "vector-effect": "non-scaling-stroke",
          "pointerEvents": "stroke",
          "pointer-events": "stroke",
          "cursor": "pointer",
          "transition": "filter .18s ease, stroke-width .18s ease, stroke .18s ease, transform .18s ease",
          "transformBox": "fill-box",
          "transformOrigin": "center center",
          "dropShadow": "drop-shadow(0 0 4px rgba(255,255,255,.55)) drop-shadow(0 0 10px rgba(0,255,255,.78)) drop-shadow(0 0 24px rgba(0,255,255,.46)) drop-shadow(0 0 42px rgba(0,255,255,.24))"
        },
        "renderHoverStyle": {
          "stroke": "#EFFFFF",
          "strokeColor": "#EFFFFF",
          "strokeWidth": 13,
          "stroke-width": 13,
          "fill": "none",
          "fillColor": "transparent",
          "fillOpacity": 0,
          "fill-opacity": 0,
          "transform": "scale(1.0025)",
          "dropShadow": "drop-shadow(0 0 6px rgba(255,255,255,.70)) drop-shadow(0 0 14px rgba(0,255,255,.95)) drop-shadow(0 0 30px rgba(0,255,255,.62)) drop-shadow(0 0 52px rgba(0,255,255,.34))"
        },
        "strokeWidth": 7,
        "strokeOpacity": 0.97,
        "lineCap": "round",
        "lineJoin": "round",
        "glowColor": "#FF7A00",
        "glowBlur": 14,
        "waveStyle": "organic-rounded-wavy"
      },
      "geometry": {
        "type": "Polygon",
        "coordinates": [
          [
            [
              1027.641197,
              625.224028
            ],
            [
              1047.155135,
              633.016967
            ],
            [
              1067.677544,
              640.666702
            ],
            [
              1089.23001,
              648.10967
            ],
            [
              1111.824636,
              655.304264
            ],
            [
              1135.435136,
              662.329039
            ],
            [
              1150.916641,
              671.427251
            ],
            [
              1158.313125,
              682.510245
            ],
            [
              1157.654601,
              695.634391
            ],
            [
              1148.849388,
              710.798458
            ],
            [
              1141.892457,
              723.795938
            ],
            [
              1136.85165,
              734.657042
            ],
            [
              1133.675348,
              743.35162
            ],
            [
              1132.3126,
              749.85903
            ],
            [
              1128.629221,
              757.705891
            ],
            [
              1122.64152,
              766.925813
            ],
            [
              1114.275112,
              777.469875
            ],
            [
              1103.532972,
              789.328033
            ],
            [
              1091.218022,
              802.015838
            ],
            [
              1077.309672,
              815.517834
            ],
            [
              1061.754211,
              829.776112
            ],
            [
              1044.590791,
              844.824806
            ],
            [
              1029.231019,
              854.653807
            ],
            [
              1015.627117,
              859.21304
            ],
            [
              1003.796222,
              858.462907
            ],
            [
              993.723457,
              852.484918
            ],
            [
              982.227206,
              846.725696
            ],
            [
              969.362606,
              841.112857
            ],
            [
              955.119445,
              835.655477
            ],
            [
              939.47177,
              830.432061
            ],
            [
              925.229386,
              824.158053
            ],
            [
              912.424392,
              816.76923
            ],
            [
              901.03381,
              808.32453
            ],
            [
              891.017699,
              798.858397
            ],
            [
              879.835596,
              789.537106
            ],
            [
              867.501957,
              780.340191
            ],
            [
              853.963488,
              771.33836
            ],
            [
              839.230292,
              762.538459
            ],
            [
              834.738866,
              752.183349
            ],
            [
              840.449449,
              740.309719
            ],
            [
              856.322959,
              726.840801
            ],
            [
              882.414539,
              711.8139
            ],
            [
              904.969052,
              698.997857
            ],
            [
              923.948176,
              688.332246
            ],
            [
              939.334493,
              679.784862
            ],
            [
              951.169889,
              673.429959
            ],
            [
              958.641178,
              667.211961
            ],
            [
              961.68989,
              661.052522
            ],
            [
              960.301641,
              655.011822
            ],
            [
              954.567984,
              649.079102
            ],
            [
              953.569687,
              642.997592
            ],
            [
              957.21731,
              636.706016
            ],
            [
              965.601056,
              630.194944
            ],
            [
              978.730829,
              623.533881
            ],
            [
              993.436508,
              620.478258
            ],
            [
              1009.743613,
              621.001113
            ],
            [
              1027.641197,
              625.224028
            ]
          ]
        ]
      }
    },
    {
      "type": "Feature",
      "properties": {
        "province": "Drakmorren",
        "name": "Drakmorren",
        "provinceName": "Drakmorren",
        "provinceKey": "drakmorren",
        "governmentType": "Oligarchy",
        "government": "Oligarchy",
        "overallPopulation": 41202000,
        "population": 41202000,
        "squareMiles": 3465166,
        "squareKilometers": 8974738.74,
        "centerLat": 64.91954197057463,
        "centerLon": 132.23182602130123,
        "centerPointCoordinates": {
          "x": 1776.2521658100693,
          "y": 142.67993901184212,
          "lat": 64.91954197057463,
          "lon": 132.23182602130123,
          "latitude": 64.91954197057463,
          "longitude": 132.23182602130123
        },
        "color": "#2EC4B6",
        "borderColor": "#2EC4B6",
        "borderOpacity": 1,
        "borderWidth": 7,
        "borderVisible": false,
        "settlementScan": null,
        "featureKind": "province-border",
        "coordinateSpace": "Belavados map pixels",
        "provinceIndex": 5,
        "settlementCount": 10,
        "scannerDominantBiome": "Beach and grass with water",
        "scannerBiomeTypes": [
          "Beach and grass with water",
          "Mountain range",
          "Beach and reefs with water"
        ],
        "scannerLandmarks": [
          "water",
          "mountain",
          "forest",
          "marsh",
          "island",
          "valley"
        ],
        "correctedBy": "Manual hexcode authority pass v4",
        "biomes": [
          "Beach and grass with water",
          "Mountain range",
          "Beach and reefs with water"
        ],
        "settlementBiomeSummary": {
          "Beach and grass with water": 8,
          "Mountain range": 5,
          "Beach and reefs with water": 5,
          "Farming": 2,
          "Ocean Surface floating settlement": 2,
          "Prairie": 1,
          "Marshes and swamps": 1,
          "Valley": 1,
          "Underwater without reefs": 1,
          "Grassland": 1
        },
        "factions": [
          {
            "id": "fac_nefaric_veil",
            "name": "The Nefaric Veil",
            "subtitle": "death-ledger assassin cult and ritual contract office",
            "primarySeat": "Grimvald, Drakmorren",
            "atTableRole": "Use for assassination horror, death-ledger mysteries, moral dilemmas, corpse routes, and eerie justice that may be correct for the wrong reasons.",
            "publicFace": "Punish stolen years, false inheritance, unlawful survival, and debts the courts refuse to touch.",
            "hiddenTeeth": "Some deaths expose real corruption, but the cult also sells sanctified murder to nobles, officials, and desperate clients addicted to its mercy.",
            "patrons": [
              "Nefarokir",
              "Eirzunet",
              "Thalunesh",
              "Freyseth",
              "Hathruna"
            ],
            "alignmentTendency": {
              "Altruism": 1000,
              "Lawfulness": 1100,
              "Cooperation": 1400,
              "Honor": 900
            },
            "riskModifier": 1.3
          }
        ],
        "associatedFactions": [
          "The Nefaric Veil"
        ],
        "borderLocked": true,
        "anchorsVisibleToPlayers": false,
        "playerEditable": false,
        "coordinateLines": {
          "coordinateLineRevision": "named meridians/parallels + realm-geometric UTC offset pass",
          "coordinateLineRevisionDateUTC": "2026-07-05",
          "longitudeLatitudeSource": "feature lon/lat properties or converted equirectangular source coordinates",
          "nearestNamedMeridian": {
            "longitude": 120.0,
            "line": "120° E",
            "name": "Marduthor's Deepforge Meridian",
            "distanceDegrees": 12.231826
          },
          "nearestNamedParallel": {
            "latitude": 60.0,
            "line": "60° N",
            "name": "Fleysetl's Northern Underworld Gate",
            "distanceDegrees": 4.919542
          },
          "namedLongitudeBand": {
            "westLongitude": 120.0,
            "westLine": "120° E",
            "westName": "Marduthor's Deepforge Meridian",
            "eastLongitude": 150.0,
            "eastLine": "150° E",
            "eastName": "Valkhamesh's Thunder Meridian",
            "bandName": "Marduthor's Deepforge Meridian to Valkhamesh's Thunder Meridian",
            "spanDegrees": 30.0,
            "wrapsAntimeridian": false
          },
          "namedLatitudeBand": {
            "northLatitude": 90.0,
            "northLine": "North Pole",
            "northName": "North Pole",
            "southLatitude": 60.0,
            "southLine": "60° N",
            "southName": "Fleysetl's Northern Underworld Gate",
            "bandName": "North Pole to Fleysetl's Northern Underworld Gate",
            "spanDegrees": 30.0
          },
          "utcTimeZone": {
            "utcOffset": "UTC+09:00",
            "utcOffsetCompact": "UTC+9",
            "utcOffsetHours": 9,
            "utcOffsetMinutes": 540,
            "zoneWidthDegrees": 15,
            "assignmentMethod": "geometric longitude band, 15° per hour, centered on 0° UTC",
            "notes": "This is realm-geometric UTC offset math by longitude, not political/IANA time-zone boundary data."
          }
        },
        "primaryUTC": "UTC+09:00",
        "utcOffset": "UTC+09:00",
        "utcOffsetCompact": "UTC+9",
        "utcOffsetHours": 9,
        "utcOffsetMinutes": 540,
        "nearestMeridianName": "Marduthor's Deepforge Meridian",
        "nearestMeridianLine": "120° E",
        "nearestParallelName": "Fleysetl's Northern Underworld Gate",
        "nearestParallelLine": "60° N",
        "geometryCoordinateSpace": "original 2048x1024 equirectangular map pixels; use borders_wgs84.geojson for standard lon/lat geometry",
        "wgs84GeometryFile": "borders_wgs84.geojson",
        "landmarkAtlas": {
          "source": "Life In The World Of Belavadös.docx geography tables",
          "water": {
            "namedRiverDeltaCanalLake": "Drakmorren Northblue Sea",
            "namedBayGulfSeaSound": "Fenwyrd Mist Gulf",
            "feedingTerrain": "Beach and grass with water; Mountain range; Beach and reefs with water"
          },
          "land": {
            "mountainRangeHighland": "Dragonwake Crown",
            "volcanoVentCaldera": "Fenwyrd Stormmouth",
            "forestSwampLandmark": "Kharrowfen Bogforest"
          },
          "climate": {
            "climateBelt": "Sunbelt reef-wet belt",
            "dominantTerrain": "Beach and grass with water; Mountain range; Beach and reefs with water",
            "namedWeather": "Dragon-Anvil Gales",
            "verticalNote": "highest settled weather band 4600 m; deepest recorded route 6200 m",
            "highestSettledWeatherBandMeters": 4600,
            "deepestRecordedRouteMeters": 6200
          },
          "governanceTransit": {
            "government": "Oligarchy",
            "population": "41,202,000",
            "coreBiomes": "Beach and grass with water; Mountain range; Beach and reefs with water",
            "transitGroup": "Far Eastern North-Mid Transit Group",
            "surfaceShare": "3.204776526%"
          },
          "layerRefs": [
            "province_landmarks_3d.geojson",
            "water_landmarks_3d.geojson",
            "land_landmarks_3d.geojson",
            "weather_landmarks_3d.geojson",
            "vertical_landmarks_3d.geojson"
          ]
        },
        "enrichedAtUtc": "2026-07-06T22:31:22+00:00",
        "visibleByDefault": true,
        "showWhenProvinceSelected": true,
        "hideUntilProvinceDropdownSelection": true,
        "visibilityRule": "Hidden by default; reveal province border and pins only when this province is selected from dropdown.",
        "updatedAtUtc": "2026-07-07T06:30:07+00:00",
        "originalProvinceColorBeforePlayerMapStyle": "#46F0F0",
        "originalBorderColorBeforePlayerMapStyle": "#46F0F0",
        "originalBorderWidthBeforePlayerMapStyle": 8,
        "originalBorderOpacityBeforePlayerMapStyle": 0.25,
        "fillColor": "transparent",
        "fillOpacity": 0.035,
        "stroke": "#2EC4B6",
        "stroke-width": 12,
        "stroke-opacity": 1,
        "fill": "transparent",
        "fill-opacity": 0,
        "className": "province-border-shape bubbly-neon-province-border",
        "cssClass": "province-border-shape bubbly-neon-province-border",
        "mapLayerClass": "province-border-layer",
        "playerMapStyleApplied": true,
        "playerMapStyleSource": "player-map.css",
        "style": {
          "source": "player-map.css :: #provinceOverlay .province-border-shape",
          "className": "province-border-shape bubbly-neon-province-border",
          "cssClass": "province-border-shape bubbly-neon-province-border",
          "fill": "none",
          "fillColor": "transparent",
          "fillOpacity": 0,
          "fill-opacity": 0,
          "stroke": "#00FFFF",
          "strokeColor": "#00FFFF",
          "strokeWidth": 12,
          "stroke-width": 12,
          "strokeOpacity": 1,
          "stroke-opacity": 1,
          "strokeLineJoin": "round",
          "stroke-linejoin": "round",
          "strokeLineCap": "round",
          "stroke-linecap": "round",
          "strokeDashArray": "none",
          "stroke-dasharray": "none",
          "paintOrder": "stroke",
          "paint-order": "stroke",
          "vectorEffect": "non-scaling-stroke",
          "vector-effect": "non-scaling-stroke",
          "pointerEvents": "stroke",
          "pointer-events": "stroke",
          "cursor": "pointer",
          "transition": "filter .18s ease, stroke-width .18s ease, stroke .18s ease, transform .18s ease",
          "transformBox": "fill-box",
          "transformOrigin": "center center",
          "dropShadow": "drop-shadow(0 0 4px rgba(255,255,255,.55)) drop-shadow(0 0 10px rgba(0,255,255,.78)) drop-shadow(0 0 24px rgba(0,255,255,.46)) drop-shadow(0 0 42px rgba(0,255,255,.24))"
        },
        "hoverStyle": {
          "stroke": "#EFFFFF",
          "strokeColor": "#EFFFFF",
          "strokeWidth": 13,
          "stroke-width": 13,
          "fill": "none",
          "fillColor": "transparent",
          "fillOpacity": 0,
          "fill-opacity": 0,
          "transform": "scale(1.0025)",
          "dropShadow": "drop-shadow(0 0 6px rgba(255,255,255,.70)) drop-shadow(0 0 14px rgba(0,255,255,.95)) drop-shadow(0 0 30px rgba(0,255,255,.62)) drop-shadow(0 0 52px rgba(0,255,255,.34))"
        },
        "renderStyle": {
          "source": "player-map.css :: #provinceOverlay .province-border-shape",
          "className": "province-border-shape bubbly-neon-province-border",
          "cssClass": "province-border-shape bubbly-neon-province-border",
          "fill": "none",
          "fillColor": "transparent",
          "fillOpacity": 0,
          "fill-opacity": 0,
          "stroke": "#00FFFF",
          "strokeColor": "#00FFFF",
          "strokeWidth": 12,
          "stroke-width": 12,
          "strokeOpacity": 1,
          "stroke-opacity": 1,
          "strokeLineJoin": "round",
          "stroke-linejoin": "round",
          "strokeLineCap": "round",
          "stroke-linecap": "round",
          "strokeDashArray": "none",
          "stroke-dasharray": "none",
          "paintOrder": "stroke",
          "paint-order": "stroke",
          "vectorEffect": "non-scaling-stroke",
          "vector-effect": "non-scaling-stroke",
          "pointerEvents": "stroke",
          "pointer-events": "stroke",
          "cursor": "pointer",
          "transition": "filter .18s ease, stroke-width .18s ease, stroke .18s ease, transform .18s ease",
          "transformBox": "fill-box",
          "transformOrigin": "center center",
          "dropShadow": "drop-shadow(0 0 4px rgba(255,255,255,.55)) drop-shadow(0 0 10px rgba(0,255,255,.78)) drop-shadow(0 0 24px rgba(0,255,255,.46)) drop-shadow(0 0 42px rgba(0,255,255,.24))"
        },
        "renderHoverStyle": {
          "stroke": "#EFFFFF",
          "strokeColor": "#EFFFFF",
          "strokeWidth": 13,
          "stroke-width": 13,
          "fill": "none",
          "fillColor": "transparent",
          "fillOpacity": 0,
          "fill-opacity": 0,
          "transform": "scale(1.0025)",
          "dropShadow": "drop-shadow(0 0 6px rgba(255,255,255,.70)) drop-shadow(0 0 14px rgba(0,255,255,.95)) drop-shadow(0 0 30px rgba(0,255,255,.62)) drop-shadow(0 0 52px rgba(0,255,255,.34))"
        },
        "strokeWidth": 7,
        "strokeOpacity": 0.97,
        "lineCap": "round",
        "lineJoin": "round",
        "glowColor": "#2EC4B6",
        "glowBlur": 14,
        "waveStyle": "organic-rounded-wavy"
      },
      "geometry": {
        "type": "Polygon",
        "coordinates": [
          [
            [
              1834.561486,
              49.960158
            ],
            [
              1843.064651,
              57.357257
            ],
            [
              1850.514621,
              64.425334
            ],
            [
              1856.955576,
              71.111737
            ],
            [
              1862.422955,
              77.388302
            ],
            [
              1866.857133,
              83.31023
            ],
            [
              1871.583957,
              90.085686
            ],
            [
              1876.676012,
              97.662996
            ],
            [
              1882.127063,
              106.049299
            ],
            [
              1887.866214,
              115.291248
            ],
            [
              1893.477635,
              123.33729
            ],
            [
              1899.017968,
              130.141874
            ],
            [
              1904.435316,
              135.738227
            ],
            [
              1909.695059,
              140.170375
            ],
            [
              1918.898946,
              146.79452
            ],
            [
              1932.060569,
              155.584355
            ],
            [
              1949.131841,
              166.61196
            ],
            [
              1970.101475,
              179.869605
            ],
            [
              1972.274436,
              193.537676
            ],
            [
              1955.65317,
              207.758619
            ],
            [
              1920.164982,
              222.4394
            ],
            [
              1865.852849,
              237.607543
            ],
            [
              1813.581039,
              243.124113
            ],
            [
              1763.327036,
              238.920309
            ],
            [
              1715.111172,
              224.955735
            ],
            [
              1668.911038,
              201.308339
            ],
            [
              1631.941766,
              184.299243
            ],
            [
              1604.245707,
              173.849769
            ],
            [
              1585.802184,
              169.968084
            ],
            [
              1576.605698,
              172.739287
            ],
            [
              1570.115066,
              173.339272
            ],
            [
              1566.335067,
              171.711574
            ],
            [
              1565.256444,
              167.950878
            ],
            [
              1566.799039,
              161.992367
            ],
            [
              1570.725654,
              155.53652
            ],
            [
              1577.049584,
              148.621224
            ],
            [
              1585.705897,
              141.189748
            ],
            [
              1596.704519,
              133.236536
            ],
            [
              1611.674874,
              124.762117
            ],
            [
              1630.596128,
              115.74687
            ],
            [
              1653.437716,
              106.120697
            ],
            [
              1680.223356,
              95.932705
            ],
            [
              1695.585552,
              83.589742
            ],
            [
              1699.487279,
              69.003699
            ],
            [
              1691.86957,
              52.235986
            ],
            [
              1672.82758,
              33.27245
            ],
            [
              1665.874978,
              18.975005
            ],
            [
              1670.888276,
              9.382548
            ],
            [
              1687.94517,
              4.369235
            ],
            [
              1717.070618,
              4.05656
            ],
            [
              1742.728234,
              6.039879
            ],
            [
              1764.928931,
              10.251835
            ],
            [
              1783.67074,
              16.759879
            ],
            [
              1798.926235,
              25.607208
            ],
            [
              1812.495952,
              34.083882
            ],
            [
              1824.394385,
              42.172941
            ],
            [
              1834.561486,
              49.960158
            ]
          ]
        ]
      }
    },
    {
      "type": "Feature",
      "properties": {
        "province": "Earrorim",
        "name": "Earrorim",
        "provinceName": "Earrorim",
        "provinceKey": "earrorim",
        "governmentType": "Federal Republic",
        "government": "Federal Republic",
        "overallPopulation": 67529000,
        "population": 67529000,
        "squareMiles": 5971032,
        "squareKilometers": 15464901.89,
        "centerLat": 35.30480878893171,
        "centerLon": -101.6966780924314,
        "centerPointCoordinates": {
          "x": 445.4588979630569,
          "y": 311.1548655562996,
          "lat": 35.30480878893171,
          "lon": -101.6966780924314,
          "latitude": 35.30480878893171,
          "longitude": -101.6966780924314
        },
        "color": "#DC143C",
        "borderColor": "#DC143C",
        "borderOpacity": 1,
        "borderWidth": 7,
        "borderVisible": false,
        "settlementScan": null,
        "featureKind": "province-border",
        "coordinateSpace": "Belavados map pixels",
        "provinceIndex": 6,
        "settlementCount": 9,
        "scannerDominantBiome": "Beach and grass with water",
        "scannerBiomeTypes": [
          "Beach and grass with water",
          "Partial forest",
          "Beach and reefs with water"
        ],
        "scannerLandmarks": [
          "water",
          "mountain",
          "forest",
          "grassland",
          "island",
          "marsh",
          "reef",
          "valley"
        ],
        "correctedBy": "Manual hexcode authority pass v4",
        "biomes": [
          "Beach and grass with water",
          "Partial forest",
          "Beach and reefs with water"
        ],
        "settlementBiomeSummary": {
          "Beach and grass with water": 9,
          "Partial forest": 6,
          "Beach and reefs with water": 3,
          "Farming": 3,
          "Treetops - treehouses": 2,
          "Deep forest": 1,
          "Marshes and swamps": 1,
          "Ocean Surface floating settlement": 1
        },
        "factions": [
          {
            "id": "fac_regent_lattice",
            "name": "The Regent Lattice",
            "subtitle": "surveillance occupation network and emergency administration regime",
            "primarySeat": "Glattonica, Earrorim",
            "atTableRole": "Use for dystopian horror, occupied stations, clock-and-ticket surveillance, ration dependency, and resistance campaigns.",
            "publicFace": "Restore order through permits, ration schedules, rail standardization, work assignments, emergency medicine, and public security.",
            "hiddenTeeth": "It bureaucratizes addiction, memory audits, family-level punishment, altered soldiers, and pure-ichor compliance masks until occupation feels like normal life.",
            "patrons": [
              "Nebyrr",
              "Raeshkul",
              "Eirzunet",
              "Oskar'enlil",
              "Enkirael"
            ],
            "alignmentTendency": {
              "Altruism": 650,
              "Lawfulness": 2750,
              "Cooperation": 1600,
              "Honor": 450
            },
            "riskModifier": 1.4
          }
        ],
        "associatedFactions": [
          "The Regent Lattice"
        ],
        "borderLocked": true,
        "anchorsVisibleToPlayers": false,
        "playerEditable": false,
        "coordinateLines": {
          "coordinateLineRevision": "named meridians/parallels + realm-geometric UTC offset pass",
          "coordinateLineRevisionDateUTC": "2026-07-05",
          "longitudeLatitudeSource": "feature lon/lat properties or converted equirectangular source coordinates",
          "nearestNamedMeridian": {
            "longitude": -90.0,
            "line": "90° W",
            "name": "Eirzunet's Shadow Meridian",
            "distanceDegrees": 11.696678
          },
          "nearestNamedParallel": {
            "latitude": 25.0,
            "line": "25° N",
            "name": "Raeshkul's Thoughtline",
            "distanceDegrees": 10.304809
          },
          "namedLongitudeBand": {
            "westLongitude": -120.0,
            "westLine": "120° W",
            "westName": "Nefarokir's Funeral Meridian",
            "eastLongitude": -90.0,
            "eastLine": "90° W",
            "eastName": "Eirzunet's Shadow Meridian",
            "bandName": "Nefarokir's Funeral Meridian to Eirzunet's Shadow Meridian",
            "spanDegrees": 30.0,
            "wrapsAntimeridian": false
          },
          "namedLatitudeBand": {
            "northLatitude": 60.0,
            "northLine": "60° N",
            "northName": "Fleysetl's Northern Underworld Gate",
            "southLatitude": 25.0,
            "southLine": "25° N",
            "southName": "Raeshkul's Thoughtline",
            "bandName": "Fleysetl's Northern Underworld Gate to Raeshkul's Thoughtline",
            "spanDegrees": 35.0
          },
          "utcTimeZone": {
            "utcOffset": "UTC-07:00",
            "utcOffsetCompact": "UTC-7",
            "utcOffsetHours": -7,
            "utcOffsetMinutes": -420,
            "zoneWidthDegrees": 15,
            "assignmentMethod": "geometric longitude band, 15° per hour, centered on 0° UTC",
            "notes": "This is realm-geometric UTC offset math by longitude, not political/IANA time-zone boundary data."
          }
        },
        "primaryUTC": "UTC-07:00",
        "utcOffset": "UTC-07:00",
        "utcOffsetCompact": "UTC-7",
        "utcOffsetHours": -7,
        "utcOffsetMinutes": -420,
        "nearestMeridianName": "Eirzunet's Shadow Meridian",
        "nearestMeridianLine": "90° W",
        "nearestParallelName": "Raeshkul's Thoughtline",
        "nearestParallelLine": "25° N",
        "geometryCoordinateSpace": "original 2048x1024 equirectangular map pixels; use borders_wgs84.geojson for standard lon/lat geometry",
        "wgs84GeometryFile": "borders_wgs84.geojson",
        "landmarkAtlas": {
          "source": "Life In The World Of Belavadös.docx geography tables",
          "water": {
            "namedRiverDeltaCanalLake": "Earrorim Crimson Reach",
            "namedBayGulfSeaSound": "Marrowynd Westmere",
            "feedingTerrain": "Beach and grass with water; Partial forest; Beach and reefs with water"
          },
          "land": {
            "mountainRangeHighland": "Crimson Tailbacks",
            "volcanoVentCaldera": "Redfang Smoke",
            "forestSwampLandmark": "Earrorim Spicewood"
          },
          "climate": {
            "climateBelt": "Sunbelt reef-wet belt",
            "dominantTerrain": "Beach and grass with water; Partial forest; Beach and reefs with water",
            "namedWeather": "Crimson Dustburst",
            "verticalNote": "highest settled weather band 180 m; deepest recorded route 4800 m",
            "highestSettledWeatherBandMeters": 180,
            "deepestRecordedRouteMeters": 4800
          },
          "governanceTransit": {
            "government": "Federal Republic",
            "population": "67,529,000",
            "coreBiomes": "Beach and grass with water; Partial forest; Beach and reefs with water",
            "transitGroup": "Far Western North-Mid Transit Group",
            "surfaceShare": "3.158410997%"
          },
          "layerRefs": [
            "province_landmarks_3d.geojson",
            "water_landmarks_3d.geojson",
            "land_landmarks_3d.geojson",
            "weather_landmarks_3d.geojson",
            "vertical_landmarks_3d.geojson"
          ]
        },
        "enrichedAtUtc": "2026-07-06T22:31:22+00:00",
        "visibleByDefault": true,
        "showWhenProvinceSelected": true,
        "hideUntilProvinceDropdownSelection": true,
        "visibilityRule": "Hidden by default; reveal province border and pins only when this province is selected from dropdown.",
        "updatedAtUtc": "2026-07-07T06:30:07+00:00",
        "originalProvinceColorBeforePlayerMapStyle": "#F032E6",
        "originalBorderColorBeforePlayerMapStyle": "#F032E6",
        "originalBorderWidthBeforePlayerMapStyle": 8,
        "originalBorderOpacityBeforePlayerMapStyle": 0.25,
        "fillColor": "transparent",
        "fillOpacity": 0.035,
        "stroke": "#DC143C",
        "stroke-width": 12,
        "stroke-opacity": 1,
        "fill": "transparent",
        "fill-opacity": 0,
        "className": "province-border-shape bubbly-neon-province-border",
        "cssClass": "province-border-shape bubbly-neon-province-border",
        "mapLayerClass": "province-border-layer",
        "playerMapStyleApplied": true,
        "playerMapStyleSource": "player-map.css",
        "style": {
          "source": "player-map.css :: #provinceOverlay .province-border-shape",
          "className": "province-border-shape bubbly-neon-province-border",
          "cssClass": "province-border-shape bubbly-neon-province-border",
          "fill": "none",
          "fillColor": "transparent",
          "fillOpacity": 0,
          "fill-opacity": 0,
          "stroke": "#00FFFF",
          "strokeColor": "#00FFFF",
          "strokeWidth": 12,
          "stroke-width": 12,
          "strokeOpacity": 1,
          "stroke-opacity": 1,
          "strokeLineJoin": "round",
          "stroke-linejoin": "round",
          "strokeLineCap": "round",
          "stroke-linecap": "round",
          "strokeDashArray": "none",
          "stroke-dasharray": "none",
          "paintOrder": "stroke",
          "paint-order": "stroke",
          "vectorEffect": "non-scaling-stroke",
          "vector-effect": "non-scaling-stroke",
          "pointerEvents": "stroke",
          "pointer-events": "stroke",
          "cursor": "pointer",
          "transition": "filter .18s ease, stroke-width .18s ease, stroke .18s ease, transform .18s ease",
          "transformBox": "fill-box",
          "transformOrigin": "center center",
          "dropShadow": "drop-shadow(0 0 4px rgba(255,255,255,.55)) drop-shadow(0 0 10px rgba(0,255,255,.78)) drop-shadow(0 0 24px rgba(0,255,255,.46)) drop-shadow(0 0 42px rgba(0,255,255,.24))"
        },
        "hoverStyle": {
          "stroke": "#EFFFFF",
          "strokeColor": "#EFFFFF",
          "strokeWidth": 13,
          "stroke-width": 13,
          "fill": "none",
          "fillColor": "transparent",
          "fillOpacity": 0,
          "fill-opacity": 0,
          "transform": "scale(1.0025)",
          "dropShadow": "drop-shadow(0 0 6px rgba(255,255,255,.70)) drop-shadow(0 0 14px rgba(0,255,255,.95)) drop-shadow(0 0 30px rgba(0,255,255,.62)) drop-shadow(0 0 52px rgba(0,255,255,.34))"
        },
        "renderStyle": {
          "source": "player-map.css :: #provinceOverlay .province-border-shape",
          "className": "province-border-shape bubbly-neon-province-border",
          "cssClass": "province-border-shape bubbly-neon-province-border",
          "fill": "none",
          "fillColor": "transparent",
          "fillOpacity": 0,
          "fill-opacity": 0,
          "stroke": "#00FFFF",
          "strokeColor": "#00FFFF",
          "strokeWidth": 12,
          "stroke-width": 12,
          "strokeOpacity": 1,
          "stroke-opacity": 1,
          "strokeLineJoin": "round",
          "stroke-linejoin": "round",
          "strokeLineCap": "round",
          "stroke-linecap": "round",
          "strokeDashArray": "none",
          "stroke-dasharray": "none",
          "paintOrder": "stroke",
          "paint-order": "stroke",
          "vectorEffect": "non-scaling-stroke",
          "vector-effect": "non-scaling-stroke",
          "pointerEvents": "stroke",
          "pointer-events": "stroke",
          "cursor": "pointer",
          "transition": "filter .18s ease, stroke-width .18s ease, stroke .18s ease, transform .18s ease",
          "transformBox": "fill-box",
          "transformOrigin": "center center",
          "dropShadow": "drop-shadow(0 0 4px rgba(255,255,255,.55)) drop-shadow(0 0 10px rgba(0,255,255,.78)) drop-shadow(0 0 24px rgba(0,255,255,.46)) drop-shadow(0 0 42px rgba(0,255,255,.24))"
        },
        "renderHoverStyle": {
          "stroke": "#EFFFFF",
          "strokeColor": "#EFFFFF",
          "strokeWidth": 13,
          "stroke-width": 13,
          "fill": "none",
          "fillColor": "transparent",
          "fillOpacity": 0,
          "fill-opacity": 0,
          "transform": "scale(1.0025)",
          "dropShadow": "drop-shadow(0 0 6px rgba(255,255,255,.70)) drop-shadow(0 0 14px rgba(0,255,255,.95)) drop-shadow(0 0 30px rgba(0,255,255,.62)) drop-shadow(0 0 52px rgba(0,255,255,.34))"
        },
        "strokeWidth": 7,
        "strokeOpacity": 0.97,
        "lineCap": "round",
        "lineJoin": "round",
        "glowColor": "#DC143C",
        "glowBlur": 14,
        "waveStyle": "organic-rounded-wavy"
      },
      "geometry": {
        "type": "Polygon",
        "coordinates": [
          [
            [
              427.690333,
              225.178683
            ],
            [
              440.212179,
              230.490382
            ],
            [
              452.749992,
              235.765624
            ],
            [
              465.299651,
              241.012716
            ],
            [
              477.828592,
              246.30904
            ],
            [
              490.354058,
              251.620614
            ],
            [
              503.052735,
              255.749467
            ],
            [
              515.898097,
              258.749037
            ],
            [
              528.884474,
              260.673441
            ],
            [
              542.024146,
              261.446914
            ],
            [
              555.164471,
              262.168406
            ],
            [
              568.302714,
              262.925718
            ],
            [
              581.438668,
              263.722391
            ],
            [
              594.574609,
              264.47196
            ],
            [
              607.577407,
              267.340865
            ],
            [
              620.425016,
              272.405352
            ],
            [
              633.122842,
              279.6128
            ],
            [
              645.712648,
              288.912965
            ],
            [
              658.297398,
              298.225364
            ],
            [
              670.850776,
              307.580089
            ],
            [
              683.423131,
              316.90921
            ],
            [
              696.019969,
              326.197726
            ],
            [
              699.980467,
              333.948909
            ],
            [
              695.344141,
              340.118617
            ],
            [
              682.127353,
              344.804562
            ],
            [
              660.288662,
              347.960621
            ],
            [
              638.438619,
              351.058651
            ],
            [
              616.588953,
              354.159326
            ],
            [
              594.74687,
              357.313073
            ],
            [
              572.901238,
              360.441946
            ],
            [
              549.76812,
              363.661804
            ],
            [
              525.359872,
              367.060137
            ],
            [
              499.676295,
              370.636774
            ],
            [
              472.70567,
              374.306767
            ],
            [
              445.732512,
              377.958323
            ],
            [
              418.767372,
              381.668554
            ],
            [
              391.802946,
              385.384016
            ],
            [
              364.833649,
              389.043458
            ],
            [
              340.797482,
              388.965104
            ],
            [
              319.677333,
              385.185406
            ],
            [
              301.482213,
              377.618357
            ],
            [
              286.238204,
              366.262224
            ],
            [
              273.31015,
              353.64124
            ],
            [
              262.699376,
              339.733435
            ],
            [
              254.474623,
              324.4944
            ],
            [
              248.604028,
              307.961725
            ],
            [
              247.63925,
              293.900439
            ],
            [
              251.639995,
              282.277042
            ],
            [
              260.640787,
              273.13121
            ],
            [
              274.587154,
              266.412028
            ],
            [
              292.120549,
              258.888225
            ],
            [
              313.269596,
              250.645356
            ],
            [
              338.029736,
              241.681031
            ],
            [
              366.371239,
              231.915568
            ],
            [
              390.757676,
              225.890212
            ],
            [
              411.201456,
              223.679693
            ],
            [
              427.690333,
              225.178683
            ]
          ]
        ]
      }
    },
    {
      "type": "Feature",
      "properties": {
        "province": "Eldravire",
        "name": "Eldravire",
        "provinceName": "Eldravire",
        "provinceKey": "eldravire",
        "governmentType": "Parliamentary Government",
        "government": "Parliamentary Government",
        "overallPopulation": 133430000,
        "population": 133430000,
        "squareMiles": 12561969,
        "squareKilometers": 32535350.35,
        "centerLat": -16.033104810970755,
        "centerLon": 61.118514748135,
        "centerPointCoordinates": {
          "x": 1371.6964394560569,
          "y": 603.2105518135226,
          "lat": -16.033104810970755,
          "lon": 61.118514748135,
          "latitude": -16.033104810970755,
          "longitude": 61.118514748135
        },
        "color": "#B5179E",
        "borderColor": "#B5179E",
        "borderOpacity": 1,
        "borderWidth": 7,
        "borderVisible": false,
        "settlementScan": null,
        "featureKind": "province-border",
        "coordinateSpace": "Belavados map pixels",
        "provinceIndex": 7,
        "settlementCount": 12,
        "scannerDominantBiome": "Beach and grass with water",
        "scannerBiomeTypes": [
          "Beach and grass with water",
          "Partial forest",
          "Beach and reefs with water"
        ],
        "scannerLandmarks": [
          "water",
          "mountain",
          "marsh",
          "island",
          "valley",
          "forest",
          "reef",
          "grassland"
        ],
        "correctedBy": "Manual hexcode authority pass v4",
        "biomes": [
          "Beach and grass with water",
          "Partial forest",
          "Beach and reefs with water"
        ],
        "settlementBiomeSummary": {
          "Beach and grass with water": 10,
          "Partial forest": 7,
          "Beach and reefs with water": 6,
          "Farming": 4,
          "Marshes and swamps": 3,
          "Ocean Surface floating settlement": 1,
          "Underwater with reefs": 1,
          "Deep forest": 1
        },
        "factions": [
          {
            "id": "fac_black_maw_myriad",
            "name": "The Black-Maw Myriad",
            "subtitle": "ichor-mutated swarm culture and wetland brood network",
            "primarySeat": "Greenmire, Nalvessir",
            "atTableRole": "Use for ecological body horror, adaptive enemies, river infestations, steamship and ferry scares, and tragic consequences of ichor pollution.",
            "publicFace": "The Myriad has no normal public program; negotiable clades may demand survival space, cleaner rivers, or protection from those who created them.",
            "hiddenTeeth": "Pure ichor creates command-nodes that can learn voices, tactics, prayers, and eventually the language of civilization itself.",
            "patrons": [
              "Thoryn-Rahek",
              "Bastveig",
              "Hathruna",
              "Oskar'enlil",
              "Iskareth"
            ],
            "alignmentTendency": {
              "Altruism": 900,
              "Lawfulness": 700,
              "Cooperation": 2500,
              "Honor": 500
            },
            "riskModifier": 1.8
          }
        ],
        "associatedFactions": [
          "The Black-Maw Myriad"
        ],
        "borderLocked": true,
        "anchorsVisibleToPlayers": false,
        "playerEditable": false,
        "coordinateLines": {
          "coordinateLineRevision": "named meridians/parallels + realm-geometric UTC offset pass",
          "coordinateLineRevisionDateUTC": "2026-07-05",
          "longitudeLatitudeSource": "feature lon/lat properties or converted equirectangular source coordinates",
          "nearestNamedMeridian": {
            "longitude": 60.0,
            "line": "60° E",
            "name": "Sokhivar's Sunroad Meridian",
            "distanceDegrees": 1.118515
          },
          "nearestNamedParallel": {
            "latitude": -30.0,
            "line": "30° S",
            "name": "Bastveg's Deepwater Passage",
            "distanceDegrees": 13.966895
          },
          "namedLongitudeBand": {
            "westLongitude": 60.0,
            "westLine": "60° E",
            "westName": "Sokhivar's Sunroad Meridian",
            "eastLongitude": 90.0,
            "eastLine": "90° E",
            "eastName": "Ishtanora's Hrealm Meridian",
            "bandName": "Sokhivar's Sunroad Meridian to Ishtanora's Hrealm Meridian",
            "spanDegrees": 30.0,
            "wrapsAntimeridian": false
          },
          "namedLatitudeBand": {
            "northLatitude": 0.0,
            "northLine": "0°",
            "northName": "Equator",
            "southLatitude": -30.0,
            "southLine": "30° S",
            "southName": "Bastveg's Deepwater Passage",
            "bandName": "Equator to Bastveg's Deepwater Passage",
            "spanDegrees": 30.0
          },
          "utcTimeZone": {
            "utcOffset": "UTC+04:00",
            "utcOffsetCompact": "UTC+4",
            "utcOffsetHours": 4,
            "utcOffsetMinutes": 240,
            "zoneWidthDegrees": 15,
            "assignmentMethod": "geometric longitude band, 15° per hour, centered on 0° UTC",
            "notes": "This is realm-geometric UTC offset math by longitude, not political/IANA time-zone boundary data."
          }
        },
        "primaryUTC": "UTC+04:00",
        "utcOffset": "UTC+04:00",
        "utcOffsetCompact": "UTC+4",
        "utcOffsetHours": 4,
        "utcOffsetMinutes": 240,
        "nearestMeridianName": "Sokhivar's Sunroad Meridian",
        "nearestMeridianLine": "60° E",
        "nearestParallelName": "Bastveg's Deepwater Passage",
        "nearestParallelLine": "30° S",
        "geometryCoordinateSpace": "original 2048x1024 equirectangular map pixels; use borders_wgs84.geojson for standard lon/lat geometry",
        "wgs84GeometryFile": "borders_wgs84.geojson",
        "landmarkAtlas": {
          "source": "Life In The World Of Belavadös.docx geography tables",
          "water": {
            "namedRiverDeltaCanalLake": null,
            "namedBayGulfSeaSound": null,
            "feedingTerrain": null
          },
          "land": {
            "mountainRangeHighland": null,
            "volcanoVentCaldera": null,
            "forestSwampLandmark": null
          },
          "climate": {
            "climateBelt": null,
            "dominantTerrain": null,
            "namedWeather": null,
            "verticalNote": null,
            "highestSettledWeatherBandMeters": null,
            "deepestRecordedRouteMeters": null
          },
          "governanceTransit": {
            "government": null,
            "population": null,
            "coreBiomes": null,
            "transitGroup": null,
            "surfaceShare": null
          },
          "layerRefs": [
            "province_landmarks_3d.geojson",
            "water_landmarks_3d.geojson",
            "land_landmarks_3d.geojson",
            "weather_landmarks_3d.geojson",
            "vertical_landmarks_3d.geojson"
          ]
        },
        "enrichedAtUtc": "2026-07-06T22:31:22+00:00",
        "visibleByDefault": true,
        "showWhenProvinceSelected": true,
        "hideUntilProvinceDropdownSelection": true,
        "visibilityRule": "Hidden by default; reveal province border and pins only when this province is selected from dropdown.",
        "updatedAtUtc": "2026-07-07T06:30:07+00:00",
        "originalProvinceColorBeforePlayerMapStyle": "#BCF60C",
        "originalBorderColorBeforePlayerMapStyle": "#BCF60C",
        "originalBorderWidthBeforePlayerMapStyle": 8,
        "originalBorderOpacityBeforePlayerMapStyle": 0.25,
        "fillColor": "transparent",
        "fillOpacity": 0.035,
        "stroke": "#B5179E",
        "stroke-width": 12,
        "stroke-opacity": 1,
        "fill": "transparent",
        "fill-opacity": 0,
        "className": "province-border-shape bubbly-neon-province-border",
        "cssClass": "province-border-shape bubbly-neon-province-border",
        "mapLayerClass": "province-border-layer",
        "playerMapStyleApplied": true,
        "playerMapStyleSource": "player-map.css",
        "style": {
          "source": "player-map.css :: #provinceOverlay .province-border-shape",
          "className": "province-border-shape bubbly-neon-province-border",
          "cssClass": "province-border-shape bubbly-neon-province-border",
          "fill": "none",
          "fillColor": "transparent",
          "fillOpacity": 0,
          "fill-opacity": 0,
          "stroke": "#00FFFF",
          "strokeColor": "#00FFFF",
          "strokeWidth": 12,
          "stroke-width": 12,
          "strokeOpacity": 1,
          "stroke-opacity": 1,
          "strokeLineJoin": "round",
          "stroke-linejoin": "round",
          "strokeLineCap": "round",
          "stroke-linecap": "round",
          "strokeDashArray": "none",
          "stroke-dasharray": "none",
          "paintOrder": "stroke",
          "paint-order": "stroke",
          "vectorEffect": "non-scaling-stroke",
          "vector-effect": "non-scaling-stroke",
          "pointerEvents": "stroke",
          "pointer-events": "stroke",
          "cursor": "pointer",
          "transition": "filter .18s ease, stroke-width .18s ease, stroke .18s ease, transform .18s ease",
          "transformBox": "fill-box",
          "transformOrigin": "center center",
          "dropShadow": "drop-shadow(0 0 4px rgba(255,255,255,.55)) drop-shadow(0 0 10px rgba(0,255,255,.78)) drop-shadow(0 0 24px rgba(0,255,255,.46)) drop-shadow(0 0 42px rgba(0,255,255,.24))"
        },
        "hoverStyle": {
          "stroke": "#EFFFFF",
          "strokeColor": "#EFFFFF",
          "strokeWidth": 13,
          "stroke-width": 13,
          "fill": "none",
          "fillColor": "transparent",
          "fillOpacity": 0,
          "fill-opacity": 0,
          "transform": "scale(1.0025)",
          "dropShadow": "drop-shadow(0 0 6px rgba(255,255,255,.70)) drop-shadow(0 0 14px rgba(0,255,255,.95)) drop-shadow(0 0 30px rgba(0,255,255,.62)) drop-shadow(0 0 52px rgba(0,255,255,.34))"
        },
        "renderStyle": {
          "source": "player-map.css :: #provinceOverlay .province-border-shape",
          "className": "province-border-shape bubbly-neon-province-border",
          "cssClass": "province-border-shape bubbly-neon-province-border",
          "fill": "none",
          "fillColor": "transparent",
          "fillOpacity": 0,
          "fill-opacity": 0,
          "stroke": "#00FFFF",
          "strokeColor": "#00FFFF",
          "strokeWidth": 12,
          "stroke-width": 12,
          "strokeOpacity": 1,
          "stroke-opacity": 1,
          "strokeLineJoin": "round",
          "stroke-linejoin": "round",
          "strokeLineCap": "round",
          "stroke-linecap": "round",
          "strokeDashArray": "none",
          "stroke-dasharray": "none",
          "paintOrder": "stroke",
          "paint-order": "stroke",
          "vectorEffect": "non-scaling-stroke",
          "vector-effect": "non-scaling-stroke",
          "pointerEvents": "stroke",
          "pointer-events": "stroke",
          "cursor": "pointer",
          "transition": "filter .18s ease, stroke-width .18s ease, stroke .18s ease, transform .18s ease",
          "transformBox": "fill-box",
          "transformOrigin": "center center",
          "dropShadow": "drop-shadow(0 0 4px rgba(255,255,255,.55)) drop-shadow(0 0 10px rgba(0,255,255,.78)) drop-shadow(0 0 24px rgba(0,255,255,.46)) drop-shadow(0 0 42px rgba(0,255,255,.24))"
        },
        "renderHoverStyle": {
          "stroke": "#EFFFFF",
          "strokeColor": "#EFFFFF",
          "strokeWidth": 13,
          "stroke-width": 13,
          "fill": "none",
          "fillColor": "transparent",
          "fillOpacity": 0,
          "fill-opacity": 0,
          "transform": "scale(1.0025)",
          "dropShadow": "drop-shadow(0 0 6px rgba(255,255,255,.70)) drop-shadow(0 0 14px rgba(0,255,255,.95)) drop-shadow(0 0 30px rgba(0,255,255,.62)) drop-shadow(0 0 52px rgba(0,255,255,.34))"
        },
        "strokeWidth": 7,
        "strokeOpacity": 0.97,
        "lineCap": "round",
        "lineJoin": "round",
        "glowColor": "#B5179E",
        "glowBlur": 14,
        "waveStyle": "organic-rounded-wavy"
      },
      "geometry": {
        "type": "Polygon",
        "coordinates": [
          [
            [
              1573.749517,
              421.623284
            ],
            [
              1587.320562,
              436.263471
            ],
            [
              1598.801257,
              451.040994
            ],
            [
              1608.125039,
              466.000369
            ],
            [
              1615.25681,
              481.149715
            ],
            [
              1620.271393,
              496.44248
            ],
            [
              1618.441057,
              512.968842
            ],
            [
              1609.679319,
              530.721516
            ],
            [
              1594.016566,
              549.68265
            ],
            [
              1571.511657,
              569.910922
            ],
            [
              1542.100887,
              587.722766
            ],
            [
              1505.757751,
              603.057255
            ],
            [
              1462.516024,
              615.973799
            ],
            [
              1412.376614,
              626.517503
            ],
            [
              1372.288993,
              638.808782
            ],
            [
              1342.240428,
              652.832743
            ],
            [
              1322.26611,
              668.671131
            ],
            [
              1312.385357,
              686.29343
            ],
            [
              1307.189348,
              702.967787
            ],
            [
              1306.704638,
              718.734767
            ],
            [
              1311.007402,
              733.579533
            ],
            [
              1320.032856,
              747.492225
            ],
            [
              1326.602587,
              761.555149
            ],
            [
              1330.788161,
              775.732944
            ],
            [
              1332.624412,
              790.033724
            ],
            [
              1332.025918,
              804.476507
            ],
            [
              1332.083288,
              816.603383
            ],
            [
              1332.883408,
              826.409926
            ],
            [
              1334.399046,
              833.887946
            ],
            [
              1336.549964,
              839.048881
            ],
            [
              1335.349274,
              847.088091
            ],
            [
              1330.855221,
              858.043125
            ],
            [
              1322.997851,
              871.89275
            ],
            [
              1311.74892,
              888.603555
            ],
            [
              1300.770212,
              898.746496
            ],
            [
              1290.051486,
              902.357182
            ],
            [
              1279.557139,
              899.362738
            ],
            [
              1269.317453,
              889.778948
            ],
            [
              1259.449095,
              877.040191
            ],
            [
              1249.97791,
              861.111695
            ],
            [
              1240.970133,
              841.962887
            ],
            [
              1232.370971,
              819.620703
            ],
            [
              1221.321189,
              799.620629
            ],
            [
              1207.896183,
              781.933851
            ],
            [
              1192.107868,
              766.530887
            ],
            [
              1173.906804,
              753.485835
            ],
            [
              1169.298967,
              727.559632
            ],
            [
              1178.367026,
              688.728743
            ],
            [
              1201.083549,
              637.019604
            ],
            [
              1237.37837,
              572.395097
            ],
            [
              1280.939691,
              519.18161
            ],
            [
              1331.805954,
              477.425007
            ],
            [
              1389.922389,
              447.074729
            ],
            [
              1455.29359,
              428.086877
            ],
            [
              1507.730941,
              417.523345
            ],
            [
              1547.218958,
              415.398793
            ],
            [
              1573.749517,
              421.623284
            ]
          ]
        ]
      }
    },
    {
      "type": "Feature",
      "properties": {
        "province": "Eldermere",
        "name": "Eldermere",
        "provinceName": "Eldermere",
        "provinceKey": "eldermere",
        "governmentType": "Cooperative Commonwealth",
        "government": "Cooperative Commonwealth",
        "overallPopulation": 182371000,
        "population": 182371000,
        "squareMiles": 7354635,
        "squareKilometers": 19048417.21,
        "centerLat": 40.83258480113652,
        "centerLon": 123.46139874581161,
        "centerPointCoordinates": {
          "x": 1726.3581795317282,
          "y": 279.70796202020114,
          "lat": 40.83258480113652,
          "lon": 123.46139874581161,
          "latitude": 40.83258480113652,
          "longitude": 123.46139874581161
        },
        "color": "#90BE6D",
        "borderColor": "#90BE6D",
        "borderOpacity": 1,
        "borderWidth": 7,
        "borderVisible": false,
        "settlementScan": null,
        "featureKind": "province-border",
        "coordinateSpace": "Belavados map pixels",
        "provinceIndex": 8,
        "settlementCount": 10,
        "scannerDominantBiome": "Partial forest",
        "scannerBiomeTypes": [
          "Partial forest",
          "Farming",
          "Beach and grass with water"
        ],
        "scannerLandmarks": [
          "mountain",
          "water",
          "marsh",
          "forest",
          "island",
          "grassland"
        ],
        "correctedBy": "Manual hexcode authority pass v4",
        "biomes": [
          "Partial forest",
          "Farming",
          "Beach and grass with water"
        ],
        "settlementBiomeSummary": {
          "Partial forest": 7,
          "Farming": 7,
          "Beach and grass with water": 5,
          "Deep forest": 5,
          "Mountain range": 2,
          "Beach and reefs with water": 2,
          "Grassland": 1,
          "Hybrid tree and forest floor": 1
        },
        "factions": [
          {
            "id": "fac_freeblade_veil",
            "name": "The Freeblade Veil",
            "subtitle": "clandestine liberation order and courier-cell alliance",
            "primarySeat": "Mythraelyn, Aelvanyr",
            "atTableRole": "Use for rebel allies, stealth missions, safehouses, forged portal permits, heists, and hard questions about freedom defended by blades.",
            "publicFace": "Rescue endangered people, sabotage pure-ichor trafficking, leak oppressive ledgers, and break monopolies over transit and identity papers.",
            "hiddenTeeth": "Some cells protect free will through secrecy, forged lives, and precise violence that can become its own form of control.",
            "patrons": [
              "Asethyr",
              "Thalunesh",
              "Sigrananna",
              "Nefarokir"
            ],
            "alignmentTendency": {
              "Altruism": 2300,
              "Lawfulness": 900,
              "Cooperation": 2200,
              "Honor": 1500
            },
            "riskModifier": 0.3
          }
        ],
        "associatedFactions": [
          "The Freeblade Veil"
        ],
        "borderLocked": true,
        "anchorsVisibleToPlayers": false,
        "playerEditable": false,
        "coordinateLines": {
          "coordinateLineRevision": "named meridians/parallels + realm-geometric UTC offset pass",
          "coordinateLineRevisionDateUTC": "2026-07-05",
          "longitudeLatitudeSource": "feature lon/lat properties or converted equirectangular source coordinates",
          "nearestNamedMeridian": {
            "longitude": 120.0,
            "line": "120° E",
            "name": "Marduthor's Deepforge Meridian",
            "distanceDegrees": 3.461399
          },
          "nearestNamedParallel": {
            "latitude": 25.0,
            "line": "25° N",
            "name": "Raeshkul's Thoughtline",
            "distanceDegrees": 15.832585
          },
          "namedLongitudeBand": {
            "westLongitude": 120.0,
            "westLine": "120° E",
            "westName": "Marduthor's Deepforge Meridian",
            "eastLongitude": 150.0,
            "eastLine": "150° E",
            "eastName": "Valkhamesh's Thunder Meridian",
            "bandName": "Marduthor's Deepforge Meridian to Valkhamesh's Thunder Meridian",
            "spanDegrees": 30.0,
            "wrapsAntimeridian": false
          },
          "namedLatitudeBand": {
            "northLatitude": 60.0,
            "northLine": "60° N",
            "northName": "Fleysetl's Northern Underworld Gate",
            "southLatitude": 25.0,
            "southLine": "25° N",
            "southName": "Raeshkul's Thoughtline",
            "bandName": "Fleysetl's Northern Underworld Gate to Raeshkul's Thoughtline",
            "spanDegrees": 35.0
          },
          "utcTimeZone": {
            "utcOffset": "UTC+08:00",
            "utcOffsetCompact": "UTC+8",
            "utcOffsetHours": 8,
            "utcOffsetMinutes": 480,
            "zoneWidthDegrees": 15,
            "assignmentMethod": "geometric longitude band, 15° per hour, centered on 0° UTC",
            "notes": "This is realm-geometric UTC offset math by longitude, not political/IANA time-zone boundary data."
          }
        },
        "primaryUTC": "UTC+08:00",
        "utcOffset": "UTC+08:00",
        "utcOffsetCompact": "UTC+8",
        "utcOffsetHours": 8,
        "utcOffsetMinutes": 480,
        "nearestMeridianName": "Marduthor's Deepforge Meridian",
        "nearestMeridianLine": "120° E",
        "nearestParallelName": "Raeshkul's Thoughtline",
        "nearestParallelLine": "25° N",
        "geometryCoordinateSpace": "original 2048x1024 equirectangular map pixels; use borders_wgs84.geojson for standard lon/lat geometry",
        "wgs84GeometryFile": "borders_wgs84.geojson",
        "landmarkAtlas": {
          "source": "Life In The World Of Belavadös.docx geography tables",
          "water": {
            "namedRiverDeltaCanalLake": "Eldermere Palewater Bay",
            "namedBayGulfSeaSound": "Oakenshire Bright Sound",
            "feedingTerrain": "Partial forest; Farming; Beach and grass with water"
          },
          "land": {
            "mountainRangeHighland": "Elderroot Uplands",
            "volcanoVentCaldera": "Pale Ash Knob",
            "forestSwampLandmark": "Oakenshire Elderwood"
          },
          "climate": {
            "climateBelt": "Sunbelt reef-wet belt",
            "dominantTerrain": "Partial forest; Farming; Beach and grass with water",
            "namedWeather": "Palebay Drizzle",
            "verticalNote": "highest settled weather band 4600 m; deepest recorded route 180 m",
            "highestSettledWeatherBandMeters": 4600,
            "deepestRecordedRouteMeters": 180
          },
          "governanceTransit": {
            "government": "Cooperative Commonwealth",
            "population": "182,371,000",
            "coreBiomes": "Partial forest; Farming; Beach and grass with water",
            "transitGroup": "Far Eastern North-Mid Transit Group",
            "surfaceShare": "2.897313408%"
          },
          "layerRefs": [
            "province_landmarks_3d.geojson",
            "water_landmarks_3d.geojson",
            "land_landmarks_3d.geojson",
            "weather_landmarks_3d.geojson",
            "vertical_landmarks_3d.geojson"
          ]
        },
        "enrichedAtUtc": "2026-07-06T22:31:22+00:00",
        "visibleByDefault": true,
        "showWhenProvinceSelected": true,
        "hideUntilProvinceDropdownSelection": true,
        "visibilityRule": "Hidden by default; reveal province border and pins only when this province is selected from dropdown.",
        "updatedAtUtc": "2026-07-07T06:30:07+00:00",
        "originalProvinceColorBeforePlayerMapStyle": "#FABEBE",
        "originalBorderColorBeforePlayerMapStyle": "#FABEBE",
        "originalBorderWidthBeforePlayerMapStyle": 8,
        "originalBorderOpacityBeforePlayerMapStyle": 0.25,
        "fillColor": "transparent",
        "fillOpacity": 0.035,
        "stroke": "#90BE6D",
        "stroke-width": 12,
        "stroke-opacity": 1,
        "fill": "transparent",
        "fill-opacity": 0,
        "className": "province-border-shape bubbly-neon-province-border",
        "cssClass": "province-border-shape bubbly-neon-province-border",
        "mapLayerClass": "province-border-layer",
        "playerMapStyleApplied": true,
        "playerMapStyleSource": "player-map.css",
        "style": {
          "source": "player-map.css :: #provinceOverlay .province-border-shape",
          "className": "province-border-shape bubbly-neon-province-border",
          "cssClass": "province-border-shape bubbly-neon-province-border",
          "fill": "none",
          "fillColor": "transparent",
          "fillOpacity": 0,
          "fill-opacity": 0,
          "stroke": "#00FFFF",
          "strokeColor": "#00FFFF",
          "strokeWidth": 12,
          "stroke-width": 12,
          "strokeOpacity": 1,
          "stroke-opacity": 1,
          "strokeLineJoin": "round",
          "stroke-linejoin": "round",
          "strokeLineCap": "round",
          "stroke-linecap": "round",
          "strokeDashArray": "none",
          "stroke-dasharray": "none",
          "paintOrder": "stroke",
          "paint-order": "stroke",
          "vectorEffect": "non-scaling-stroke",
          "vector-effect": "non-scaling-stroke",
          "pointerEvents": "stroke",
          "pointer-events": "stroke",
          "cursor": "pointer",
          "transition": "filter .18s ease, stroke-width .18s ease, stroke .18s ease, transform .18s ease",
          "transformBox": "fill-box",
          "transformOrigin": "center center",
          "dropShadow": "drop-shadow(0 0 4px rgba(255,255,255,.55)) drop-shadow(0 0 10px rgba(0,255,255,.78)) drop-shadow(0 0 24px rgba(0,255,255,.46)) drop-shadow(0 0 42px rgba(0,255,255,.24))"
        },
        "hoverStyle": {
          "stroke": "#EFFFFF",
          "strokeColor": "#EFFFFF",
          "strokeWidth": 13,
          "stroke-width": 13,
          "fill": "none",
          "fillColor": "transparent",
          "fillOpacity": 0,
          "fill-opacity": 0,
          "transform": "scale(1.0025)",
          "dropShadow": "drop-shadow(0 0 6px rgba(255,255,255,.70)) drop-shadow(0 0 14px rgba(0,255,255,.95)) drop-shadow(0 0 30px rgba(0,255,255,.62)) drop-shadow(0 0 52px rgba(0,255,255,.34))"
        },
        "renderStyle": {
          "source": "player-map.css :: #provinceOverlay .province-border-shape",
          "className": "province-border-shape bubbly-neon-province-border",
          "cssClass": "province-border-shape bubbly-neon-province-border",
          "fill": "none",
          "fillColor": "transparent",
          "fillOpacity": 0,
          "fill-opacity": 0,
          "stroke": "#00FFFF",
          "strokeColor": "#00FFFF",
          "strokeWidth": 12,
          "stroke-width": 12,
          "strokeOpacity": 1,
          "stroke-opacity": 1,
          "strokeLineJoin": "round",
          "stroke-linejoin": "round",
          "strokeLineCap": "round",
          "stroke-linecap": "round",
          "strokeDashArray": "none",
          "stroke-dasharray": "none",
          "paintOrder": "stroke",
          "paint-order": "stroke",
          "vectorEffect": "non-scaling-stroke",
          "vector-effect": "non-scaling-stroke",
          "pointerEvents": "stroke",
          "pointer-events": "stroke",
          "cursor": "pointer",
          "transition": "filter .18s ease, stroke-width .18s ease, stroke .18s ease, transform .18s ease",
          "transformBox": "fill-box",
          "transformOrigin": "center center",
          "dropShadow": "drop-shadow(0 0 4px rgba(255,255,255,.55)) drop-shadow(0 0 10px rgba(0,255,255,.78)) drop-shadow(0 0 24px rgba(0,255,255,.46)) drop-shadow(0 0 42px rgba(0,255,255,.24))"
        },
        "renderHoverStyle": {
          "stroke": "#EFFFFF",
          "strokeColor": "#EFFFFF",
          "strokeWidth": 13,
          "stroke-width": 13,
          "fill": "none",
          "fillColor": "transparent",
          "fillOpacity": 0,
          "fill-opacity": 0,
          "transform": "scale(1.0025)",
          "dropShadow": "drop-shadow(0 0 6px rgba(255,255,255,.70)) drop-shadow(0 0 14px rgba(0,255,255,.95)) drop-shadow(0 0 30px rgba(0,255,255,.62)) drop-shadow(0 0 52px rgba(0,255,255,.34))"
        },
        "strokeWidth": 7,
        "strokeOpacity": 0.97,
        "lineCap": "round",
        "lineJoin": "round",
        "glowColor": "#90BE6D",
        "glowBlur": 14,
        "waveStyle": "organic-rounded-wavy"
      },
      "geometry": {
        "type": "Polygon",
        "coordinates": [
          [
            [
              1532.496442,
              184.742284
            ],
            [
              1559.448046,
              178.951213
            ],
            [
              1590.883485,
              180.51527
            ],
            [
              1626.827176,
              189.445934
            ],
            [
              1667.251197,
              205.825162
            ],
            [
              1712.164543,
              229.617444
            ],
            [
              1761.076258,
              243.564811
            ],
            [
              1813.951088,
              247.717471
            ],
            [
              1870.800068,
              242.130115
            ],
            [
              1931.615795,
              226.726281
            ],
            [
              1978.776251,
              218.975344
            ],
            [
              2012.302745,
              218.960625
            ],
            [
              2032.161869,
              226.672494
            ],
            [
              2038.415447,
              242.03753
            ],
            [
              2042.220742,
              261.647761
            ],
            [
              2043.482399,
              285.493065
            ],
            [
              2042.248871,
              313.558886
            ],
            [
              2038.583253,
              345.852723
            ],
            [
              2030.597382,
              370.034879
            ],
            [
              2018.267444,
              386.068939
            ],
            [
              2001.67547,
              394.00229
            ],
            [
              1980.773404,
              393.876425
            ],
            [
              1957.93985,
              391.671111
            ],
            [
              1933.191347,
              387.399769
            ],
            [
              1906.51087,
              381.144541
            ],
            [
              1877.901861,
              372.864335
            ],
            [
              1852.915015,
              365.047298
            ],
            [
              1831.534586,
              357.752911
            ],
            [
              1813.741901,
              351.0278
            ],
            [
              1799.563304,
              344.796597
            ],
            [
              1784.265499,
              337.167504
            ],
            [
              1767.810447,
              328.219303
            ],
            [
              1750.195211,
              317.949633
            ],
            [
              1731.458569,
              306.282236
            ],
            [
              1702.527892,
              299.51238
            ],
            [
              1663.402908,
              297.721467
            ],
            [
              1614.098226,
              300.856379
            ],
            [
              1554.604663,
              308.856062
            ],
            [
              1507.164173,
              312.156183
            ],
            [
              1471.769865,
              310.794347
            ],
            [
              1448.419605,
              304.685131
            ],
            [
              1437.140155,
              293.827282
            ],
            [
              1428.165483,
              283.782179
            ],
            [
              1421.505188,
              274.532561
            ],
            [
              1417.229642,
              266.035322
            ],
            [
              1415.305834,
              258.324146
            ],
            [
              1413.812508,
              250.152322
            ],
            [
              1412.812372,
              241.505148
            ],
            [
              1412.35285,
              232.382906
            ],
            [
              1412.350257,
              222.808817
            ],
            [
              1417.284332,
              214.682579
            ],
            [
              1427.245275,
              208.02402
            ],
            [
              1442.207934,
              202.859195
            ],
            [
              1462.150872,
              199.10822
            ],
            [
              1483.844067,
              194.815551
            ],
            [
              1507.298713,
              190.057449
            ],
            [
              1532.496442,
              184.742284
            ]
          ]
        ]
      }
    },
    {
      "type": "Feature",
      "properties": {
        "province": "Falthrakar",
        "name": "Falthrakar",
        "provinceName": "Falthrakar",
        "provinceKey": "falthrakar",
        "governmentType": "Diarchy",
        "government": "Diarchy",
        "overallPopulation": 118613000,
        "population": 118613000,
        "squareMiles": 9900505,
        "squareKilometers": 25642190.24,
        "centerLat": 32.80475344555859,
        "centerLon": -5.451202635370237,
        "centerPointCoordinates": {
          "x": 992.9887138965604,
          "y": 325.37740262082224,
          "lat": 32.80475344555859,
          "lon": -5.451202635370237,
          "latitude": 32.80475344555859,
          "longitude": -5.451202635370237
        },
        "color": "#F72585",
        "borderColor": "#F72585",
        "borderOpacity": 1,
        "borderWidth": 7,
        "borderVisible": false,
        "settlementScan": null,
        "featureKind": "province-border",
        "coordinateSpace": "Belavados map pixels",
        "provinceIndex": 9,
        "settlementCount": 11,
        "scannerDominantBiome": "Partial forest",
        "scannerBiomeTypes": [
          "Partial forest",
          "Beach and grass with water",
          "Marshes and swamps"
        ],
        "scannerLandmarks": [
          "water",
          "mountain",
          "forest",
          "marsh",
          "grassland",
          "reef",
          "island",
          "valley"
        ],
        "correctedBy": "Manual hexcode authority pass v4",
        "biomes": [
          "Partial forest",
          "Beach and grass with water",
          "Marshes and swamps"
        ],
        "settlementBiomeSummary": {
          "Partial forest": 9,
          "Beach and grass with water": 7,
          "Marshes and swamps": 4,
          "Farming": 4,
          "Deep forest": 3,
          "Beach and reefs with water": 3,
          "Grassland": 1,
          "Mountain range": 1,
          "Treetops - treehouses": 1
        },
        "factions": [
          {
            "id": "fac_crucible_wardens",
            "name": "The Crucible Wardens",
            "subtitle": "armored relic-wardens and rail marshals",
            "primarySeat": "Kharzund, Kharvathen",
            "atTableRole": "Use for armored technology control, relic seizures, rail convoy drama, and tense lawful patrons.",
            "publicFace": "Protect Belavados from uncontrolled inventions, divine-prison breaches, unstable constructs, and black-market relic trafficking.",
            "hiddenTeeth": "Their containment laws can become prejudice against created peoples, awakened machines, and souls housed in engineered bodies.",
            "patrons": [
              "Marduthor",
              "Setrimir",
              "Nebyrr",
              "Valkhamesh",
              "Nefarokir"
            ],
            "alignmentTendency": {
              "Altruism": 1600,
              "Lawfulness": 2600,
              "Cooperation": 1300,
              "Honor": 1900
            },
            "riskModifier": 0.7
          }
        ],
        "associatedFactions": [
          "The Crucible Wardens"
        ],
        "borderLocked": true,
        "anchorsVisibleToPlayers": false,
        "playerEditable": false,
        "coordinateLines": {
          "coordinateLineRevision": "named meridians/parallels + realm-geometric UTC offset pass",
          "coordinateLineRevisionDateUTC": "2026-07-05",
          "longitudeLatitudeSource": "feature lon/lat properties or converted equirectangular source coordinates",
          "nearestNamedMeridian": {
            "longitude": 0.0,
            "line": "0°",
            "name": "UTC",
            "distanceDegrees": 5.451203
          },
          "nearestNamedParallel": {
            "latitude": 25.0,
            "line": "25° N",
            "name": "Raeshkul's Thoughtline",
            "distanceDegrees": 7.804753
          },
          "namedLongitudeBand": {
            "westLongitude": -30.0,
            "westLine": "30° W",
            "westName": "Horundar's Storm Meridian",
            "eastLongitude": 0.0,
            "eastLine": "0°",
            "eastName": "UTC",
            "bandName": "Horundar's Storm Meridian to UTC",
            "spanDegrees": 30.0,
            "wrapsAntimeridian": false
          },
          "namedLatitudeBand": {
            "northLatitude": 60.0,
            "northLine": "60° N",
            "northName": "Fleysetl's Northern Underworld Gate",
            "southLatitude": 25.0,
            "southLine": "25° N",
            "southName": "Raeshkul's Thoughtline",
            "bandName": "Fleysetl's Northern Underworld Gate to Raeshkul's Thoughtline",
            "spanDegrees": 35.0
          },
          "utcTimeZone": {
            "utcOffset": "UTC+00:00",
            "utcOffsetCompact": "UTC+0",
            "utcOffsetHours": 0,
            "utcOffsetMinutes": 0,
            "zoneWidthDegrees": 15,
            "assignmentMethod": "geometric longitude band, 15° per hour, centered on 0° UTC",
            "notes": "This is realm-geometric UTC offset math by longitude, not political/IANA time-zone boundary data."
          }
        },
        "primaryUTC": "UTC+00:00",
        "utcOffset": "UTC+00:00",
        "utcOffsetCompact": "UTC+0",
        "utcOffsetHours": 0,
        "utcOffsetMinutes": 0,
        "nearestMeridianName": "UTC",
        "nearestMeridianLine": "0°",
        "nearestParallelName": "Raeshkul's Thoughtline",
        "nearestParallelLine": "25° N",
        "geometryCoordinateSpace": "original 2048x1024 equirectangular map pixels; use borders_wgs84.geojson for standard lon/lat geometry",
        "wgs84GeometryFile": "borders_wgs84.geojson",
        "landmarkAtlas": {
          "source": "Life In The World Of Belavadös.docx geography tables",
          "water": {
            "namedRiverDeltaCanalLake": "Falthrakar Inland Strait",
            "namedBayGulfSeaSound": "Gorathkar Trade Sea",
            "feedingTerrain": "Partial forest; Beach and grass with water; Marshes and swamps"
          },
          "land": {
            "mountainRangeHighland": "Falthrakar Greenstone Wall",
            "volcanoVentCaldera": "Verdant Forge",
            "forestSwampLandmark": "Gorathkar Deepleaf"
          },
          "climate": {
            "climateBelt": "Sunbelt reef-wet belt",
            "dominantTerrain": "Partial forest; Beach and grass with water; Marshes and swamps",
            "namedWeather": "Greenwall Rainshadow",
            "verticalNote": "highest settled weather band 4600 m; deepest recorded route 180 m",
            "highestSettledWeatherBandMeters": 4600,
            "deepestRecordedRouteMeters": 180
          },
          "governanceTransit": {
            "government": "Diarchy",
            "population": "118,613,000",
            "coreBiomes": "Partial forest; Beach and grass with water; Marshes and swamps",
            "transitGroup": "Central Equatorial Transit Group",
            "surfaceShare": "3.467776243%"
          },
          "layerRefs": [
            "province_landmarks_3d.geojson",
            "water_landmarks_3d.geojson",
            "land_landmarks_3d.geojson",
            "weather_landmarks_3d.geojson",
            "vertical_landmarks_3d.geojson"
          ]
        },
        "enrichedAtUtc": "2026-07-06T22:31:22+00:00",
        "visibleByDefault": true,
        "showWhenProvinceSelected": true,
        "hideUntilProvinceDropdownSelection": true,
        "visibilityRule": "Hidden by default; reveal province border and pins only when this province is selected from dropdown.",
        "updatedAtUtc": "2026-07-07T06:30:07+00:00",
        "originalProvinceColorBeforePlayerMapStyle": "#008080",
        "originalBorderColorBeforePlayerMapStyle": "#008080",
        "originalBorderWidthBeforePlayerMapStyle": 8,
        "originalBorderOpacityBeforePlayerMapStyle": 0.25,
        "fillColor": "transparent",
        "fillOpacity": 0.035,
        "stroke": "#F72585",
        "stroke-width": 12,
        "stroke-opacity": 1,
        "fill": "transparent",
        "fill-opacity": 0,
        "className": "province-border-shape bubbly-neon-province-border",
        "cssClass": "province-border-shape bubbly-neon-province-border",
        "mapLayerClass": "province-border-layer",
        "playerMapStyleApplied": true,
        "playerMapStyleSource": "player-map.css",
        "style": {
          "source": "player-map.css :: #provinceOverlay .province-border-shape",
          "className": "province-border-shape bubbly-neon-province-border",
          "cssClass": "province-border-shape bubbly-neon-province-border",
          "fill": "none",
          "fillColor": "transparent",
          "fillOpacity": 0,
          "fill-opacity": 0,
          "stroke": "#00FFFF",
          "strokeColor": "#00FFFF",
          "strokeWidth": 12,
          "stroke-width": 12,
          "strokeOpacity": 1,
          "stroke-opacity": 1,
          "strokeLineJoin": "round",
          "stroke-linejoin": "round",
          "strokeLineCap": "round",
          "stroke-linecap": "round",
          "strokeDashArray": "none",
          "stroke-dasharray": "none",
          "paintOrder": "stroke",
          "paint-order": "stroke",
          "vectorEffect": "non-scaling-stroke",
          "vector-effect": "non-scaling-stroke",
          "pointerEvents": "stroke",
          "pointer-events": "stroke",
          "cursor": "pointer",
          "transition": "filter .18s ease, stroke-width .18s ease, stroke .18s ease, transform .18s ease",
          "transformBox": "fill-box",
          "transformOrigin": "center center",
          "dropShadow": "drop-shadow(0 0 4px rgba(255,255,255,.55)) drop-shadow(0 0 10px rgba(0,255,255,.78)) drop-shadow(0 0 24px rgba(0,255,255,.46)) drop-shadow(0 0 42px rgba(0,255,255,.24))"
        },
        "hoverStyle": {
          "stroke": "#EFFFFF",
          "strokeColor": "#EFFFFF",
          "strokeWidth": 13,
          "stroke-width": 13,
          "fill": "none",
          "fillColor": "transparent",
          "fillOpacity": 0,
          "fill-opacity": 0,
          "transform": "scale(1.0025)",
          "dropShadow": "drop-shadow(0 0 6px rgba(255,255,255,.70)) drop-shadow(0 0 14px rgba(0,255,255,.95)) drop-shadow(0 0 30px rgba(0,255,255,.62)) drop-shadow(0 0 52px rgba(0,255,255,.34))"
        },
        "renderStyle": {
          "source": "player-map.css :: #provinceOverlay .province-border-shape",
          "className": "province-border-shape bubbly-neon-province-border",
          "cssClass": "province-border-shape bubbly-neon-province-border",
          "fill": "none",
          "fillColor": "transparent",
          "fillOpacity": 0,
          "fill-opacity": 0,
          "stroke": "#00FFFF",
          "strokeColor": "#00FFFF",
          "strokeWidth": 12,
          "stroke-width": 12,
          "strokeOpacity": 1,
          "stroke-opacity": 1,
          "strokeLineJoin": "round",
          "stroke-linejoin": "round",
          "strokeLineCap": "round",
          "stroke-linecap": "round",
          "strokeDashArray": "none",
          "stroke-dasharray": "none",
          "paintOrder": "stroke",
          "paint-order": "stroke",
          "vectorEffect": "non-scaling-stroke",
          "vector-effect": "non-scaling-stroke",
          "pointerEvents": "stroke",
          "pointer-events": "stroke",
          "cursor": "pointer",
          "transition": "filter .18s ease, stroke-width .18s ease, stroke .18s ease, transform .18s ease",
          "transformBox": "fill-box",
          "transformOrigin": "center center",
          "dropShadow": "drop-shadow(0 0 4px rgba(255,255,255,.55)) drop-shadow(0 0 10px rgba(0,255,255,.78)) drop-shadow(0 0 24px rgba(0,255,255,.46)) drop-shadow(0 0 42px rgba(0,255,255,.24))"
        },
        "renderHoverStyle": {
          "stroke": "#EFFFFF",
          "strokeColor": "#EFFFFF",
          "strokeWidth": 13,
          "stroke-width": 13,
          "fill": "none",
          "fillColor": "transparent",
          "fillOpacity": 0,
          "fill-opacity": 0,
          "transform": "scale(1.0025)",
          "dropShadow": "drop-shadow(0 0 6px rgba(255,255,255,.70)) drop-shadow(0 0 14px rgba(0,255,255,.95)) drop-shadow(0 0 30px rgba(0,255,255,.62)) drop-shadow(0 0 52px rgba(0,255,255,.34))"
        },
        "strokeWidth": 7,
        "strokeOpacity": 0.97,
        "lineCap": "round",
        "lineJoin": "round",
        "glowColor": "#F72585",
        "glowBlur": 14,
        "waveStyle": "organic-rounded-wavy"
      },
      "geometry": {
        "type": "Polygon",
        "coordinates": [
          [
            [
              1021.480241,
              210.39041
            ],
            [
              1033.623376,
              205.423203
            ],
            [
              1046.147952,
              200.191433
            ],
            [
              1059.079354,
              194.756869
            ],
            [
              1072.391854,
              189.057496
            ],
            [
              1086.065721,
              183.054744
            ],
            [
              1100.384644,
              182.238683
            ],
            [
              1115.320943,
              186.627517
            ],
            [
              1130.897582,
              196.136403
            ],
            [
              1147.130808,
              210.78589
            ],
            [
              1164.132179,
              226.136789
            ],
            [
              1181.924583,
              242.158823
            ],
            [
              1200.557663,
              258.796508
            ],
            [
              1219.990016,
              276.092012
            ],
            [
              1230.643666,
              292.564446
            ],
            [
              1232.587215,
              308.155354
            ],
            [
              1225.857629,
              322.926799
            ],
            [
              1210.35702,
              336.857258
            ],
            [
              1195.523478,
              350.325739
            ],
            [
              1181.417893,
              363.393137
            ],
            [
              1168.023173,
              376.039772
            ],
            [
              1155.287626,
              388.205533
            ],
            [
              1134.588461,
              398.374889
            ],
            [
              1105.93758,
              406.614289
            ],
            [
              1069.30751,
              412.858769
            ],
            [
              1024.699392,
              417.067066
            ],
            [
              980.093743,
              421.307153
            ],
            [
              935.492536,
              425.593858
            ],
            [
              890.887404,
              429.839375
            ],
            [
              846.280319,
              434.056525
            ],
            [
              812.237656,
              436.377544
            ],
            [
              788.752381,
              436.761496
            ],
            [
              775.832397,
              435.137376
            ],
            [
              773.493574,
              431.583829
            ],
            [
              771.096423,
              428.049513
            ],
            [
              768.720176,
              424.501254
            ],
            [
              766.386075,
              420.924883
            ],
            [
              764.021215,
              417.370358
            ],
            [
              760.930555,
              412.421536
            ],
            [
              757.186875,
              406.033066
            ],
            [
              752.765583,
              398.221557
            ],
            [
              747.598681,
              389.024874
            ],
            [
              742.427021,
              379.830497
            ],
            [
              737.304468,
              370.608682
            ],
            [
              732.168482,
              361.394374
            ],
            [
              726.988801,
              352.212016
            ],
            [
              733.485686,
              340.981428
            ],
            [
              751.660461,
              327.757377
            ],
            [
              781.461411,
              312.473415
            ],
            [
              822.906142,
              295.139316
            ],
            [
              861.392465,
              278.967918
            ],
            [
              896.902165,
              263.918505
            ],
            [
              929.407622,
              249.926702
            ],
            [
              958.933848,
              237.051852
            ],
            [
              984.135458,
              226.203418
            ],
            [
              1004.980562,
              217.30763
            ],
            [
              1021.480241,
              210.39041
            ]
          ]
        ]
      }
    },
    {
      "type": "Feature",
      "properties": {
        "province": "Gruddirynn",
        "name": "Gruddirynn",
        "provinceName": "Gruddirynn",
        "provinceKey": "gruddirynn",
        "governmentType": "Aristocracy",
        "government": "Aristocracy",
        "overallPopulation": 30515000,
        "population": 30515000,
        "squareMiles": 3228212,
        "squareKilometers": 8361030.7,
        "centerLat": -72.28391866738107,
        "centerLon": 77.63358928456182,
        "centerPointCoordinates": {
          "x": 1465.6488634855073,
          "y": 923.2151817522123,
          "lat": -72.28391866738107,
          "lon": 77.63358928456182,
          "latitude": -72.28391866738107,
          "longitude": 77.63358928456182
        },
        "color": "#9B5DE5",
        "borderColor": "#9B5DE5",
        "borderOpacity": 1,
        "borderWidth": 7,
        "borderVisible": false,
        "settlementScan": null,
        "featureKind": "province-border",
        "coordinateSpace": "Belavados map pixels",
        "provinceIndex": 10,
        "settlementCount": 11,
        "scannerDominantBiome": "Beach and grass with water",
        "scannerBiomeTypes": [
          "Beach and grass with water",
          "Beach and reefs with water",
          "Partial forest"
        ],
        "scannerLandmarks": [
          "water",
          "mountain",
          "island",
          "forest",
          "reef"
        ],
        "correctedBy": "Manual hexcode authority pass v4",
        "biomes": [
          "Beach and grass with water",
          "Beach and reefs with water",
          "Partial forest"
        ],
        "settlementBiomeSummary": {
          "Beach and grass with water": 9,
          "Beach and reefs with water": 8,
          "Partial forest": 4,
          "Ocean Surface floating settlement": 3,
          "Farming": 2,
          "Deep forest": 2,
          "Underwater without reefs": 1,
          "Mountain range": 1
        },
        "factions": [
          {
            "id": "fac_cog_sanctum_synod",
            "name": "The Cog-Sanctum Synod",
            "subtitle": "machine-priest foundry cult and sacred augmetic order",
            "primarySeat": "Sleakitika, Gruddirynn",
            "atTableRole": "Use for sacred engineering, prosthetic bargains, foundry temples, stolen-soul machines, and the line between repair and ownership.",
            "publicFace": "Repair bodies, preserve engines, awaken useful machinery, and sanctify industrial infrastructure.",
            "hiddenTeeth": "Pure-ichor augmetic rites create servants, limbs, engines, and armor that may remember being unwilling.",
            "patrons": [
              "Setrimir",
              "Marduthor",
              "Oskar'enlil",
              "Nebyrr",
              "Hathruna"
            ],
            "alignmentTendency": {
              "Altruism": 1200,
              "Lawfulness": 2600,
              "Cooperation": 1700,
              "Honor": 800
            },
            "riskModifier": 0.8
          }
        ],
        "associatedFactions": [
          "The Cog-Sanctum Synod"
        ],
        "borderLocked": true,
        "anchorsVisibleToPlayers": false,
        "playerEditable": false,
        "coordinateLines": {
          "coordinateLineRevision": "named meridians/parallels + realm-geometric UTC offset pass",
          "coordinateLineRevisionDateUTC": "2026-07-05",
          "longitudeLatitudeSource": "feature lon/lat properties or converted equirectangular source coordinates",
          "nearestNamedMeridian": {
            "longitude": 90.0,
            "line": "90° E",
            "name": "Ishtanora's Hrealm Meridian",
            "distanceDegrees": 12.366411
          },
          "nearestNamedParallel": {
            "latitude": -65.0,
            "line": "65° S",
            "name": "Thoryn-Rahek's Southern Underworld Gate",
            "distanceDegrees": 7.283919
          },
          "namedLongitudeBand": {
            "westLongitude": 60.0,
            "westLine": "60° E",
            "westName": "Sokhivar's Sunroad Meridian",
            "eastLongitude": 90.0,
            "eastLine": "90° E",
            "eastName": "Ishtanora's Hrealm Meridian",
            "bandName": "Sokhivar's Sunroad Meridian to Ishtanora's Hrealm Meridian",
            "spanDegrees": 30.0,
            "wrapsAntimeridian": false
          },
          "namedLatitudeBand": {
            "northLatitude": -65.0,
            "northLine": "65° S",
            "northName": "Thoryn-Rahek's Southern Underworld Gate",
            "southLatitude": -90.0,
            "southLine": "South Pole",
            "southName": "South Pole",
            "bandName": "Thoryn-Rahek's Southern Underworld Gate to South Pole",
            "spanDegrees": 25.0
          },
          "utcTimeZone": {
            "utcOffset": "UTC+05:00",
            "utcOffsetCompact": "UTC+5",
            "utcOffsetHours": 5,
            "utcOffsetMinutes": 300,
            "zoneWidthDegrees": 15,
            "assignmentMethod": "geometric longitude band, 15° per hour, centered on 0° UTC",
            "notes": "This is realm-geometric UTC offset math by longitude, not political/IANA time-zone boundary data."
          }
        },
        "primaryUTC": "UTC+05:00",
        "utcOffset": "UTC+05:00",
        "utcOffsetCompact": "UTC+5",
        "utcOffsetHours": 5,
        "utcOffsetMinutes": 300,
        "nearestMeridianName": "Ishtanora's Hrealm Meridian",
        "nearestMeridianLine": "90° E",
        "nearestParallelName": "Thoryn-Rahek's Southern Underworld Gate",
        "nearestParallelLine": "65° S",
        "geometryCoordinateSpace": "original 2048x1024 equirectangular map pixels; use borders_wgs84.geojson for standard lon/lat geometry",
        "wgs84GeometryFile": "borders_wgs84.geojson",
        "landmarkAtlas": {
          "source": "Life In The World Of Belavadös.docx geography tables",
          "water": {
            "namedRiverDeltaCanalLake": "Gruddirynn Frostless Deep",
            "namedBayGulfSeaSound": "Coravûn Farwater",
            "feedingTerrain": "Beach and grass with water; Beach and reefs with water; Partial forest"
          },
          "land": {
            "mountainRangeHighland": "Gruddirynn Pearlbacks",
            "volcanoVentCaldera": "Pearl Embervent",
            "forestSwampLandmark": "Lavender Fenlands"
          },
          "climate": {
            "climateBelt": "Sunbelt reef-wet belt",
            "dominantTerrain": "Beach and grass with water; Beach and reefs with water; Partial forest",
            "namedWeather": "Deep-Pearl Sea Smoke",
            "verticalNote": "highest settled weather band 1200 m; deepest recorded route 6200 m",
            "highestSettledWeatherBandMeters": 1200,
            "deepestRecordedRouteMeters": 6200
          },
          "governanceTransit": {
            "government": "Aristocracy",
            "population": "30,515,000",
            "coreBiomes": "Beach and grass with water; Beach and reefs with water; Partial forest",
            "transitGroup": "Central Southern Transit Group",
            "surfaceShare": "2.777372805%"
          },
          "layerRefs": [
            "province_landmarks_3d.geojson",
            "water_landmarks_3d.geojson",
            "land_landmarks_3d.geojson",
            "weather_landmarks_3d.geojson",
            "vertical_landmarks_3d.geojson"
          ]
        },
        "enrichedAtUtc": "2026-07-06T22:31:22+00:00",
        "visibleByDefault": true,
        "showWhenProvinceSelected": true,
        "hideUntilProvinceDropdownSelection": true,
        "visibilityRule": "Hidden by default; reveal province border and pins only when this province is selected from dropdown.",
        "updatedAtUtc": "2026-07-07T06:30:07+00:00",
        "originalProvinceColorBeforePlayerMapStyle": "#E6BEFF",
        "originalBorderColorBeforePlayerMapStyle": "#E6BEFF",
        "originalBorderWidthBeforePlayerMapStyle": 8,
        "originalBorderOpacityBeforePlayerMapStyle": 0.25,
        "fillColor": "transparent",
        "fillOpacity": 0.035,
        "stroke": "#9B5DE5",
        "stroke-width": 12,
        "stroke-opacity": 1,
        "fill": "transparent",
        "fill-opacity": 0,
        "className": "province-border-shape bubbly-neon-province-border",
        "cssClass": "province-border-shape bubbly-neon-province-border",
        "mapLayerClass": "province-border-layer",
        "playerMapStyleApplied": true,
        "playerMapStyleSource": "player-map.css",
        "style": {
          "source": "player-map.css :: #provinceOverlay .province-border-shape",
          "className": "province-border-shape bubbly-neon-province-border",
          "cssClass": "province-border-shape bubbly-neon-province-border",
          "fill": "none",
          "fillColor": "transparent",
          "fillOpacity": 0,
          "fill-opacity": 0,
          "stroke": "#00FFFF",
          "strokeColor": "#00FFFF",
          "strokeWidth": 12,
          "stroke-width": 12,
          "strokeOpacity": 1,
          "stroke-opacity": 1,
          "strokeLineJoin": "round",
          "stroke-linejoin": "round",
          "strokeLineCap": "round",
          "stroke-linecap": "round",
          "strokeDashArray": "none",
          "stroke-dasharray": "none",
          "paintOrder": "stroke",
          "paint-order": "stroke",
          "vectorEffect": "non-scaling-stroke",
          "vector-effect": "non-scaling-stroke",
          "pointerEvents": "stroke",
          "pointer-events": "stroke",
          "cursor": "pointer",
          "transition": "filter .18s ease, stroke-width .18s ease, stroke .18s ease, transform .18s ease",
          "transformBox": "fill-box",
          "transformOrigin": "center center",
          "dropShadow": "drop-shadow(0 0 4px rgba(255,255,255,.55)) drop-shadow(0 0 10px rgba(0,255,255,.78)) drop-shadow(0 0 24px rgba(0,255,255,.46)) drop-shadow(0 0 42px rgba(0,255,255,.24))"
        },
        "hoverStyle": {
          "stroke": "#EFFFFF",
          "strokeColor": "#EFFFFF",
          "strokeWidth": 13,
          "stroke-width": 13,
          "fill": "none",
          "fillColor": "transparent",
          "fillOpacity": 0,
          "fill-opacity": 0,
          "transform": "scale(1.0025)",
          "dropShadow": "drop-shadow(0 0 6px rgba(255,255,255,.70)) drop-shadow(0 0 14px rgba(0,255,255,.95)) drop-shadow(0 0 30px rgba(0,255,255,.62)) drop-shadow(0 0 52px rgba(0,255,255,.34))"
        },
        "renderStyle": {
          "source": "player-map.css :: #provinceOverlay .province-border-shape",
          "className": "province-border-shape bubbly-neon-province-border",
          "cssClass": "province-border-shape bubbly-neon-province-border",
          "fill": "none",
          "fillColor": "transparent",
          "fillOpacity": 0,
          "fill-opacity": 0,
          "stroke": "#00FFFF",
          "strokeColor": "#00FFFF",
          "strokeWidth": 12,
          "stroke-width": 12,
          "strokeOpacity": 1,
          "stroke-opacity": 1,
          "strokeLineJoin": "round",
          "stroke-linejoin": "round",
          "strokeLineCap": "round",
          "stroke-linecap": "round",
          "strokeDashArray": "none",
          "stroke-dasharray": "none",
          "paintOrder": "stroke",
          "paint-order": "stroke",
          "vectorEffect": "non-scaling-stroke",
          "vector-effect": "non-scaling-stroke",
          "pointerEvents": "stroke",
          "pointer-events": "stroke",
          "cursor": "pointer",
          "transition": "filter .18s ease, stroke-width .18s ease, stroke .18s ease, transform .18s ease",
          "transformBox": "fill-box",
          "transformOrigin": "center center",
          "dropShadow": "drop-shadow(0 0 4px rgba(255,255,255,.55)) drop-shadow(0 0 10px rgba(0,255,255,.78)) drop-shadow(0 0 24px rgba(0,255,255,.46)) drop-shadow(0 0 42px rgba(0,255,255,.24))"
        },
        "renderHoverStyle": {
          "stroke": "#EFFFFF",
          "strokeColor": "#EFFFFF",
          "strokeWidth": 13,
          "stroke-width": 13,
          "fill": "none",
          "fillColor": "transparent",
          "fillOpacity": 0,
          "fill-opacity": 0,
          "transform": "scale(1.0025)",
          "dropShadow": "drop-shadow(0 0 6px rgba(255,255,255,.70)) drop-shadow(0 0 14px rgba(0,255,255,.95)) drop-shadow(0 0 30px rgba(0,255,255,.62)) drop-shadow(0 0 52px rgba(0,255,255,.34))"
        },
        "strokeWidth": 7,
        "strokeOpacity": 0.97,
        "lineCap": "round",
        "lineJoin": "round",
        "glowColor": "#9B5DE5",
        "glowBlur": 14,
        "waveStyle": "organic-rounded-wavy"
      },
      "geometry": {
        "type": "Polygon",
        "coordinates": [
          [
            [
              1478.174146,
              771.450912
            ],
            [
              1488.302786,
              774.98317
            ],
            [
              1498.459613,
              778.464986
            ],
            [
              1508.607374,
              781.972922
            ],
            [
              1518.739741,
              785.525215
            ],
            [
              1528.882197,
              789.038319
            ],
            [
              1537.777668,
              794.056131
            ],
            [
              1545.38195,
              800.650522
            ],
            [
              1551.704336,
              808.779572
            ],
            [
              1556.812282,
              818.40872
            ],
            [
              1561.92078,
              828.043041
            ],
            [
              1566.98038,
              837.703186
            ],
            [
              1572.060079,
              847.352717
            ],
            [
              1577.186658,
              856.977804
            ],
            [
              1584.324659,
              869.979689
            ],
            [
              1593.471767,
              886.360574
            ],
            [
              1604.703224,
              906.0782
            ],
            [
              1617.995552,
              929.145041
            ],
            [
              1623.349518,
              947.543319
            ],
            [
              1620.816188,
              961.226177
            ],
            [
              1610.451198,
              970.251736
            ],
            [
              1592.174113,
              974.594076
            ],
            [
              1568.111315,
              978.161592
            ],
            [
              1538.280214,
              981.036688
            ],
            [
              1502.677346,
              983.23541
            ],
            [
              1461.297019,
              984.670675
            ],
            [
              1421.358385,
              986.318746
            ],
            [
              1382.865678,
              988.26338
            ],
            [
              1345.817739,
              990.463889
            ],
            [
              1310.21034,
              992.84823
            ],
            [
              1282.519524,
              994.101872
            ],
            [
              1262.74504,
              994.27505
            ],
            [
              1250.88343,
              993.288008
            ],
            [
              1246.965538,
              991.126406
            ],
            [
              1245.967375,
              988.152426
            ],
            [
              1247.855914,
              984.273223
            ],
            [
              1252.723474,
              979.536249
            ],
            [
              1260.540218,
              973.941086
            ],
            [
              1267.62852,
              967.424916
            ],
            [
              1274.013051,
              960.036299
            ],
            [
              1279.74496,
              951.808885
            ],
            [
              1284.766539,
              942.699601
            ],
            [
              1289.767341,
              933.61718
            ],
            [
              1294.823874,
              924.600838
            ],
            [
              1299.946267,
              915.656889
            ],
            [
              1305.058361,
              906.742961
            ],
            [
              1312.339342,
              895.19965
            ],
            [
              1321.858559,
              881.071974
            ],
            [
              1333.578233,
              864.337372
            ],
            [
              1347.440514,
              844.956485
            ],
            [
              1363.759108,
              827.311057
            ],
            [
              1382.562771,
              811.43852
            ],
            [
              1403.795399,
              797.279436
            ],
            [
              1427.455096,
              784.807346
            ],
            [
              1447.749005,
              776.35767
            ],
            [
              1464.662057,
              771.930861
            ],
            [
              1478.174146,
              771.450912
            ]
          ]
        ]
      }
    },
    {
      "type": "Feature",
      "properties": {
        "province": "Iazethas",
        "name": "Iazethas",
        "provinceName": "Iazethas",
        "provinceKey": "iazethas",
        "governmentType": "Triumvirate",
        "government": "Triumvirate",
        "overallPopulation": 105112000,
        "population": 105112000,
        "squareMiles": 9540672,
        "squareKilometers": 24710227.04,
        "centerLat": -14.170557560670076,
        "centerLon": -146.86130433776714,
        "centerPointCoordinates": {
          "x": 188.52235754514695,
          "y": 592.6147274562564,
          "lat": -14.170557560670076,
          "lon": -146.86130433776714,
          "latitude": -14.170557560670076,
          "longitude": -146.86130433776714
        },
        "color": "#8AC926",
        "borderColor": "#8AC926",
        "borderOpacity": 1,
        "borderWidth": 7,
        "borderVisible": false,
        "settlementScan": null,
        "featureKind": "province-border",
        "coordinateSpace": "Belavados map pixels",
        "provinceIndex": 11,
        "settlementCount": 10,
        "scannerDominantBiome": "Partial forest",
        "scannerBiomeTypes": [
          "Partial forest",
          "Farming",
          "Deep forest"
        ],
        "scannerLandmarks": [
          "water",
          "mountain",
          "island",
          "forest",
          "marsh",
          "reef",
          "grassland"
        ],
        "correctedBy": "Manual hexcode authority pass v4",
        "biomes": [
          "Partial forest",
          "Farming",
          "Deep forest"
        ],
        "settlementBiomeSummary": {
          "Partial forest": 6,
          "Farming": 5,
          "Deep forest": 4,
          "Mountain range": 3,
          "Marshes and swamps": 3,
          "Beach and grass with water": 2,
          "Ocean Surface floating settlement": 2,
          "Grassland": 1
        },
        "factions": [
          {
            "id": "fac_choral_synod",
            "name": "The Choral Synod",
            "subtitle": "many-peopled temple hegemony and pilgrim fleet",
            "primarySeat": "Auralisthra, Lun-tharave",
            "atTableRole": "Use for beautiful religious pressure, temple politics, submarine pilgrimages, healing-with-costs, and seductive cult authority.",
            "publicFace": "Heal the sick, protect pilgrim routes, interpret prophecy, and unite settlements through sacred processions.",
            "hiddenTeeth": "Their sacramental medicine can become debt bondage, addiction, ecstatic obedience, and doctrine-policed dependence on diluted ichor.",
            "patrons": [
              "Sokhivar",
              "Bastveig",
              "Valkhamesh",
              "Nebyrr",
              "Nefarokir"
            ],
            "alignmentTendency": {
              "Altruism": 1400,
              "Lawfulness": 2350,
              "Cooperation": 2000,
              "Honor": 1200
            },
            "riskModifier": 0.6
          }
        ],
        "associatedFactions": [
          "The Choral Synod"
        ],
        "borderLocked": true,
        "anchorsVisibleToPlayers": false,
        "playerEditable": false,
        "coordinateLines": {
          "coordinateLineRevision": "named meridians/parallels + realm-geometric UTC offset pass",
          "coordinateLineRevisionDateUTC": "2026-07-05",
          "longitudeLatitudeSource": "feature lon/lat properties or converted equirectangular source coordinates",
          "nearestNamedMeridian": {
            "longitude": -150.0,
            "line": "150° W",
            "name": "Freyseth's Crossroads Meridian",
            "distanceDegrees": 3.138696
          },
          "nearestNamedParallel": {
            "latitude": 0.0,
            "line": "0°",
            "name": "Equator",
            "distanceDegrees": 14.170558
          },
          "namedLongitudeBand": {
            "westLongitude": -150.0,
            "westLine": "150° W",
            "westName": "Freyseth's Crossroads Meridian",
            "eastLongitude": -120.0,
            "eastLine": "120° W",
            "eastName": "Nefarokir's Funeral Meridian",
            "bandName": "Freyseth's Crossroads Meridian to Nefarokir's Funeral Meridian",
            "spanDegrees": 30.0,
            "wrapsAntimeridian": false
          },
          "namedLatitudeBand": {
            "northLatitude": 0.0,
            "northLine": "0°",
            "northName": "Equator",
            "southLatitude": -30.0,
            "southLine": "30° S",
            "southName": "Bastveg's Deepwater Passage",
            "bandName": "Equator to Bastveg's Deepwater Passage",
            "spanDegrees": 30.0
          },
          "utcTimeZone": {
            "utcOffset": "UTC-10:00",
            "utcOffsetCompact": "UTC-10",
            "utcOffsetHours": -10,
            "utcOffsetMinutes": -600,
            "zoneWidthDegrees": 15,
            "assignmentMethod": "geometric longitude band, 15° per hour, centered on 0° UTC",
            "notes": "This is realm-geometric UTC offset math by longitude, not political/IANA time-zone boundary data."
          }
        },
        "primaryUTC": "UTC-10:00",
        "utcOffset": "UTC-10:00",
        "utcOffsetCompact": "UTC-10",
        "utcOffsetHours": -10,
        "utcOffsetMinutes": -600,
        "nearestMeridianName": "Freyseth's Crossroads Meridian",
        "nearestMeridianLine": "150° W",
        "nearestParallelName": "Equator",
        "nearestParallelLine": "0°",
        "geometryCoordinateSpace": "original 2048x1024 equirectangular map pixels; use borders_wgs84.geojson for standard lon/lat geometry",
        "wgs84GeometryFile": "borders_wgs84.geojson",
        "landmarkAtlas": {
          "source": "Life In The World Of Belavadös.docx geography tables",
          "water": {
            "namedRiverDeltaCanalLake": "Iazethas Brownwater Gulf",
            "namedBayGulfSeaSound": "Mostrerah Marsh Bay",
            "feedingTerrain": "Partial forest; Farming; Deep forest"
          },
          "land": {
            "mountainRangeHighland": "Iazethas Mudstone Teeth",
            "volcanoVentCaldera": "Mudglass Cone",
            "forestSwampLandmark": "Bleasacia Blackfen"
          },
          "climate": {
            "climateBelt": "Sunbelt reef-wet belt",
            "dominantTerrain": "Partial forest; Farming; Deep forest",
            "namedWeather": "Brownwater Thunder",
            "verticalNote": "highest settled weather band 4600 m; deepest recorded route 4800 m",
            "highestSettledWeatherBandMeters": 4600,
            "deepestRecordedRouteMeters": 4800
          },
          "governanceTransit": {
            "government": "Triumvirate",
            "population": "105,112,000",
            "coreBiomes": "Partial forest; Farming; Deep forest",
            "transitGroup": "Far Western North-Mid Transit Group",
            "surfaceShare": "6.877073788%"
          },
          "layerRefs": [
            "province_landmarks_3d.geojson",
            "water_landmarks_3d.geojson",
            "land_landmarks_3d.geojson",
            "weather_landmarks_3d.geojson",
            "vertical_landmarks_3d.geojson"
          ]
        },
        "enrichedAtUtc": "2026-07-06T22:31:22+00:00",
        "visibleByDefault": true,
        "showWhenProvinceSelected": true,
        "hideUntilProvinceDropdownSelection": true,
        "visibilityRule": "Hidden by default; reveal province border and pins only when this province is selected from dropdown.",
        "updatedAtUtc": "2026-07-07T06:30:07+00:00",
        "originalProvinceColorBeforePlayerMapStyle": "#9A6324",
        "originalBorderColorBeforePlayerMapStyle": "#9A6324",
        "originalBorderWidthBeforePlayerMapStyle": 8,
        "originalBorderOpacityBeforePlayerMapStyle": 0.25,
        "fillColor": "transparent",
        "fillOpacity": 0.035,
        "stroke": "#8AC926",
        "stroke-width": 12,
        "stroke-opacity": 1,
        "fill": "transparent",
        "fill-opacity": 0,
        "className": "province-border-shape bubbly-neon-province-border",
        "cssClass": "province-border-shape bubbly-neon-province-border",
        "mapLayerClass": "province-border-layer",
        "playerMapStyleApplied": true,
        "playerMapStyleSource": "player-map.css",
        "style": {
          "source": "player-map.css :: #provinceOverlay .province-border-shape",
          "className": "province-border-shape bubbly-neon-province-border",
          "cssClass": "province-border-shape bubbly-neon-province-border",
          "fill": "none",
          "fillColor": "transparent",
          "fillOpacity": 0,
          "fill-opacity": 0,
          "stroke": "#00FFFF",
          "strokeColor": "#00FFFF",
          "strokeWidth": 12,
          "stroke-width": 12,
          "strokeOpacity": 1,
          "stroke-opacity": 1,
          "strokeLineJoin": "round",
          "stroke-linejoin": "round",
          "strokeLineCap": "round",
          "stroke-linecap": "round",
          "strokeDashArray": "none",
          "stroke-dasharray": "none",
          "paintOrder": "stroke",
          "paint-order": "stroke",
          "vectorEffect": "non-scaling-stroke",
          "vector-effect": "non-scaling-stroke",
          "pointerEvents": "stroke",
          "pointer-events": "stroke",
          "cursor": "pointer",
          "transition": "filter .18s ease, stroke-width .18s ease, stroke .18s ease, transform .18s ease",
          "transformBox": "fill-box",
          "transformOrigin": "center center",
          "dropShadow": "drop-shadow(0 0 4px rgba(255,255,255,.55)) drop-shadow(0 0 10px rgba(0,255,255,.78)) drop-shadow(0 0 24px rgba(0,255,255,.46)) drop-shadow(0 0 42px rgba(0,255,255,.24))"
        },
        "hoverStyle": {
          "stroke": "#EFFFFF",
          "strokeColor": "#EFFFFF",
          "strokeWidth": 13,
          "stroke-width": 13,
          "fill": "none",
          "fillColor": "transparent",
          "fillOpacity": 0,
          "fill-opacity": 0,
          "transform": "scale(1.0025)",
          "dropShadow": "drop-shadow(0 0 6px rgba(255,255,255,.70)) drop-shadow(0 0 14px rgba(0,255,255,.95)) drop-shadow(0 0 30px rgba(0,255,255,.62)) drop-shadow(0 0 52px rgba(0,255,255,.34))"
        },
        "renderStyle": {
          "source": "player-map.css :: #provinceOverlay .province-border-shape",
          "className": "province-border-shape bubbly-neon-province-border",
          "cssClass": "province-border-shape bubbly-neon-province-border",
          "fill": "none",
          "fillColor": "transparent",
          "fillOpacity": 0,
          "fill-opacity": 0,
          "stroke": "#00FFFF",
          "strokeColor": "#00FFFF",
          "strokeWidth": 12,
          "stroke-width": 12,
          "strokeOpacity": 1,
          "stroke-opacity": 1,
          "strokeLineJoin": "round",
          "stroke-linejoin": "round",
          "strokeLineCap": "round",
          "stroke-linecap": "round",
          "strokeDashArray": "none",
          "stroke-dasharray": "none",
          "paintOrder": "stroke",
          "paint-order": "stroke",
          "vectorEffect": "non-scaling-stroke",
          "vector-effect": "non-scaling-stroke",
          "pointerEvents": "stroke",
          "pointer-events": "stroke",
          "cursor": "pointer",
          "transition": "filter .18s ease, stroke-width .18s ease, stroke .18s ease, transform .18s ease",
          "transformBox": "fill-box",
          "transformOrigin": "center center",
          "dropShadow": "drop-shadow(0 0 4px rgba(255,255,255,.55)) drop-shadow(0 0 10px rgba(0,255,255,.78)) drop-shadow(0 0 24px rgba(0,255,255,.46)) drop-shadow(0 0 42px rgba(0,255,255,.24))"
        },
        "renderHoverStyle": {
          "stroke": "#EFFFFF",
          "strokeColor": "#EFFFFF",
          "strokeWidth": 13,
          "stroke-width": 13,
          "fill": "none",
          "fillColor": "transparent",
          "fillOpacity": 0,
          "fill-opacity": 0,
          "transform": "scale(1.0025)",
          "dropShadow": "drop-shadow(0 0 6px rgba(255,255,255,.70)) drop-shadow(0 0 14px rgba(0,255,255,.95)) drop-shadow(0 0 30px rgba(0,255,255,.62)) drop-shadow(0 0 52px rgba(0,255,255,.34))"
        },
        "strokeWidth": 7,
        "strokeOpacity": 0.97,
        "lineCap": "round",
        "lineJoin": "round",
        "glowColor": "#8AC926",
        "glowBlur": 14,
        "waveStyle": "organic-rounded-wavy"
      },
      "geometry": {
        "type": "Polygon",
        "coordinates": [
          [
            [
              226.80273,
              475.452932
            ],
            [
              254.081966,
              488.824916
            ],
            [
              279.325878,
              501.935779
            ],
            [
              302.542192,
              514.765881
            ],
            [
              323.770644,
              527.245056
            ],
            [
              342.98953,
              539.415234
            ],
            [
              355.586191,
              550.748387
            ],
            [
              361.595367,
              561.171026
            ],
            [
              361.084207,
              570.692431
            ],
            [
              353.967643,
              579.357407
            ],
            [
              346.584776,
              588.505696
            ],
            [
              339.009254,
              598.184522
            ],
            [
              331.233783,
              608.386575
            ],
            [
              323.18856,
              619.062039
            ],
            [
              317.865703,
              630.325367
            ],
            [
              315.337495,
              642.193453
            ],
            [
              315.547214,
              654.635321
            ],
            [
              318.437962,
              667.667062
            ],
            [
              319.564034,
              679.73074
            ],
            [
              318.957222,
              690.836729
            ],
            [
              316.532101,
              700.983082
            ],
            [
              312.294853,
              710.147393
            ],
            [
              305.932722,
              717.303031
            ],
            [
              297.403412,
              722.461845
            ],
            [
              286.672931,
              725.549335
            ],
            [
              273.766867,
              726.606863
            ],
            [
              260.861804,
              727.72412
            ],
            [
              247.955715,
              728.829126
            ],
            [
              235.045076,
              729.879873
            ],
            [
              222.13942,
              730.958473
            ],
            [
              207.245843,
              730.529266
            ],
            [
              190.365696,
              728.503925
            ],
            [
              171.506531,
              724.897186
            ],
            [
              150.649151,
              719.791651
            ],
            [
              129.947606,
              715.344718
            ],
            [
              109.416853,
              711.488078
            ],
            [
              89.043091,
              708.28392
            ],
            [
              68.828344,
              705.785417
            ],
            [
              51.263588,
              696.323982
            ],
            [
              36.375856,
              679.886706
            ],
            [
              24.104295,
              656.530952
            ],
            [
              14.44171,
              626.234601
            ],
            [
              8.796727,
              596.402159
            ],
            [
              7.144642,
              567.053497
            ],
            [
              9.407746,
              538.186843
            ],
            [
              15.640199,
              509.795183
            ],
            [
              27.180051,
              486.215467
            ],
            [
              43.951415,
              467.427961
            ],
            [
              65.94379,
              453.383912
            ],
            [
              93.212866,
              444.148432
            ],
            [
              116.909585,
              438.824664
            ],
            [
              137.012156,
              437.326266
            ],
            [
              153.543023,
              439.668838
            ],
            [
              166.489067,
              445.935671
            ],
            [
              183.009444,
              454.001943
            ],
            [
              203.131222,
              463.805815
            ],
            [
              226.80273,
              475.452932
            ]
          ]
        ]
      }
    },
    {
      "type": "Feature",
      "properties": {
        "province": "Jormaelis",
        "name": "Jormaelis",
        "provinceName": "Jormaelis",
        "provinceKey": "jormaelis",
        "governmentType": "Communalism",
        "government": "Communalism",
        "overallPopulation": 105431000,
        "population": 105431000,
        "squareMiles": 12398889,
        "squareKilometers": 32112975.09,
        "centerLat": -46.3742195963809,
        "centerLon": 130.62703092300762,
        "centerPointCoordinates": {
          "x": 1767.1226648064435,
          "y": 775.8177825927446,
          "lat": -46.3742195963809,
          "lon": 130.62703092300762,
          "latitude": -46.3742195963809,
          "longitude": 130.62703092300762
        },
        "color": "#FFCA3A",
        "borderColor": "#FFCA3A",
        "borderOpacity": 1,
        "borderWidth": 7,
        "borderVisible": false,
        "settlementScan": null,
        "featureKind": "province-border",
        "coordinateSpace": "Belavados map pixels",
        "provinceIndex": 12,
        "settlementCount": 13,
        "scannerDominantBiome": "Underwater without reefs",
        "scannerBiomeTypes": [
          "Underwater without reefs",
          "Beach and grass with water",
          "Partial forest"
        ],
        "scannerLandmarks": [
          "water",
          "mountain",
          "island",
          "forest"
        ],
        "correctedBy": "Manual hexcode authority pass v4",
        "biomes": [
          "Underwater without reefs",
          "Beach and grass with water",
          "Partial forest"
        ],
        "settlementBiomeSummary": {
          "Underwater without reefs": 6,
          "Beach and grass with water": 6,
          "Partial forest": 5,
          "Ocean Surface floating settlement": 4,
          "Farming": 4,
          "Beach and reefs with water": 3,
          "Marshes and swamps": 1,
          "Grassland": 1,
          "Mountain range": 1
        },
        "factions": [
          {
            "id": "fac_nefaric_veil",
            "name": "The Nefaric Veil",
            "subtitle": "death-ledger assassin cult and ritual contract office",
            "primarySeat": "Grimvald, Drakmorren",
            "atTableRole": "Use for assassination horror, death-ledger mysteries, moral dilemmas, corpse routes, and eerie justice that may be correct for the wrong reasons.",
            "publicFace": "Punish stolen years, false inheritance, unlawful survival, and debts the courts refuse to touch.",
            "hiddenTeeth": "Some deaths expose real corruption, but the cult also sells sanctified murder to nobles, officials, and desperate clients addicted to its mercy.",
            "patrons": [
              "Nefarokir",
              "Eirzunet",
              "Thalunesh",
              "Freyseth",
              "Hathruna"
            ],
            "alignmentTendency": {
              "Altruism": 1000,
              "Lawfulness": 1100,
              "Cooperation": 1400,
              "Honor": 900
            },
            "riskModifier": 1.3
          }
        ],
        "associatedFactions": [
          "The Nefaric Veil"
        ],
        "borderLocked": true,
        "anchorsVisibleToPlayers": false,
        "playerEditable": false,
        "coordinateLines": {
          "coordinateLineRevision": "named meridians/parallels + realm-geometric UTC offset pass",
          "coordinateLineRevisionDateUTC": "2026-07-05",
          "longitudeLatitudeSource": "feature lon/lat properties or converted equirectangular source coordinates",
          "nearestNamedMeridian": {
            "longitude": 120.0,
            "line": "120° E",
            "name": "Marduthor's Deepforge Meridian",
            "distanceDegrees": 10.627031
          },
          "nearestNamedParallel": {
            "latitude": -30.0,
            "line": "30° S",
            "name": "Bastveg's Deepwater Passage",
            "distanceDegrees": 16.37422
          },
          "namedLongitudeBand": {
            "westLongitude": 120.0,
            "westLine": "120° E",
            "westName": "Marduthor's Deepforge Meridian",
            "eastLongitude": 150.0,
            "eastLine": "150° E",
            "eastName": "Valkhamesh's Thunder Meridian",
            "bandName": "Marduthor's Deepforge Meridian to Valkhamesh's Thunder Meridian",
            "spanDegrees": 30.0,
            "wrapsAntimeridian": false
          },
          "namedLatitudeBand": {
            "northLatitude": -30.0,
            "northLine": "30° S",
            "northName": "Bastveg's Deepwater Passage",
            "southLatitude": -65.0,
            "southLine": "65° S",
            "southName": "Thoryn-Rahek's Southern Underworld Gate",
            "bandName": "Bastveg's Deepwater Passage to Thoryn-Rahek's Southern Underworld Gate",
            "spanDegrees": 35.0
          },
          "utcTimeZone": {
            "utcOffset": "UTC+09:00",
            "utcOffsetCompact": "UTC+9",
            "utcOffsetHours": 9,
            "utcOffsetMinutes": 540,
            "zoneWidthDegrees": 15,
            "assignmentMethod": "geometric longitude band, 15° per hour, centered on 0° UTC",
            "notes": "This is realm-geometric UTC offset math by longitude, not political/IANA time-zone boundary data."
          }
        },
        "primaryUTC": "UTC+09:00",
        "utcOffset": "UTC+09:00",
        "utcOffsetCompact": "UTC+9",
        "utcOffsetHours": 9,
        "utcOffsetMinutes": 540,
        "nearestMeridianName": "Marduthor's Deepforge Meridian",
        "nearestMeridianLine": "120° E",
        "nearestParallelName": "Bastveg's Deepwater Passage",
        "nearestParallelLine": "30° S",
        "geometryCoordinateSpace": "original 2048x1024 equirectangular map pixels; use borders_wgs84.geojson for standard lon/lat geometry",
        "wgs84GeometryFile": "borders_wgs84.geojson",
        "landmarkAtlas": {
          "source": "Life In The World Of Belavadös.docx geography tables",
          "water": {
            "namedRiverDeltaCanalLake": "Jor’maelis Sunlit Sea",
            "namedBayGulfSeaSound": "Caelorynth Bright Gulf",
            "feedingTerrain": "Underwater without reefs; Beach and grass with water; Partial forest"
          },
          "land": {
            "mountainRangeHighland": "Jor’maelis Pale Peaks",
            "volcanoVentCaldera": "Sunlance Vent",
            "forestSwampLandmark": "Lilyfire Coastwood"
          },
          "climate": {
            "climateBelt": "Sunbelt reef-wet belt",
            "dominantTerrain": "Underwater without reefs; Beach and grass with water; Partial forest",
            "namedWeather": "Sunlance Cyclone Bands",
            "verticalNote": "highest settled weather band 1200 m; deepest recorded route 6200 m",
            "highestSettledWeatherBandMeters": 1200,
            "deepestRecordedRouteMeters": 6200
          },
          "governanceTransit": {
            "government": "Communalism",
            "population": "105,431,000",
            "coreBiomes": "Underwater without reefs; Beach and grass with water; Partial forest",
            "transitGroup": "Far Eastern South-Mid Transit Group",
            "surfaceShare": "5.17658152%"
          },
          "layerRefs": [
            "province_landmarks_3d.geojson",
            "water_landmarks_3d.geojson",
            "land_landmarks_3d.geojson",
            "weather_landmarks_3d.geojson",
            "vertical_landmarks_3d.geojson"
          ]
        },
        "enrichedAtUtc": "2026-07-06T22:31:22+00:00",
        "visibleByDefault": true,
        "showWhenProvinceSelected": true,
        "hideUntilProvinceDropdownSelection": true,
        "visibilityRule": "Hidden by default; reveal province border and pins only when this province is selected from dropdown.",
        "updatedAtUtc": "2026-07-07T06:30:07+00:00",
        "originalProvinceColorBeforePlayerMapStyle": "#FFFAC8",
        "originalBorderColorBeforePlayerMapStyle": "#FFFAC8",
        "originalBorderWidthBeforePlayerMapStyle": 8,
        "originalBorderOpacityBeforePlayerMapStyle": 0.25,
        "fillColor": "transparent",
        "fillOpacity": 0.035,
        "stroke": "#FFCA3A",
        "stroke-width": 12,
        "stroke-opacity": 1,
        "fill": "transparent",
        "fill-opacity": 0,
        "className": "province-border-shape bubbly-neon-province-border",
        "cssClass": "province-border-shape bubbly-neon-province-border",
        "mapLayerClass": "province-border-layer",
        "playerMapStyleApplied": true,
        "playerMapStyleSource": "player-map.css",
        "style": {
          "source": "player-map.css :: #provinceOverlay .province-border-shape",
          "className": "province-border-shape bubbly-neon-province-border",
          "cssClass": "province-border-shape bubbly-neon-province-border",
          "fill": "none",
          "fillColor": "transparent",
          "fillOpacity": 0,
          "fill-opacity": 0,
          "stroke": "#00FFFF",
          "strokeColor": "#00FFFF",
          "strokeWidth": 12,
          "stroke-width": 12,
          "strokeOpacity": 1,
          "stroke-opacity": 1,
          "strokeLineJoin": "round",
          "stroke-linejoin": "round",
          "strokeLineCap": "round",
          "stroke-linecap": "round",
          "strokeDashArray": "none",
          "stroke-dasharray": "none",
          "paintOrder": "stroke",
          "paint-order": "stroke",
          "vectorEffect": "non-scaling-stroke",
          "vector-effect": "non-scaling-stroke",
          "pointerEvents": "stroke",
          "pointer-events": "stroke",
          "cursor": "pointer",
          "transition": "filter .18s ease, stroke-width .18s ease, stroke .18s ease, transform .18s ease",
          "transformBox": "fill-box",
          "transformOrigin": "center center",
          "dropShadow": "drop-shadow(0 0 4px rgba(255,255,255,.55)) drop-shadow(0 0 10px rgba(0,255,255,.78)) drop-shadow(0 0 24px rgba(0,255,255,.46)) drop-shadow(0 0 42px rgba(0,255,255,.24))"
        },
        "hoverStyle": {
          "stroke": "#EFFFFF",
          "strokeColor": "#EFFFFF",
          "strokeWidth": 13,
          "stroke-width": 13,
          "fill": "none",
          "fillColor": "transparent",
          "fillOpacity": 0,
          "fill-opacity": 0,
          "transform": "scale(1.0025)",
          "dropShadow": "drop-shadow(0 0 6px rgba(255,255,255,.70)) drop-shadow(0 0 14px rgba(0,255,255,.95)) drop-shadow(0 0 30px rgba(0,255,255,.62)) drop-shadow(0 0 52px rgba(0,255,255,.34))"
        },
        "renderStyle": {
          "source": "player-map.css :: #provinceOverlay .province-border-shape",
          "className": "province-border-shape bubbly-neon-province-border",
          "cssClass": "province-border-shape bubbly-neon-province-border",
          "fill": "none",
          "fillColor": "transparent",
          "fillOpacity": 0,
          "fill-opacity": 0,
          "stroke": "#00FFFF",
          "strokeColor": "#00FFFF",
          "strokeWidth": 12,
          "stroke-width": 12,
          "strokeOpacity": 1,
          "stroke-opacity": 1,
          "strokeLineJoin": "round",
          "stroke-linejoin": "round",
          "strokeLineCap": "round",
          "stroke-linecap": "round",
          "strokeDashArray": "none",
          "stroke-dasharray": "none",
          "paintOrder": "stroke",
          "paint-order": "stroke",
          "vectorEffect": "non-scaling-stroke",
          "vector-effect": "non-scaling-stroke",
          "pointerEvents": "stroke",
          "pointer-events": "stroke",
          "cursor": "pointer",
          "transition": "filter .18s ease, stroke-width .18s ease, stroke .18s ease, transform .18s ease",
          "transformBox": "fill-box",
          "transformOrigin": "center center",
          "dropShadow": "drop-shadow(0 0 4px rgba(255,255,255,.55)) drop-shadow(0 0 10px rgba(0,255,255,.78)) drop-shadow(0 0 24px rgba(0,255,255,.46)) drop-shadow(0 0 42px rgba(0,255,255,.24))"
        },
        "renderHoverStyle": {
          "stroke": "#EFFFFF",
          "strokeColor": "#EFFFFF",
          "strokeWidth": 13,
          "stroke-width": 13,
          "fill": "none",
          "fillColor": "transparent",
          "fillOpacity": 0,
          "fill-opacity": 0,
          "transform": "scale(1.0025)",
          "dropShadow": "drop-shadow(0 0 6px rgba(255,255,255,.70)) drop-shadow(0 0 14px rgba(0,255,255,.95)) drop-shadow(0 0 30px rgba(0,255,255,.62)) drop-shadow(0 0 52px rgba(0,255,255,.34))"
        },
        "strokeWidth": 7,
        "strokeOpacity": 0.97,
        "lineCap": "round",
        "lineJoin": "round",
        "glowColor": "#FFCA3A",
        "glowBlur": 14,
        "waveStyle": "organic-rounded-wavy"
      },
      "geometry": {
        "type": "Polygon",
        "coordinates": [
          [
            [
              1692.52233,
              722.53563
            ],
            [
              1700.312013,
              714.057966
            ],
            [
              1707.140912,
              702.651725
            ],
            [
              1712.941886,
              688.266769
            ],
            [
              1717.703118,
              670.915307
            ],
            [
              1721.510088,
              650.62053
            ],
            [
              1724.256665,
              633.318904
            ],
            [
              1725.863806,
              618.998772
            ],
            [
              1726.379258,
              607.670891
            ],
            [
              1725.870196,
              599.33703
            ],
            [
              1726.968236,
              591.831754
            ],
            [
              1729.63254,
              585.128111
            ],
            [
              1733.942991,
              579.248571
            ],
            [
              1739.882864,
              574.231938
            ],
            [
              1752.576709,
              574.116038
            ],
            [
              1772.07624,
              578.907088
            ],
            [
              1798.348747,
              588.689161
            ],
            [
              1831.405479,
              603.427742
            ],
            [
              1859.669882,
              609.181785
            ],
            [
              1883.101033,
              606.002817
            ],
            [
              1901.729959,
              593.939209
            ],
            [
              1915.516062,
              572.937939
            ],
            [
              1932.80886,
              564.787706
            ],
            [
              1953.677025,
              569.547065
            ],
            [
              1978.066426,
              587.222923
            ],
            [
              2006.027964,
              617.745279
            ],
            [
              2023.644293,
              653.739505
            ],
            [
              2030.840818,
              695.229805
            ],
            [
              2027.664702,
              742.186099
            ],
            [
              2014.180323,
              794.629213
            ],
            [
              1989.147807,
              838.295123
            ],
            [
              1952.54345,
              873.146569
            ],
            [
              1904.428205,
              899.240378
            ],
            [
              1844.782735,
              916.601428
            ],
            [
              1789.524288,
              925.066006
            ],
            [
              1738.672943,
              924.643385
            ],
            [
              1692.222426,
              915.416697
            ],
            [
              1650.161956,
              897.341686
            ],
            [
              1615.964286,
              878.803835
            ],
            [
              1589.610119,
              859.864963
            ],
            [
              1571.05899,
              840.561253
            ],
            [
              1560.356977,
              820.827981
            ],
            [
              1547.473273,
              804.306183
            ],
            [
              1532.338973,
              791.054172
            ],
            [
              1514.972135,
              781.086978
            ],
            [
              1495.42624,
              774.332941
            ],
            [
              1487.237325,
              762.488022
            ],
            [
              1490.296924,
              745.536056
            ],
            [
              1504.68068,
              723.431645
            ],
            [
              1530.433229,
              696.246269
            ],
            [
              1556.718975,
              680.847066
            ],
            [
              1583.547199,
              677.184976
            ],
            [
              1610.942992,
              685.342648
            ],
            [
              1638.872315,
              705.327278
            ],
            [
              1661.791432,
              718.174921
            ],
            [
              1679.679535,
              723.891018
            ],
            [
              1692.52233,
              722.53563
            ]
          ]
        ]
      }
    },
    {
      "type": "Feature",
      "properties": {
        "province": "Kaelvorrin",
        "name": "Kaelvorrin",
        "provinceName": "Kaelvorrin",
        "provinceKey": "kaelvorrin",
        "governmentType": "Consensus Democracy",
        "government": "Consensus Democracy",
        "overallPopulation": 133180000,
        "population": 133180000,
        "squareMiles": 6467111,
        "squareKilometers": 16749740.6,
        "centerLat": 6.3832928816032535,
        "centerLon": 5.827743174157831,
        "centerPointCoordinates": {
          "x": 1057.1533833907645,
          "y": 475.68615605132374,
          "lat": 6.3832928816032535,
          "lon": 5.827743174157831,
          "latitude": 6.3832928816032535,
          "longitude": 5.827743174157831
        },
        "color": "#EF476F",
        "borderColor": "#EF476F",
        "borderOpacity": 1,
        "borderWidth": 7,
        "borderVisible": false,
        "settlementScan": null,
        "featureKind": "province-border",
        "coordinateSpace": "Belavados map pixels",
        "provinceIndex": 13,
        "settlementCount": 9,
        "scannerDominantBiome": "Farming",
        "scannerBiomeTypes": [
          "Farming",
          "Partial forest",
          "Grassland"
        ],
        "scannerLandmarks": [
          "mountain",
          "marsh",
          "forest",
          "island",
          "water",
          "grassland",
          "coast"
        ],
        "correctedBy": "Manual hexcode authority pass v4",
        "biomes": [
          "Farming",
          "Partial forest",
          "Grassland"
        ],
        "settlementBiomeSummary": {
          "Farming": 9,
          "Partial forest": 6,
          "Grassland": 3,
          "Treetops - treehouses": 3,
          "Hybrid tree and forest floor": 2,
          "Deep forest": 2,
          "Marshes and swamps": 1,
          "Beach and grass with water": 1
        },
        "factions": [
          {
            "id": "fac_brass_concordat",
            "name": "The Brass Concordat",
            "subtitle": "cross-provincial diplomatic council and covert writ network",
            "primarySeat": "Avarelyn, Valerune",
            "atTableRole": "Use for legal patrons, embassy intrigue, travel permits, secret missions, and political compromise that may save or stain the party.",
            "publicFace": "Prevent open war, license ichor trade, protect treaty systems, and provide lawful travel cover during crises.",
            "hiddenTeeth": "Its plausible deniability lets quiet agents bury evidence, sanitize memories, and permit limited pure-ichor use when survival seems to require it.",
            "patrons": [
              "Nebyrr",
              "Raeshkul",
              "Nefarokir",
              "Nephthysra",
              "Marduthor"
            ],
            "alignmentTendency": {
              "Altruism": 1600,
              "Lawfulness": 2300,
              "Cooperation": 2000,
              "Honor": 1500
            },
            "riskModifier": -0.1
          }
        ],
        "associatedFactions": [
          "The Brass Concordat"
        ],
        "borderLocked": true,
        "anchorsVisibleToPlayers": false,
        "playerEditable": false,
        "coordinateLines": {
          "coordinateLineRevision": "named meridians/parallels + realm-geometric UTC offset pass",
          "coordinateLineRevisionDateUTC": "2026-07-05",
          "longitudeLatitudeSource": "feature lon/lat properties or converted equirectangular source coordinates",
          "nearestNamedMeridian": {
            "longitude": 0.0,
            "line": "0°",
            "name": "UTC",
            "distanceDegrees": 5.827743
          },
          "nearestNamedParallel": {
            "latitude": 0.0,
            "line": "0°",
            "name": "Equator",
            "distanceDegrees": 6.383293
          },
          "namedLongitudeBand": {
            "westLongitude": 0.0,
            "westLine": "0°",
            "westName": "UTC",
            "eastLongitude": 30.0,
            "eastLine": "30° E",
            "eastName": "Raeshkul's Calculation Meridian",
            "bandName": "UTC to Raeshkul's Calculation Meridian",
            "spanDegrees": 30.0,
            "wrapsAntimeridian": false
          },
          "namedLatitudeBand": {
            "northLatitude": 25.0,
            "northLine": "25° N",
            "northName": "Raeshkul's Thoughtline",
            "southLatitude": 0.0,
            "southLine": "0°",
            "southName": "Equator",
            "bandName": "Raeshkul's Thoughtline to Equator",
            "spanDegrees": 25.0
          },
          "utcTimeZone": {
            "utcOffset": "UTC+00:00",
            "utcOffsetCompact": "UTC+0",
            "utcOffsetHours": 0,
            "utcOffsetMinutes": 0,
            "zoneWidthDegrees": 15,
            "assignmentMethod": "geometric longitude band, 15° per hour, centered on 0° UTC",
            "notes": "This is realm-geometric UTC offset math by longitude, not political/IANA time-zone boundary data."
          }
        },
        "primaryUTC": "UTC+00:00",
        "utcOffset": "UTC+00:00",
        "utcOffsetCompact": "UTC+0",
        "utcOffsetHours": 0,
        "utcOffsetMinutes": 0,
        "nearestMeridianName": "UTC",
        "nearestMeridianLine": "0°",
        "nearestParallelName": "Equator",
        "nearestParallelLine": "0°",
        "geometryCoordinateSpace": "original 2048x1024 equirectangular map pixels; use borders_wgs84.geojson for standard lon/lat geometry",
        "wgs84GeometryFile": "borders_wgs84.geojson",
        "landmarkAtlas": {
          "source": "Life In The World Of Belavadös.docx geography tables",
          "water": {
            "namedRiverDeltaCanalLake": "Kaelvorrin Bloodmere",
            "namedBayGulfSeaSound": "Kaelvorrin Inner Red Bay",
            "feedingTerrain": "Farming; Partial forest; Grassland"
          },
          "land": {
            "mountainRangeHighland": "Bloodstone Saddle",
            "volcanoVentCaldera": "Bloodwake Caldera",
            "forestSwampLandmark": "Redroot Basinwood"
          },
          "climate": {
            "climateBelt": "Sunbelt reef-wet belt",
            "dominantTerrain": "Farming; Partial forest; Grassland",
            "namedWeather": "Redwall Pressure Fall",
            "verticalNote": "highest settled weather band 220 m; deepest recorded route 180 m",
            "highestSettledWeatherBandMeters": 220,
            "deepestRecordedRouteMeters": 180
          },
          "governanceTransit": {
            "government": "Consensus Democracy",
            "population": "133,180,000",
            "coreBiomes": "Farming; Partial forest; Grassland",
            "transitGroup": "Central Equatorial Transit Group",
            "surfaceShare": "2.848635556%"
          },
          "layerRefs": [
            "province_landmarks_3d.geojson",
            "water_landmarks_3d.geojson",
            "land_landmarks_3d.geojson",
            "weather_landmarks_3d.geojson",
            "vertical_landmarks_3d.geojson"
          ]
        },
        "enrichedAtUtc": "2026-07-06T22:31:22+00:00",
        "visibleByDefault": true,
        "showWhenProvinceSelected": true,
        "hideUntilProvinceDropdownSelection": true,
        "visibilityRule": "Hidden by default; reveal province border and pins only when this province is selected from dropdown.",
        "updatedAtUtc": "2026-07-07T06:30:07+00:00",
        "originalProvinceColorBeforePlayerMapStyle": "#800000",
        "originalBorderColorBeforePlayerMapStyle": "#800000",
        "originalBorderWidthBeforePlayerMapStyle": 8,
        "originalBorderOpacityBeforePlayerMapStyle": 0.25,
        "fillColor": "transparent",
        "fillOpacity": 0.035,
        "stroke": "#EF476F",
        "stroke-width": 12,
        "stroke-opacity": 1,
        "fill": "transparent",
        "fill-opacity": 0,
        "className": "province-border-shape bubbly-neon-province-border",
        "cssClass": "province-border-shape bubbly-neon-province-border",
        "mapLayerClass": "province-border-layer",
        "playerMapStyleApplied": true,
        "playerMapStyleSource": "player-map.css",
        "style": {
          "source": "player-map.css :: #provinceOverlay .province-border-shape",
          "className": "province-border-shape bubbly-neon-province-border",
          "cssClass": "province-border-shape bubbly-neon-province-border",
          "fill": "none",
          "fillColor": "transparent",
          "fillOpacity": 0,
          "fill-opacity": 0,
          "stroke": "#00FFFF",
          "strokeColor": "#00FFFF",
          "strokeWidth": 12,
          "stroke-width": 12,
          "strokeOpacity": 1,
          "stroke-opacity": 1,
          "strokeLineJoin": "round",
          "stroke-linejoin": "round",
          "strokeLineCap": "round",
          "stroke-linecap": "round",
          "strokeDashArray": "none",
          "stroke-dasharray": "none",
          "paintOrder": "stroke",
          "paint-order": "stroke",
          "vectorEffect": "non-scaling-stroke",
          "vector-effect": "non-scaling-stroke",
          "pointerEvents": "stroke",
          "pointer-events": "stroke",
          "cursor": "pointer",
          "transition": "filter .18s ease, stroke-width .18s ease, stroke .18s ease, transform .18s ease",
          "transformBox": "fill-box",
          "transformOrigin": "center center",
          "dropShadow": "drop-shadow(0 0 4px rgba(255,255,255,.55)) drop-shadow(0 0 10px rgba(0,255,255,.78)) drop-shadow(0 0 24px rgba(0,255,255,.46)) drop-shadow(0 0 42px rgba(0,255,255,.24))"
        },
        "hoverStyle": {
          "stroke": "#EFFFFF",
          "strokeColor": "#EFFFFF",
          "strokeWidth": 13,
          "stroke-width": 13,
          "fill": "none",
          "fillColor": "transparent",
          "fillOpacity": 0,
          "fill-opacity": 0,
          "transform": "scale(1.0025)",
          "dropShadow": "drop-shadow(0 0 6px rgba(255,255,255,.70)) drop-shadow(0 0 14px rgba(0,255,255,.95)) drop-shadow(0 0 30px rgba(0,255,255,.62)) drop-shadow(0 0 52px rgba(0,255,255,.34))"
        },
        "renderStyle": {
          "source": "player-map.css :: #provinceOverlay .province-border-shape",
          "className": "province-border-shape bubbly-neon-province-border",
          "cssClass": "province-border-shape bubbly-neon-province-border",
          "fill": "none",
          "fillColor": "transparent",
          "fillOpacity": 0,
          "fill-opacity": 0,
          "stroke": "#00FFFF",
          "strokeColor": "#00FFFF",
          "strokeWidth": 12,
          "stroke-width": 12,
          "strokeOpacity": 1,
          "stroke-opacity": 1,
          "strokeLineJoin": "round",
          "stroke-linejoin": "round",
          "strokeLineCap": "round",
          "stroke-linecap": "round",
          "strokeDashArray": "none",
          "stroke-dasharray": "none",
          "paintOrder": "stroke",
          "paint-order": "stroke",
          "vectorEffect": "non-scaling-stroke",
          "vector-effect": "non-scaling-stroke",
          "pointerEvents": "stroke",
          "pointer-events": "stroke",
          "cursor": "pointer",
          "transition": "filter .18s ease, stroke-width .18s ease, stroke .18s ease, transform .18s ease",
          "transformBox": "fill-box",
          "transformOrigin": "center center",
          "dropShadow": "drop-shadow(0 0 4px rgba(255,255,255,.55)) drop-shadow(0 0 10px rgba(0,255,255,.78)) drop-shadow(0 0 24px rgba(0,255,255,.46)) drop-shadow(0 0 42px rgba(0,255,255,.24))"
        },
        "renderHoverStyle": {
          "stroke": "#EFFFFF",
          "strokeColor": "#EFFFFF",
          "strokeWidth": 13,
          "stroke-width": 13,
          "fill": "none",
          "fillColor": "transparent",
          "fillOpacity": 0,
          "fill-opacity": 0,
          "transform": "scale(1.0025)",
          "dropShadow": "drop-shadow(0 0 6px rgba(255,255,255,.70)) drop-shadow(0 0 14px rgba(0,255,255,.95)) drop-shadow(0 0 30px rgba(0,255,255,.62)) drop-shadow(0 0 52px rgba(0,255,255,.34))"
        },
        "strokeWidth": 7,
        "strokeOpacity": 0.97,
        "lineCap": "round",
        "lineJoin": "round",
        "glowColor": "#EF476F",
        "glowBlur": 14,
        "waveStyle": "organic-rounded-wavy"
      },
      "geometry": {
        "type": "Polygon",
        "coordinates": [
          [
            [
              1234.669075,
              444.561847
            ],
            [
              1241.318521,
              449.457842
            ],
            [
              1248.408647,
              454.659191
            ],
            [
              1255.951055,
              460.146255
            ],
            [
              1263.993526,
              465.852245
            ],
            [
              1272.506409,
              471.812619
            ],
            [
              1277.324615,
              478.510771
            ],
            [
              1278.504556,
              485.887939
            ],
            [
              1276.098959,
              493.993148
            ],
            [
              1270.014428,
              502.820774
            ],
            [
              1264.15729,
              511.715098
            ],
            [
              1258.602516,
              520.719881
            ],
            [
              1253.342327,
              529.827015
            ],
            [
              1248.303088,
              538.992775
            ],
            [
              1243.114016,
              545.024061
            ],
            [
              1237.825886,
              547.980509
            ],
            [
              1232.378771,
              547.829657
            ],
            [
              1226.800107,
              544.514443
            ],
            [
              1221.00891,
              541.040564
            ],
            [
              1214.990742,
              537.434923
            ],
            [
              1208.790086,
              533.623757
            ],
            [
              1202.401843,
              529.601629
            ],
            [
              1194.361063,
              526.827632
            ],
            [
              1184.700191,
              525.285114
            ],
            [
              1173.423985,
              524.891563
            ],
            [
              1160.521575,
              525.695143
            ],
            [
              1147.623906,
              526.554127
            ],
            [
              1134.725252,
              527.397738
            ],
            [
              1121.823006,
              528.185327
            ],
            [
              1108.923009,
              529.001018
            ],
            [
              1094.066833,
              529.743837
            ],
            [
              1077.249962,
              530.32694
            ],
            [
              1058.474116,
              530.764866
            ],
            [
              1037.740876,
              531.14219
            ],
            [
              1017.007651,
              531.53551
            ],
            [
              996.273459,
              531.873281
            ],
            [
              975.539376,
              532.217313
            ],
            [
              954.807745,
              532.617767
            ],
            [
              934.875848,
              530.068736
            ],
            [
              915.759083,
              524.54526
            ],
            [
              897.436523,
              516.131722
            ],
            [
              879.894344,
              504.820161
            ],
            [
              862.378005,
              493.463569
            ],
            [
              844.873635,
              482.088485
            ],
            [
              827.338394,
              470.761102
            ],
            [
              809.808884,
              459.447746
            ],
            [
              819.615195,
              448.900719
            ],
            [
              856.740242,
              439.056072
            ],
            [
              921.194274,
              429.893425
            ],
            [
              1012.985679,
              421.499621
            ],
            [
              1086.460537,
              417.008508
            ],
            [
              1141.612799,
              416.333296
            ],
            [
              1178.4504,
              419.492253
            ],
            [
              1196.961486,
              426.567484
            ],
            [
              1212.494099,
              433.121373
            ],
            [
              1225.076954,
              439.090826
            ],
            [
              1234.669075,
              444.561847
            ]
          ]
        ]
      }
    },
    {
      "type": "Feature",
      "properties": {
        "province": "Kharvathen",
        "name": "Kharvathen",
        "provinceName": "Kharvathen",
        "provinceKey": "kharvathen",
        "governmentType": "Oligarchy",
        "government": "Oligarchy",
        "overallPopulation": 143961000,
        "population": 143961000,
        "squareMiles": 6747326,
        "squareKilometers": 17475494.12,
        "centerLat": -2.0579054430318564,
        "centerLon": -44.076839882132845,
        "centerPointCoordinates": {
          "x": 773.2517553371998,
          "y": 523.7071954092479,
          "lat": -2.0579054430318564,
          "lon": -44.076839882132845,
          "latitude": -2.0579054430318564,
          "longitude": -44.076839882132845
        },
        "color": "#06D6A0",
        "borderColor": "#06D6A0",
        "borderOpacity": 1,
        "borderWidth": 7,
        "borderVisible": false,
        "settlementScan": null,
        "featureKind": "province-border",
        "coordinateSpace": "Belavados map pixels",
        "provinceIndex": 14,
        "settlementCount": 9,
        "scannerDominantBiome": "Farming",
        "scannerBiomeTypes": [
          "Farming",
          "Grassland",
          "Beach and grass with water"
        ],
        "scannerLandmarks": [
          "mountain",
          "marsh",
          "island",
          "forest",
          "grassland",
          "water",
          "reef"
        ],
        "correctedBy": "Manual hexcode authority pass v4",
        "biomes": [
          "Farming",
          "Grassland",
          "Beach and grass with water"
        ],
        "settlementBiomeSummary": {
          "Farming": 8,
          "Grassland": 4,
          "Beach and grass with water": 4,
          "Partial forest": 4,
          "Hybrid tree and forest floor": 3,
          "Deep forest": 2,
          "Mountain range": 1,
          "Treetops - treehouses": 1
        },
        "factions": [
          {
            "id": "fac_crucible_wardens",
            "name": "The Crucible Wardens",
            "subtitle": "armored relic-wardens and rail marshals",
            "primarySeat": "Kharzund, Kharvathen",
            "atTableRole": "Use for armored technology control, relic seizures, rail convoy drama, and tense lawful patrons.",
            "publicFace": "Protect Belavados from uncontrolled inventions, divine-prison breaches, unstable constructs, and black-market relic trafficking.",
            "hiddenTeeth": "Their containment laws can become prejudice against created peoples, awakened machines, and souls housed in engineered bodies.",
            "patrons": [
              "Marduthor",
              "Setrimir",
              "Nebyrr",
              "Valkhamesh",
              "Nefarokir"
            ],
            "alignmentTendency": {
              "Altruism": 1600,
              "Lawfulness": 2600,
              "Cooperation": 1300,
              "Honor": 1900
            },
            "riskModifier": 0.7
          },
          {
            "id": "fac_cog_sanctum_synod",
            "name": "The Cog-Sanctum Synod",
            "subtitle": "machine-priest foundry cult and sacred augmetic order",
            "primarySeat": "Sleakitika, Gruddirynn",
            "atTableRole": "Use for sacred engineering, prosthetic bargains, foundry temples, stolen-soul machines, and the line between repair and ownership.",
            "publicFace": "Repair bodies, preserve engines, awaken useful machinery, and sanctify industrial infrastructure.",
            "hiddenTeeth": "Pure-ichor augmetic rites create servants, limbs, engines, and armor that may remember being unwilling.",
            "patrons": [
              "Setrimir",
              "Marduthor",
              "Oskar'enlil",
              "Nebyrr",
              "Hathruna"
            ],
            "alignmentTendency": {
              "Altruism": 1200,
              "Lawfulness": 2600,
              "Cooperation": 1700,
              "Honor": 800
            },
            "riskModifier": 0.8
          }
        ],
        "associatedFactions": [
          "The Crucible Wardens",
          "The Cog-Sanctum Synod"
        ],
        "borderLocked": true,
        "anchorsVisibleToPlayers": false,
        "playerEditable": false,
        "coordinateLines": {
          "coordinateLineRevision": "named meridians/parallels + realm-geometric UTC offset pass",
          "coordinateLineRevisionDateUTC": "2026-07-05",
          "longitudeLatitudeSource": "feature lon/lat properties or converted equirectangular source coordinates",
          "nearestNamedMeridian": {
            "longitude": -30.0,
            "line": "30° W",
            "name": "Horundar's Storm Meridian",
            "distanceDegrees": 14.07684
          },
          "nearestNamedParallel": {
            "latitude": 0.0,
            "line": "0°",
            "name": "Equator",
            "distanceDegrees": 2.057905
          },
          "namedLongitudeBand": {
            "westLongitude": -60.0,
            "westLine": "60° W",
            "westName": "Bastveig's Tidegate Meridian",
            "eastLongitude": -30.0,
            "eastLine": "30° W",
            "eastName": "Horundar's Storm Meridian",
            "bandName": "Bastveig's Tidegate Meridian to Horundar's Storm Meridian",
            "spanDegrees": 30.0,
            "wrapsAntimeridian": false
          },
          "namedLatitudeBand": {
            "northLatitude": 0.0,
            "northLine": "0°",
            "northName": "Equator",
            "southLatitude": -30.0,
            "southLine": "30° S",
            "southName": "Bastveg's Deepwater Passage",
            "bandName": "Equator to Bastveg's Deepwater Passage",
            "spanDegrees": 30.0
          },
          "utcTimeZone": {
            "utcOffset": "UTC-03:00",
            "utcOffsetCompact": "UTC-3",
            "utcOffsetHours": -3,
            "utcOffsetMinutes": -180,
            "zoneWidthDegrees": 15,
            "assignmentMethod": "geometric longitude band, 15° per hour, centered on 0° UTC",
            "notes": "This is realm-geometric UTC offset math by longitude, not political/IANA time-zone boundary data."
          }
        },
        "primaryUTC": "UTC-03:00",
        "utcOffset": "UTC-03:00",
        "utcOffsetCompact": "UTC-3",
        "utcOffsetHours": -3,
        "utcOffsetMinutes": -180,
        "nearestMeridianName": "Horundar's Storm Meridian",
        "nearestMeridianLine": "30° W",
        "nearestParallelName": "Equator",
        "nearestParallelLine": "0°",
        "geometryCoordinateSpace": "original 2048x1024 equirectangular map pixels; use borders_wgs84.geojson for standard lon/lat geometry",
        "wgs84GeometryFile": "borders_wgs84.geojson",
        "landmarkAtlas": {
          "source": "Life In The World Of Belavadös.docx geography tables",
          "water": {
            "namedRiverDeltaCanalLake": "Kharvathen Reedwater Canal",
            "namedBayGulfSeaSound": "Kharvathen Greenblue Shoals",
            "feedingTerrain": "Farming; Grassland; Beach and grass with water"
          },
          "land": {
            "mountainRangeHighland": "Kharvathen Highfolds",
            "volcanoVentCaldera": "Moonmouth Kharvath",
            "forestSwampLandmark": "Kharvathen Glassfern"
          },
          "climate": {
            "climateBelt": "Sunbelt reef-wet belt",
            "dominantTerrain": "Farming; Grassland; Beach and grass with water",
            "namedWeather": "Reedglass Rainbursts",
            "verticalNote": "highest settled weather band 4600 m; deepest recorded route 180 m",
            "highestSettledWeatherBandMeters": 4600,
            "deepestRecordedRouteMeters": 180
          },
          "governanceTransit": {
            "government": "Oligarchy",
            "population": "143,961,000",
            "coreBiomes": "Farming; Grassland; Beach and grass with water",
            "transitGroup": "Western South-Mid Transit Group",
            "surfaceShare": "4.383097173%"
          },
          "layerRefs": [
            "province_landmarks_3d.geojson",
            "water_landmarks_3d.geojson",
            "land_landmarks_3d.geojson",
            "weather_landmarks_3d.geojson",
            "vertical_landmarks_3d.geojson"
          ]
        },
        "enrichedAtUtc": "2026-07-06T22:31:22+00:00",
        "visibleByDefault": true,
        "showWhenProvinceSelected": true,
        "hideUntilProvinceDropdownSelection": true,
        "visibilityRule": "Hidden by default; reveal province border and pins only when this province is selected from dropdown.",
        "updatedAtUtc": "2026-07-07T06:30:07+00:00",
        "originalProvinceColorBeforePlayerMapStyle": "#AAFFC3",
        "originalBorderColorBeforePlayerMapStyle": "#AAFFC3",
        "originalBorderWidthBeforePlayerMapStyle": 8,
        "originalBorderOpacityBeforePlayerMapStyle": 0.25,
        "fillColor": "transparent",
        "fillOpacity": 0.035,
        "stroke": "#06D6A0",
        "stroke-width": 12,
        "stroke-opacity": 1,
        "fill": "transparent",
        "fill-opacity": 0,
        "className": "province-border-shape bubbly-neon-province-border",
        "cssClass": "province-border-shape bubbly-neon-province-border",
        "mapLayerClass": "province-border-layer",
        "playerMapStyleApplied": true,
        "playerMapStyleSource": "player-map.css",
        "style": {
          "source": "player-map.css :: #provinceOverlay .province-border-shape",
          "className": "province-border-shape bubbly-neon-province-border",
          "cssClass": "province-border-shape bubbly-neon-province-border",
          "fill": "none",
          "fillColor": "transparent",
          "fillOpacity": 0,
          "fill-opacity": 0,
          "stroke": "#00FFFF",
          "strokeColor": "#00FFFF",
          "strokeWidth": 12,
          "stroke-width": 12,
          "strokeOpacity": 1,
          "stroke-opacity": 1,
          "strokeLineJoin": "round",
          "stroke-linejoin": "round",
          "strokeLineCap": "round",
          "stroke-linecap": "round",
          "strokeDashArray": "none",
          "stroke-dasharray": "none",
          "paintOrder": "stroke",
          "paint-order": "stroke",
          "vectorEffect": "non-scaling-stroke",
          "vector-effect": "non-scaling-stroke",
          "pointerEvents": "stroke",
          "pointer-events": "stroke",
          "cursor": "pointer",
          "transition": "filter .18s ease, stroke-width .18s ease, stroke .18s ease, transform .18s ease",
          "transformBox": "fill-box",
          "transformOrigin": "center center",
          "dropShadow": "drop-shadow(0 0 4px rgba(255,255,255,.55)) drop-shadow(0 0 10px rgba(0,255,255,.78)) drop-shadow(0 0 24px rgba(0,255,255,.46)) drop-shadow(0 0 42px rgba(0,255,255,.24))"
        },
        "hoverStyle": {
          "stroke": "#EFFFFF",
          "strokeColor": "#EFFFFF",
          "strokeWidth": 13,
          "stroke-width": 13,
          "fill": "none",
          "fillColor": "transparent",
          "fillOpacity": 0,
          "fill-opacity": 0,
          "transform": "scale(1.0025)",
          "dropShadow": "drop-shadow(0 0 6px rgba(255,255,255,.70)) drop-shadow(0 0 14px rgba(0,255,255,.95)) drop-shadow(0 0 30px rgba(0,255,255,.62)) drop-shadow(0 0 52px rgba(0,255,255,.34))"
        },
        "renderStyle": {
          "source": "player-map.css :: #provinceOverlay .province-border-shape",
          "className": "province-border-shape bubbly-neon-province-border",
          "cssClass": "province-border-shape bubbly-neon-province-border",
          "fill": "none",
          "fillColor": "transparent",
          "fillOpacity": 0,
          "fill-opacity": 0,
          "stroke": "#00FFFF",
          "strokeColor": "#00FFFF",
          "strokeWidth": 12,
          "stroke-width": 12,
          "strokeOpacity": 1,
          "stroke-opacity": 1,
          "strokeLineJoin": "round",
          "stroke-linejoin": "round",
          "strokeLineCap": "round",
          "stroke-linecap": "round",
          "strokeDashArray": "none",
          "stroke-dasharray": "none",
          "paintOrder": "stroke",
          "paint-order": "stroke",
          "vectorEffect": "non-scaling-stroke",
          "vector-effect": "non-scaling-stroke",
          "pointerEvents": "stroke",
          "pointer-events": "stroke",
          "cursor": "pointer",
          "transition": "filter .18s ease, stroke-width .18s ease, stroke .18s ease, transform .18s ease",
          "transformBox": "fill-box",
          "transformOrigin": "center center",
          "dropShadow": "drop-shadow(0 0 4px rgba(255,255,255,.55)) drop-shadow(0 0 10px rgba(0,255,255,.78)) drop-shadow(0 0 24px rgba(0,255,255,.46)) drop-shadow(0 0 42px rgba(0,255,255,.24))"
        },
        "renderHoverStyle": {
          "stroke": "#EFFFFF",
          "strokeColor": "#EFFFFF",
          "strokeWidth": 13,
          "stroke-width": 13,
          "fill": "none",
          "fillColor": "transparent",
          "fillOpacity": 0,
          "fill-opacity": 0,
          "transform": "scale(1.0025)",
          "dropShadow": "drop-shadow(0 0 6px rgba(255,255,255,.70)) drop-shadow(0 0 14px rgba(0,255,255,.95)) drop-shadow(0 0 30px rgba(0,255,255,.62)) drop-shadow(0 0 52px rgba(0,255,255,.34))"
        },
        "strokeWidth": 7,
        "strokeOpacity": 0.97,
        "lineCap": "round",
        "lineJoin": "round",
        "glowColor": "#06D6A0",
        "glowBlur": 14,
        "waveStyle": "organic-rounded-wavy"
      },
      "geometry": {
        "type": "Polygon",
        "coordinates": [
          [
            [
              726.40944,
              363.795131
            ],
            [
              734.268984,
              375.831488
            ],
            [
              742.153744,
              387.882991
            ],
            [
              749.987831,
              399.967493
            ],
            [
              757.828535,
              412.047685
            ],
            [
              765.714197,
              424.100213
            ],
            [
              776.043746,
              436.028816
            ],
            [
              788.811032,
              447.851701
            ],
            [
              804.076415,
              459.503062
            ],
            [
              821.825899,
              470.983616
            ],
            [
              839.700072,
              482.477578
            ],
            [
              857.720719,
              493.955605
            ],
            [
              875.926456,
              505.356262
            ],
            [
              894.284109,
              516.73085
            ],
            [
              908.392831,
              527.858522
            ],
            [
              918.294923,
              538.674114
            ],
            [
              924.025425,
              549.172696
            ],
            [
              925.511102,
              559.402584
            ],
            [
              927.296509,
              568.383362
            ],
            [
              929.467999,
              576.095818
            ],
            [
              932.000087,
              582.538272
            ],
            [
              934.823128,
              587.745098
            ],
            [
              938.825394,
              592.46669
            ],
            [
              944.043984,
              596.647447
            ],
            [
              950.424277,
              600.335021
            ],
            [
              957.952097,
              603.571131
            ],
            [
              964.160983,
              606.796694
            ],
            [
              969.067906,
              610.005507
            ],
            [
              972.623922,
              613.272272
            ],
            [
              974.819337,
              616.562271
            ],
            [
              974.281971,
              619.970997
            ],
            [
              970.962816,
              623.565751
            ],
            [
              964.817421,
              627.26694
            ],
            [
              955.893648,
              631.116849
            ],
            [
              948.372517,
              632.979386
            ],
            [
              942.225578,
              632.783203
            ],
            [
              937.48474,
              630.512084
            ],
            [
              934.083183,
              626.222285
            ],
            [
              924.539219,
              622.672377
            ],
            [
              908.897533,
              619.785946
            ],
            [
              887.134231,
              617.58312
            ],
            [
              859.244724,
              616.140066
            ],
            [
              829.325556,
              614.301422
            ],
            [
              797.379949,
              612.006051
            ],
            [
              763.40331,
              609.326605
            ],
            [
              727.393086,
              606.301185
            ],
            [
              697.440151,
              599.11173
            ],
            [
              673.563981,
              587.755911
            ],
            [
              655.724365,
              572.317093
            ],
            [
              643.904993,
              552.761961
            ],
            [
              640.604439,
              526.972913
            ],
            [
              645.787189,
              494.978359
            ],
            [
              659.390259,
              456.750823
            ],
            [
              681.480632,
              412.304232
            ],
            [
              700.055144,
              382.012003
            ],
            [
              715.03652,
              365.842093
            ],
            [
              726.40944,
              363.795131
            ]
          ]
        ]
      }
    },
    {
      "type": "Feature",
      "properties": {
        "province": "Khorvaak",
        "name": "Khorvaak",
        "provinceName": "Khorvaak",
        "provinceKey": "khorvaak",
        "governmentType": "Scholar-Bureaucracy",
        "government": "Scholar-Bureaucracy",
        "overallPopulation": 66088000,
        "population": 66088000,
        "squareMiles": 5824293,
        "squareKilometers": 15084849.62,
        "centerLat": 3.349875516031119,
        "centerLon": 140.3571520059411,
        "centerPointCoordinates": {
          "x": 1822.476242522687,
          "y": 492.9429303976896,
          "lat": 3.349875516031119,
          "lon": 140.3571520059411,
          "latitude": 3.349875516031119,
          "longitude": 140.3571520059411
        },
        "color": "#228B22",
        "borderColor": "#228B22",
        "borderOpacity": 1,
        "borderWidth": 7,
        "borderVisible": false,
        "settlementScan": null,
        "featureKind": "province-border",
        "coordinateSpace": "Belavados map pixels",
        "provinceIndex": 15,
        "settlementCount": 9,
        "scannerDominantBiome": "Beach and grass with water",
        "scannerBiomeTypes": [
          "Beach and grass with water",
          "Beach and reefs with water",
          "Farming"
        ],
        "scannerLandmarks": [
          "water",
          "mountain",
          "marsh",
          "island",
          "forest",
          "reef",
          "valley",
          "coast"
        ],
        "correctedBy": "Manual hexcode authority pass v4",
        "biomes": [
          "Beach and grass with water",
          "Beach and reefs with water",
          "Farming"
        ],
        "settlementBiomeSummary": {
          "Beach and grass with water": 9,
          "Beach and reefs with water": 7,
          "Farming": 6,
          "Ocean Surface floating settlement": 2,
          "Marshes and swamps": 1,
          "Partial forest": 1,
          "Mountain range": 1
        },
        "factions": [
          {
            "id": "fac_obsidian_diadem",
            "name": "The Obsidian Diadem",
            "subtitle": "fallen war-dominion and oath-bound imperial court",
            "primarySeat": "Sszaruun, Zal-tharuun",
            "atTableRole": "Use for authoritarian occupation, black skyship landings, military courts, and useful-but-terrifying antagonists.",
            "publicFace": "Bring security, punctual transit, monster containment, and unified law to fractured regions.",
            "hiddenTeeth": "Their order is built on fear-glamour, pure-ichor loyalty rites, stolen names, and conquered peoples pressured into service.",
            "patrons": [
              "Enkirael",
              "Freyseth",
              "Eirzunet",
              "Nebyrr",
              "Raeshkul"
            ],
            "alignmentTendency": {
              "Altruism": 700,
              "Lawfulness": 2600,
              "Cooperation": 900,
              "Honor": 800
            },
            "riskModifier": 1.6
          }
        ],
        "associatedFactions": [
          "The Obsidian Diadem"
        ],
        "borderLocked": true,
        "anchorsVisibleToPlayers": false,
        "playerEditable": false,
        "coordinateLines": {
          "coordinateLineRevision": "named meridians/parallels + realm-geometric UTC offset pass",
          "coordinateLineRevisionDateUTC": "2026-07-05",
          "longitudeLatitudeSource": "feature lon/lat properties or converted equirectangular source coordinates",
          "nearestNamedMeridian": {
            "longitude": 150.0,
            "line": "150° E",
            "name": "Valkhamesh's Thunder Meridian",
            "distanceDegrees": 9.642848
          },
          "nearestNamedParallel": {
            "latitude": 0.0,
            "line": "0°",
            "name": "Equator",
            "distanceDegrees": 3.349876
          },
          "namedLongitudeBand": {
            "westLongitude": 120.0,
            "westLine": "120° E",
            "westName": "Marduthor's Deepforge Meridian",
            "eastLongitude": 150.0,
            "eastLine": "150° E",
            "eastName": "Valkhamesh's Thunder Meridian",
            "bandName": "Marduthor's Deepforge Meridian to Valkhamesh's Thunder Meridian",
            "spanDegrees": 30.0,
            "wrapsAntimeridian": false
          },
          "namedLatitudeBand": {
            "northLatitude": 25.0,
            "northLine": "25° N",
            "northName": "Raeshkul's Thoughtline",
            "southLatitude": 0.0,
            "southLine": "0°",
            "southName": "Equator",
            "bandName": "Raeshkul's Thoughtline to Equator",
            "spanDegrees": 25.0
          },
          "utcTimeZone": {
            "utcOffset": "UTC+09:00",
            "utcOffsetCompact": "UTC+9",
            "utcOffsetHours": 9,
            "utcOffsetMinutes": 540,
            "zoneWidthDegrees": 15,
            "assignmentMethod": "geometric longitude band, 15° per hour, centered on 0° UTC",
            "notes": "This is realm-geometric UTC offset math by longitude, not political/IANA time-zone boundary data."
          }
        },
        "primaryUTC": "UTC+09:00",
        "utcOffset": "UTC+09:00",
        "utcOffsetCompact": "UTC+9",
        "utcOffsetHours": 9,
        "utcOffsetMinutes": 540,
        "nearestMeridianName": "Valkhamesh's Thunder Meridian",
        "nearestMeridianLine": "150° E",
        "nearestParallelName": "Equator",
        "nearestParallelLine": "0°",
        "geometryCoordinateSpace": "original 2048x1024 equirectangular map pixels; use borders_wgs84.geojson for standard lon/lat geometry",
        "wgs84GeometryFile": "borders_wgs84.geojson",
        "landmarkAtlas": {
          "source": "Life In The World Of Belavadös.docx geography tables",
          "water": {
            "namedRiverDeltaCanalLake": "Khorvaak Forestgreen Gulf",
            "namedBayGulfSeaSound": "Khorvaak Crocodile Sea",
            "feedingTerrain": "Beach and grass with water; Beach and reefs with water; Farming"
          },
          "land": {
            "mountainRangeHighland": "Khorvaak Rootwalls",
            "volcanoVentCaldera": "Rootfire Hill",
            "forestSwampLandmark": "Khorvaak Blackleaf Jungle"
          },
          "climate": {
            "climateBelt": "Sunbelt reef-wet belt",
            "dominantTerrain": "Beach and grass with water; Beach and reefs with water; Farming",
            "namedWeather": "Forestgreen Steamfront",
            "verticalNote": "highest settled weather band 1200 m; deepest recorded route 4800 m",
            "highestSettledWeatherBandMeters": 1200,
            "deepestRecordedRouteMeters": 4800
          },
          "governanceTransit": {
            "government": "Scholar-Bureaucracy",
            "population": "66,088,000",
            "coreBiomes": "Beach and grass with water; Beach and reefs with water; Farming",
            "transitGroup": "Far Eastern North-Mid Transit Group",
            "surfaceShare": "5.968666678%"
          },
          "layerRefs": [
            "province_landmarks_3d.geojson",
            "water_landmarks_3d.geojson",
            "land_landmarks_3d.geojson",
            "weather_landmarks_3d.geojson",
            "vertical_landmarks_3d.geojson"
          ]
        },
        "enrichedAtUtc": "2026-07-06T22:31:22+00:00",
        "visibleByDefault": true,
        "showWhenProvinceSelected": true,
        "hideUntilProvinceDropdownSelection": true,
        "visibilityRule": "Hidden by default; reveal province border and pins only when this province is selected from dropdown.",
        "updatedAtUtc": "2026-07-07T06:30:07+00:00",
        "originalProvinceColorBeforePlayerMapStyle": "#808000",
        "originalBorderColorBeforePlayerMapStyle": "#808000",
        "originalBorderWidthBeforePlayerMapStyle": 8,
        "originalBorderOpacityBeforePlayerMapStyle": 0.25,
        "fillColor": "transparent",
        "fillOpacity": 0.035,
        "stroke": "#228B22",
        "stroke-width": 12,
        "stroke-opacity": 1,
        "fill": "transparent",
        "fill-opacity": 0,
        "className": "province-border-shape bubbly-neon-province-border",
        "cssClass": "province-border-shape bubbly-neon-province-border",
        "mapLayerClass": "province-border-layer",
        "playerMapStyleApplied": true,
        "playerMapStyleSource": "player-map.css",
        "style": {
          "source": "player-map.css :: #provinceOverlay .province-border-shape",
          "className": "province-border-shape bubbly-neon-province-border",
          "cssClass": "province-border-shape bubbly-neon-province-border",
          "fill": "none",
          "fillColor": "transparent",
          "fillOpacity": 0,
          "fill-opacity": 0,
          "stroke": "#00FFFF",
          "strokeColor": "#00FFFF",
          "strokeWidth": 12,
          "stroke-width": 12,
          "strokeOpacity": 1,
          "stroke-opacity": 1,
          "strokeLineJoin": "round",
          "stroke-linejoin": "round",
          "strokeLineCap": "round",
          "stroke-linecap": "round",
          "strokeDashArray": "none",
          "stroke-dasharray": "none",
          "paintOrder": "stroke",
          "paint-order": "stroke",
          "vectorEffect": "non-scaling-stroke",
          "vector-effect": "non-scaling-stroke",
          "pointerEvents": "stroke",
          "pointer-events": "stroke",
          "cursor": "pointer",
          "transition": "filter .18s ease, stroke-width .18s ease, stroke .18s ease, transform .18s ease",
          "transformBox": "fill-box",
          "transformOrigin": "center center",
          "dropShadow": "drop-shadow(0 0 4px rgba(255,255,255,.55)) drop-shadow(0 0 10px rgba(0,255,255,.78)) drop-shadow(0 0 24px rgba(0,255,255,.46)) drop-shadow(0 0 42px rgba(0,255,255,.24))"
        },
        "hoverStyle": {
          "stroke": "#EFFFFF",
          "strokeColor": "#EFFFFF",
          "strokeWidth": 13,
          "stroke-width": 13,
          "fill": "none",
          "fillColor": "transparent",
          "fillOpacity": 0,
          "fill-opacity": 0,
          "transform": "scale(1.0025)",
          "dropShadow": "drop-shadow(0 0 6px rgba(255,255,255,.70)) drop-shadow(0 0 14px rgba(0,255,255,.95)) drop-shadow(0 0 30px rgba(0,255,255,.62)) drop-shadow(0 0 52px rgba(0,255,255,.34))"
        },
        "renderStyle": {
          "source": "player-map.css :: #provinceOverlay .province-border-shape",
          "className": "province-border-shape bubbly-neon-province-border",
          "cssClass": "province-border-shape bubbly-neon-province-border",
          "fill": "none",
          "fillColor": "transparent",
          "fillOpacity": 0,
          "fill-opacity": 0,
          "stroke": "#00FFFF",
          "strokeColor": "#00FFFF",
          "strokeWidth": 12,
          "stroke-width": 12,
          "strokeOpacity": 1,
          "stroke-opacity": 1,
          "strokeLineJoin": "round",
          "stroke-linejoin": "round",
          "strokeLineCap": "round",
          "stroke-linecap": "round",
          "strokeDashArray": "none",
          "stroke-dasharray": "none",
          "paintOrder": "stroke",
          "paint-order": "stroke",
          "vectorEffect": "non-scaling-stroke",
          "vector-effect": "non-scaling-stroke",
          "pointerEvents": "stroke",
          "pointer-events": "stroke",
          "cursor": "pointer",
          "transition": "filter .18s ease, stroke-width .18s ease, stroke .18s ease, transform .18s ease",
          "transformBox": "fill-box",
          "transformOrigin": "center center",
          "dropShadow": "drop-shadow(0 0 4px rgba(255,255,255,.55)) drop-shadow(0 0 10px rgba(0,255,255,.78)) drop-shadow(0 0 24px rgba(0,255,255,.46)) drop-shadow(0 0 42px rgba(0,255,255,.24))"
        },
        "renderHoverStyle": {
          "stroke": "#EFFFFF",
          "strokeColor": "#EFFFFF",
          "strokeWidth": 13,
          "stroke-width": 13,
          "fill": "none",
          "fillColor": "transparent",
          "fillOpacity": 0,
          "fill-opacity": 0,
          "transform": "scale(1.0025)",
          "dropShadow": "drop-shadow(0 0 6px rgba(255,255,255,.70)) drop-shadow(0 0 14px rgba(0,255,255,.95)) drop-shadow(0 0 30px rgba(0,255,255,.62)) drop-shadow(0 0 52px rgba(0,255,255,.34))"
        },
        "strokeWidth": 7,
        "strokeOpacity": 0.97,
        "lineCap": "round",
        "lineJoin": "round",
        "glowColor": "#228B22",
        "glowBlur": 14,
        "waveStyle": "organic-rounded-wavy"
      },
      "geometry": {
        "type": "Polygon",
        "coordinates": [
          [
            [
              1839.331074,
              368.397983
            ],
            [
              1846.927837,
              368.856271
            ],
            [
              1854.609812,
              369.903607
            ],
            [
              1862.352123,
              371.629131
            ],
            [
              1870.151017,
              374.011045
            ],
            [
              1878.033488,
              376.974069
            ],
            [
              1887.688887,
              380.337534
            ],
            [
              1899.094833,
              384.163329
            ],
            [
              1912.274128,
              388.386421
            ],
            [
              1927.240444,
              392.963653
            ],
            [
              1943.503802,
              396.460185
            ],
            [
              1961.066884,
              398.89378
            ],
            [
              1979.941473,
              400.17628
            ],
            [
              2000.114597,
              400.316234
            ],
            [
              2013.79149,
              406.664083
            ],
            [
              2020.972558,
              419.163292
            ],
            [
              2021.740902,
              437.820802
            ],
            [
              2016.028849,
              462.666075
            ],
            [
              2007.360716,
              483.352232
            ],
            [
              1995.812801,
              499.897295
            ],
            [
              1981.396351,
              512.337321
            ],
            [
              1964.049032,
              520.61078
            ],
            [
              1947.095883,
              532.097094
            ],
            [
              1930.590781,
              546.867462
            ],
            [
              1914.527753,
              564.894885
            ],
            [
              1898.850041,
              586.124232
            ],
            [
              1880.841398,
              599.287028
            ],
            [
              1860.512916,
              604.458207
            ],
            [
              1837.814221,
              601.574705
            ],
            [
              1812.775182,
              590.589645
            ],
            [
              1789.46525,
              580.67403
            ],
            [
              1767.882374,
              571.841307
            ],
            [
              1748.060398,
              564.009142
            ],
            [
              1729.995891,
              557.190378
            ],
            [
              1714.77971,
              549.072263
            ],
            [
              1702.417596,
              539.613443
            ],
            [
              1692.961459,
              528.766484
            ],
            [
              1686.372919,
              516.588021
            ],
            [
              1683.468976,
              503.842028
            ],
            [
              1684.32175,
              490.49325
            ],
            [
              1688.957372,
              476.56754
            ],
            [
              1697.293297,
              462.039769
            ],
            [
              1707.415014,
              450.994847
            ],
            [
              1719.38625,
              443.494225
            ],
            [
              1733.169848,
              439.528738
            ],
            [
              1748.761358,
              439.021182
            ],
            [
              1761.546491,
              437.835447
            ],
            [
              1771.530515,
              436.031619
            ],
            [
              1778.711071,
              433.533899
            ],
            [
              1783.056471,
              430.311458
            ],
            [
              1788.719918,
              424.300503
            ],
            [
              1795.722586,
              415.496611
            ],
            [
              1803.994483,
              403.845125
            ],
            [
              1813.545925,
              389.360684
            ],
            [
              1822.644577,
              378.640533
            ],
            [
              1831.248145,
              371.664526
            ],
            [
              1839.331074,
              368.397983
            ]
          ]
        ]
      }
    },
    {
      "type": "Feature",
      "properties": {
        "province": "Luntharave",
        "name": "Luntharave",
        "provinceName": "Luntharave",
        "provinceKey": "luntharave",
        "governmentType": "Participatory Democracy",
        "government": "Participatory Democracy",
        "overallPopulation": 35306000,
        "population": 35306000,
        "squareMiles": 2898139,
        "squareKilometers": 7506145.55,
        "centerLat": -70.77790612738113,
        "centerLon": 16.81623891212257,
        "centerPointCoordinates": {
          "x": 1119.6657147000751,
          "y": 914.6476437468793,
          "lat": -70.77790612738113,
          "lon": 16.81623891212257,
          "latitude": -70.77790612738113,
          "longitude": 16.81623891212257
        },
        "color": "#FF69B4",
        "borderColor": "#FF69B4",
        "borderOpacity": 1,
        "borderWidth": 7,
        "borderVisible": false,
        "settlementScan": null,
        "featureKind": "province-border",
        "coordinateSpace": "Belavados map pixels",
        "provinceIndex": 16,
        "settlementCount": 10,
        "scannerDominantBiome": "Beach and grass with water",
        "scannerBiomeTypes": [
          "Beach and grass with water",
          "Farming",
          "Partial forest"
        ],
        "scannerLandmarks": [
          "water",
          "mountain",
          "forest",
          "island",
          "grassland",
          "marsh",
          "valley"
        ],
        "correctedBy": "Manual hexcode authority pass v4",
        "biomes": [
          "Beach and grass with water",
          "Farming",
          "Partial forest"
        ],
        "settlementBiomeSummary": {
          "Beach and grass with water": 7,
          "Farming": 6,
          "Partial forest": 5,
          "Beach and reefs with water": 3,
          "Grassland": 2,
          "Ocean Surface floating settlement": 2,
          "Hybrid tree and forest floor": 1,
          "Mountain range": 1,
          "Deep forest": 1
        },
        "factions": [
          {
            "id": "fac_choral_synod",
            "name": "The Choral Synod",
            "subtitle": "many-peopled temple hegemony and pilgrim fleet",
            "primarySeat": "Auralisthra, Lun-tharave",
            "atTableRole": "Use for beautiful religious pressure, temple politics, submarine pilgrimages, healing-with-costs, and seductive cult authority.",
            "publicFace": "Heal the sick, protect pilgrim routes, interpret prophecy, and unite settlements through sacred processions.",
            "hiddenTeeth": "Their sacramental medicine can become debt bondage, addiction, ecstatic obedience, and doctrine-policed dependence on diluted ichor.",
            "patrons": [
              "Sokhivar",
              "Bastveig",
              "Valkhamesh",
              "Nebyrr",
              "Nefarokir"
            ],
            "alignmentTendency": {
              "Altruism": 1400,
              "Lawfulness": 2350,
              "Cooperation": 2000,
              "Honor": 1200
            },
            "riskModifier": 0.6
          }
        ],
        "associatedFactions": [
          "The Choral Synod"
        ],
        "borderLocked": true,
        "anchorsVisibleToPlayers": false,
        "playerEditable": false,
        "coordinateLines": {
          "coordinateLineRevision": "named meridians/parallels + realm-geometric UTC offset pass",
          "coordinateLineRevisionDateUTC": "2026-07-05",
          "longitudeLatitudeSource": "feature lon/lat properties or converted equirectangular source coordinates",
          "nearestNamedMeridian": {
            "longitude": 30.0,
            "line": "30° E",
            "name": "Raeshkul's Calculation Meridian",
            "distanceDegrees": 13.183761
          },
          "nearestNamedParallel": {
            "latitude": -65.0,
            "line": "65° S",
            "name": "Thoryn-Rahek's Southern Underworld Gate",
            "distanceDegrees": 5.777906
          },
          "namedLongitudeBand": {
            "westLongitude": 0.0,
            "westLine": "0°",
            "westName": "UTC",
            "eastLongitude": 30.0,
            "eastLine": "30° E",
            "eastName": "Raeshkul's Calculation Meridian",
            "bandName": "UTC to Raeshkul's Calculation Meridian",
            "spanDegrees": 30.0,
            "wrapsAntimeridian": false
          },
          "namedLatitudeBand": {
            "northLatitude": -65.0,
            "northLine": "65° S",
            "northName": "Thoryn-Rahek's Southern Underworld Gate",
            "southLatitude": -90.0,
            "southLine": "South Pole",
            "southName": "South Pole",
            "bandName": "Thoryn-Rahek's Southern Underworld Gate to South Pole",
            "spanDegrees": 25.0
          },
          "utcTimeZone": {
            "utcOffset": "UTC+01:00",
            "utcOffsetCompact": "UTC+1",
            "utcOffsetHours": 1,
            "utcOffsetMinutes": 60,
            "zoneWidthDegrees": 15,
            "assignmentMethod": "geometric longitude band, 15° per hour, centered on 0° UTC",
            "notes": "This is realm-geometric UTC offset math by longitude, not political/IANA time-zone boundary data."
          }
        },
        "primaryUTC": "UTC+01:00",
        "utcOffset": "UTC+01:00",
        "utcOffsetCompact": "UTC+1",
        "utcOffsetHours": 1,
        "utcOffsetMinutes": 60,
        "nearestMeridianName": "Raeshkul's Calculation Meridian",
        "nearestMeridianLine": "30° E",
        "nearestParallelName": "Thoryn-Rahek's Southern Underworld Gate",
        "nearestParallelLine": "65° S",
        "geometryCoordinateSpace": "original 2048x1024 equirectangular map pixels; use borders_wgs84.geojson for standard lon/lat geometry",
        "wgs84GeometryFile": "borders_wgs84.geojson",
        "landmarkAtlas": {
          "source": "Life In The World Of Belavadös.docx geography tables",
          "water": {
            "namedRiverDeltaCanalLake": "Lun’tharavé Pinkwater Lakes",
            "namedBayGulfSeaSound": "Moonlet Bead Bay",
            "feedingTerrain": "Beach and grass with water; Farming; Partial forest"
          },
          "land": {
            "mountainRangeHighland": "Lun’tharavé Rosethorns",
            "volcanoVentCaldera": "Roseglass Vent",
            "forestSwampLandmark": "Roselight Canopy"
          },
          "climate": {
            "climateBelt": "Sunbelt reef-wet belt",
            "dominantTerrain": "Beach and grass with water; Farming; Partial forest",
            "namedWeather": "Copper-Bead Rain",
            "verticalNote": "highest settled weather band 1200 m; deepest recorded route 4800 m",
            "highestSettledWeatherBandMeters": 1200,
            "deepestRecordedRouteMeters": 4800
          },
          "governanceTransit": {
            "government": "Participatory Democracy",
            "population": "35,306,000",
            "coreBiomes": "Beach and grass with water; Farming; Partial forest",
            "transitGroup": "Central Southern Transit Group",
            "surfaceShare": "1.874180616%"
          },
          "layerRefs": [
            "province_landmarks_3d.geojson",
            "water_landmarks_3d.geojson",
            "land_landmarks_3d.geojson",
            "weather_landmarks_3d.geojson",
            "vertical_landmarks_3d.geojson"
          ]
        },
        "enrichedAtUtc": "2026-07-06T22:31:22+00:00",
        "visibleByDefault": true,
        "showWhenProvinceSelected": true,
        "hideUntilProvinceDropdownSelection": true,
        "visibilityRule": "Hidden by default; reveal province border and pins only when this province is selected from dropdown.",
        "updatedAtUtc": "2026-07-07T06:30:07+00:00",
        "originalProvinceColorBeforePlayerMapStyle": "#FFD8B1",
        "originalBorderColorBeforePlayerMapStyle": "#FFD8B1",
        "originalBorderWidthBeforePlayerMapStyle": 8,
        "originalBorderOpacityBeforePlayerMapStyle": 0.25,
        "fillColor": "transparent",
        "fillOpacity": 0.035,
        "stroke": "#FF69B4",
        "stroke-width": 12,
        "stroke-opacity": 1,
        "fill": "transparent",
        "fill-opacity": 0,
        "className": "province-border-shape bubbly-neon-province-border",
        "cssClass": "province-border-shape bubbly-neon-province-border",
        "mapLayerClass": "province-border-layer",
        "playerMapStyleApplied": true,
        "playerMapStyleSource": "player-map.css",
        "style": {
          "source": "player-map.css :: #provinceOverlay .province-border-shape",
          "className": "province-border-shape bubbly-neon-province-border",
          "cssClass": "province-border-shape bubbly-neon-province-border",
          "fill": "none",
          "fillColor": "transparent",
          "fillOpacity": 0,
          "fill-opacity": 0,
          "stroke": "#00FFFF",
          "strokeColor": "#00FFFF",
          "strokeWidth": 12,
          "stroke-width": 12,
          "strokeOpacity": 1,
          "stroke-opacity": 1,
          "strokeLineJoin": "round",
          "stroke-linejoin": "round",
          "strokeLineCap": "round",
          "stroke-linecap": "round",
          "strokeDashArray": "none",
          "stroke-dasharray": "none",
          "paintOrder": "stroke",
          "paint-order": "stroke",
          "vectorEffect": "non-scaling-stroke",
          "vector-effect": "non-scaling-stroke",
          "pointerEvents": "stroke",
          "pointer-events": "stroke",
          "cursor": "pointer",
          "transition": "filter .18s ease, stroke-width .18s ease, stroke .18s ease, transform .18s ease",
          "transformBox": "fill-box",
          "transformOrigin": "center center",
          "dropShadow": "drop-shadow(0 0 4px rgba(255,255,255,.55)) drop-shadow(0 0 10px rgba(0,255,255,.78)) drop-shadow(0 0 24px rgba(0,255,255,.46)) drop-shadow(0 0 42px rgba(0,255,255,.24))"
        },
        "hoverStyle": {
          "stroke": "#EFFFFF",
          "strokeColor": "#EFFFFF",
          "strokeWidth": 13,
          "stroke-width": 13,
          "fill": "none",
          "fillColor": "transparent",
          "fillOpacity": 0,
          "fill-opacity": 0,
          "transform": "scale(1.0025)",
          "dropShadow": "drop-shadow(0 0 6px rgba(255,255,255,.70)) drop-shadow(0 0 14px rgba(0,255,255,.95)) drop-shadow(0 0 30px rgba(0,255,255,.62)) drop-shadow(0 0 52px rgba(0,255,255,.34))"
        },
        "renderStyle": {
          "source": "player-map.css :: #provinceOverlay .province-border-shape",
          "className": "province-border-shape bubbly-neon-province-border",
          "cssClass": "province-border-shape bubbly-neon-province-border",
          "fill": "none",
          "fillColor": "transparent",
          "fillOpacity": 0,
          "fill-opacity": 0,
          "stroke": "#00FFFF",
          "strokeColor": "#00FFFF",
          "strokeWidth": 12,
          "stroke-width": 12,
          "strokeOpacity": 1,
          "stroke-opacity": 1,
          "strokeLineJoin": "round",
          "stroke-linejoin": "round",
          "strokeLineCap": "round",
          "stroke-linecap": "round",
          "strokeDashArray": "none",
          "stroke-dasharray": "none",
          "paintOrder": "stroke",
          "paint-order": "stroke",
          "vectorEffect": "non-scaling-stroke",
          "vector-effect": "non-scaling-stroke",
          "pointerEvents": "stroke",
          "pointer-events": "stroke",
          "cursor": "pointer",
          "transition": "filter .18s ease, stroke-width .18s ease, stroke .18s ease, transform .18s ease",
          "transformBox": "fill-box",
          "transformOrigin": "center center",
          "dropShadow": "drop-shadow(0 0 4px rgba(255,255,255,.55)) drop-shadow(0 0 10px rgba(0,255,255,.78)) drop-shadow(0 0 24px rgba(0,255,255,.46)) drop-shadow(0 0 42px rgba(0,255,255,.24))"
        },
        "renderHoverStyle": {
          "stroke": "#EFFFFF",
          "strokeColor": "#EFFFFF",
          "strokeWidth": 13,
          "stroke-width": 13,
          "fill": "none",
          "fillColor": "transparent",
          "fillOpacity": 0,
          "fill-opacity": 0,
          "transform": "scale(1.0025)",
          "dropShadow": "drop-shadow(0 0 6px rgba(255,255,255,.70)) drop-shadow(0 0 14px rgba(0,255,255,.95)) drop-shadow(0 0 30px rgba(0,255,255,.62)) drop-shadow(0 0 52px rgba(0,255,255,.34))"
        },
        "strokeWidth": 7,
        "strokeOpacity": 0.97,
        "lineCap": "round",
        "lineJoin": "round",
        "glowColor": "#FF69B4",
        "glowBlur": 14,
        "waveStyle": "organic-rounded-wavy"
      },
      "geometry": {
        "type": "Polygon",
        "coordinates": [
          [
            [
              1176.018645,
              760.186448
            ],
            [
              1190.216345,
              771.328284
            ],
            [
              1202.678666,
              783.363607
            ],
            [
              1213.332573,
              796.349821
            ],
            [
              1222.18614,
              810.263133
            ],
            [
              1229.310821,
              825.065018
            ],
            [
              1235.224138,
              837.980674
            ],
            [
              1239.865105,
              849.032968
            ],
            [
              1243.296652,
              858.191963
            ],
            [
              1245.564551,
              865.450503
            ],
            [
              1250.087046,
              873.544509
            ],
            [
              1256.852865,
              882.489416
            ],
            [
              1265.931496,
              892.232339
            ],
            [
              1277.307842,
              902.772978
            ],
            [
              1285.085202,
              912.07902
            ],
            [
              1289.284082,
              920.11461
            ],
            [
              1289.978485,
              926.859439
            ],
            [
              1287.109886,
              932.360835
            ],
            [
              1284.186527,
              937.841118
            ],
            [
              1281.279345,
              943.329913
            ],
            [
              1278.415504,
              948.841514
            ],
            [
              1275.520537,
              954.334091
            ],
            [
              1270.791643,
              960.255644
            ],
            [
              1264.294725,
              966.665789
            ],
            [
              1256.003891,
              973.55485
            ],
            [
              1245.873746,
              980.857269
            ],
            [
              1234.618888,
              986.130479
            ],
            [
              1222.250496,
              989.438343
            ],
            [
              1208.738448,
              990.713566
            ],
            [
              1194.091823,
              989.911502
            ],
            [
              1177.932402,
              989.449754
            ],
            [
              1160.262507,
              989.342473
            ],
            [
              1141.08267,
              989.501683
            ],
            [
              1120.392754,
              989.941622
            ],
            [
              1099.1422,
              989.52714
            ],
            [
              1077.327116,
              988.21928
            ],
            [
              1054.954283,
              985.948216
            ],
            [
              1032.021946,
              982.777619
            ],
            [
              1014.065274,
              978.50261
            ],
            [
              1001.094933,
              973.044737
            ],
            [
              993.141746,
              966.39326
            ],
            [
              990.144246,
              958.611286
            ],
            [
              988.004264,
              949.974222
            ],
            [
              986.814246,
              940.473917
            ],
            [
              986.547787,
              930.125657
            ],
            [
              987.126674,
              918.930307
            ],
            [
              991.072214,
              907.204626
            ],
            [
              998.436096,
              894.981656
            ],
            [
              1009.149711,
              882.232751
            ],
            [
              1023.193813,
              868.920575
            ],
            [
              1040.646495,
              852.353391
            ],
            [
              1061.512527,
              832.54105
            ],
            [
              1085.73127,
              809.419871
            ],
            [
              1113.314295,
              783.003524
            ],
            [
              1137.579546,
              766.014133
            ],
            [
              1158.485042,
              758.424139
            ],
            [
              1176.018645,
              760.186448
            ]
          ]
        ]
      }
    },
    {
      "type": "Feature",
      "properties": {
        "province": "Marrowynd",
        "name": "Marrowynd",
        "provinceName": "Marrowynd",
        "provinceKey": "marrowynd",
        "governmentType": "Representative Democracy",
        "government": "Representative Democracy",
        "overallPopulation": 43221000,
        "population": 43221000,
        "squareMiles": 5687163,
        "squareKilometers": 14729684.55,
        "centerLat": 61.78567730560043,
        "centerLon": -112.28501280452218,
        "centerPointCoordinates": {
          "x": 385.22303826760714,
          "y": 160.50814688369533,
          "lat": 61.78567730560043,
          "lon": -112.28501280452218,
          "latitude": 61.78567730560043,
          "longitude": -112.28501280452218
        },
        "color": "#4CC9F0",
        "borderColor": "#4CC9F0",
        "borderOpacity": 1,
        "borderWidth": 7,
        "borderVisible": false,
        "settlementScan": null,
        "featureKind": "province-border",
        "coordinateSpace": "Belavados map pixels",
        "provinceIndex": 17,
        "settlementCount": 11,
        "scannerDominantBiome": "Partial forest",
        "scannerBiomeTypes": [
          "Partial forest",
          "Beach and grass with water",
          "Farming"
        ],
        "scannerLandmarks": [
          "water",
          "mountain",
          "island",
          "forest",
          "marsh",
          "valley",
          "reef"
        ],
        "correctedBy": "Manual hexcode authority pass v4",
        "biomes": [
          "Partial forest",
          "Beach and grass with water",
          "Farming"
        ],
        "settlementBiomeSummary": {
          "Partial forest": 8,
          "Beach and grass with water": 7,
          "Farming": 3,
          "Ocean Surface floating settlement": 3,
          "Underwater without reefs": 3,
          "Beach and reefs with water": 2,
          "Marshes and swamps": 2,
          "Deep forest": 2
        },
        "factions": [
          {
            "id": "fac_nefaric_veil",
            "name": "The Nefaric Veil",
            "subtitle": "death-ledger assassin cult and ritual contract office",
            "primarySeat": "Grimvald, Drakmorren",
            "atTableRole": "Use for assassination horror, death-ledger mysteries, moral dilemmas, corpse routes, and eerie justice that may be correct for the wrong reasons.",
            "publicFace": "Punish stolen years, false inheritance, unlawful survival, and debts the courts refuse to touch.",
            "hiddenTeeth": "Some deaths expose real corruption, but the cult also sells sanctified murder to nobles, officials, and desperate clients addicted to its mercy.",
            "patrons": [
              "Nefarokir",
              "Eirzunet",
              "Thalunesh",
              "Freyseth",
              "Hathruna"
            ],
            "alignmentTendency": {
              "Altruism": 1000,
              "Lawfulness": 1100,
              "Cooperation": 1400,
              "Honor": 900
            },
            "riskModifier": 1.3
          }
        ],
        "associatedFactions": [
          "The Nefaric Veil"
        ],
        "borderLocked": true,
        "anchorsVisibleToPlayers": false,
        "playerEditable": false,
        "coordinateLines": {
          "coordinateLineRevision": "named meridians/parallels + realm-geometric UTC offset pass",
          "coordinateLineRevisionDateUTC": "2026-07-05",
          "longitudeLatitudeSource": "feature lon/lat properties or converted equirectangular source coordinates",
          "nearestNamedMeridian": {
            "longitude": -120.0,
            "line": "120° W",
            "name": "Nefarokir's Funeral Meridian",
            "distanceDegrees": 7.714987
          },
          "nearestNamedParallel": {
            "latitude": 60.0,
            "line": "60° N",
            "name": "Fleysetl's Northern Underworld Gate",
            "distanceDegrees": 1.785677
          },
          "namedLongitudeBand": {
            "westLongitude": -120.0,
            "westLine": "120° W",
            "westName": "Nefarokir's Funeral Meridian",
            "eastLongitude": -90.0,
            "eastLine": "90° W",
            "eastName": "Eirzunet's Shadow Meridian",
            "bandName": "Nefarokir's Funeral Meridian to Eirzunet's Shadow Meridian",
            "spanDegrees": 30.0,
            "wrapsAntimeridian": false
          },
          "namedLatitudeBand": {
            "northLatitude": 90.0,
            "northLine": "North Pole",
            "northName": "North Pole",
            "southLatitude": 60.0,
            "southLine": "60° N",
            "southName": "Fleysetl's Northern Underworld Gate",
            "bandName": "North Pole to Fleysetl's Northern Underworld Gate",
            "spanDegrees": 30.0
          },
          "utcTimeZone": {
            "utcOffset": "UTC-07:00",
            "utcOffsetCompact": "UTC-7",
            "utcOffsetHours": -7,
            "utcOffsetMinutes": -420,
            "zoneWidthDegrees": 15,
            "assignmentMethod": "geometric longitude band, 15° per hour, centered on 0° UTC",
            "notes": "This is realm-geometric UTC offset math by longitude, not political/IANA time-zone boundary data."
          }
        },
        "primaryUTC": "UTC-07:00",
        "utcOffset": "UTC-07:00",
        "utcOffsetCompact": "UTC-7",
        "utcOffsetHours": -7,
        "utcOffsetMinutes": -420,
        "nearestMeridianName": "Nefarokir's Funeral Meridian",
        "nearestMeridianLine": "120° W",
        "nearestParallelName": "Fleysetl's Northern Underworld Gate",
        "nearestParallelLine": "60° N",
        "geometryCoordinateSpace": "original 2048x1024 equirectangular map pixels; use borders_wgs84.geojson for standard lon/lat geometry",
        "wgs84GeometryFile": "borders_wgs84.geojson",
        "landmarkAtlas": {
          "source": "Life In The World Of Belavadös.docx geography tables",
          "water": {
            "namedRiverDeltaCanalLake": "Marrowynd Northgate Sea",
            "namedBayGulfSeaSound": "Marrowynd Coldblue Bay",
            "feedingTerrain": "Partial forest; Beach and grass with water; Farming"
          },
          "land": {
            "mountainRangeHighland": "Marrowynd Bonebacks",
            "volcanoVentCaldera": "Bluebone Cone",
            "forestSwampLandmark": "Northroot Wetwood"
          },
          "climate": {
            "climateBelt": "Sunbelt reef-wet belt",
            "dominantTerrain": "Partial forest; Beach and grass with water; Farming",
            "namedWeather": "Boneback Wet Gales",
            "verticalNote": "highest settled weather band 220 m; deepest recorded route 6200 m",
            "highestSettledWeatherBandMeters": 220,
            "deepestRecordedRouteMeters": 6200
          },
          "governanceTransit": {
            "government": "Representative Democracy",
            "population": "43,221,000",
            "coreBiomes": "Partial forest; Beach and grass with water; Farming",
            "transitGroup": "Far Western North-Mid Transit Group",
            "surfaceShare": "3.142334436%"
          },
          "layerRefs": [
            "province_landmarks_3d.geojson",
            "water_landmarks_3d.geojson",
            "land_landmarks_3d.geojson",
            "weather_landmarks_3d.geojson",
            "vertical_landmarks_3d.geojson"
          ]
        },
        "enrichedAtUtc": "2026-07-06T22:31:22+00:00",
        "visibleByDefault": true,
        "showWhenProvinceSelected": true,
        "hideUntilProvinceDropdownSelection": true,
        "visibilityRule": "Hidden by default; reveal province border and pins only when this province is selected from dropdown.",
        "updatedAtUtc": "2026-07-07T06:30:07+00:00",
        "originalProvinceColorBeforePlayerMapStyle": "#000075",
        "originalBorderColorBeforePlayerMapStyle": "#000075",
        "originalBorderWidthBeforePlayerMapStyle": 8,
        "originalBorderOpacityBeforePlayerMapStyle": 0.25,
        "fillColor": "transparent",
        "fillOpacity": 0.035,
        "stroke": "#4CC9F0",
        "stroke-width": 12,
        "stroke-opacity": 1,
        "fill": "transparent",
        "fill-opacity": 0,
        "className": "province-border-shape bubbly-neon-province-border",
        "cssClass": "province-border-shape bubbly-neon-province-border",
        "mapLayerClass": "province-border-layer",
        "playerMapStyleApplied": true,
        "playerMapStyleSource": "player-map.css",
        "style": {
          "source": "player-map.css :: #provinceOverlay .province-border-shape",
          "className": "province-border-shape bubbly-neon-province-border",
          "cssClass": "province-border-shape bubbly-neon-province-border",
          "fill": "none",
          "fillColor": "transparent",
          "fillOpacity": 0,
          "fill-opacity": 0,
          "stroke": "#00FFFF",
          "strokeColor": "#00FFFF",
          "strokeWidth": 12,
          "stroke-width": 12,
          "strokeOpacity": 1,
          "stroke-opacity": 1,
          "strokeLineJoin": "round",
          "stroke-linejoin": "round",
          "strokeLineCap": "round",
          "stroke-linecap": "round",
          "strokeDashArray": "none",
          "stroke-dasharray": "none",
          "paintOrder": "stroke",
          "paint-order": "stroke",
          "vectorEffect": "non-scaling-stroke",
          "vector-effect": "non-scaling-stroke",
          "pointerEvents": "stroke",
          "pointer-events": "stroke",
          "cursor": "pointer",
          "transition": "filter .18s ease, stroke-width .18s ease, stroke .18s ease, transform .18s ease",
          "transformBox": "fill-box",
          "transformOrigin": "center center",
          "dropShadow": "drop-shadow(0 0 4px rgba(255,255,255,.55)) drop-shadow(0 0 10px rgba(0,255,255,.78)) drop-shadow(0 0 24px rgba(0,255,255,.46)) drop-shadow(0 0 42px rgba(0,255,255,.24))"
        },
        "hoverStyle": {
          "stroke": "#EFFFFF",
          "strokeColor": "#EFFFFF",
          "strokeWidth": 13,
          "stroke-width": 13,
          "fill": "none",
          "fillColor": "transparent",
          "fillOpacity": 0,
          "fill-opacity": 0,
          "transform": "scale(1.0025)",
          "dropShadow": "drop-shadow(0 0 6px rgba(255,255,255,.70)) drop-shadow(0 0 14px rgba(0,255,255,.95)) drop-shadow(0 0 30px rgba(0,255,255,.62)) drop-shadow(0 0 52px rgba(0,255,255,.34))"
        },
        "renderStyle": {
          "source": "player-map.css :: #provinceOverlay .province-border-shape",
          "className": "province-border-shape bubbly-neon-province-border",
          "cssClass": "province-border-shape bubbly-neon-province-border",
          "fill": "none",
          "fillColor": "transparent",
          "fillOpacity": 0,
          "fill-opacity": 0,
          "stroke": "#00FFFF",
          "strokeColor": "#00FFFF",
          "strokeWidth": 12,
          "stroke-width": 12,
          "strokeOpacity": 1,
          "stroke-opacity": 1,
          "strokeLineJoin": "round",
          "stroke-linejoin": "round",
          "strokeLineCap": "round",
          "stroke-linecap": "round",
          "strokeDashArray": "none",
          "stroke-dasharray": "none",
          "paintOrder": "stroke",
          "paint-order": "stroke",
          "vectorEffect": "non-scaling-stroke",
          "vector-effect": "non-scaling-stroke",
          "pointerEvents": "stroke",
          "pointer-events": "stroke",
          "cursor": "pointer",
          "transition": "filter .18s ease, stroke-width .18s ease, stroke .18s ease, transform .18s ease",
          "transformBox": "fill-box",
          "transformOrigin": "center center",
          "dropShadow": "drop-shadow(0 0 4px rgba(255,255,255,.55)) drop-shadow(0 0 10px rgba(0,255,255,.78)) drop-shadow(0 0 24px rgba(0,255,255,.46)) drop-shadow(0 0 42px rgba(0,255,255,.24))"
        },
        "renderHoverStyle": {
          "stroke": "#EFFFFF",
          "strokeColor": "#EFFFFF",
          "strokeWidth": 13,
          "stroke-width": 13,
          "fill": "none",
          "fillColor": "transparent",
          "fillOpacity": 0,
          "fill-opacity": 0,
          "transform": "scale(1.0025)",
          "dropShadow": "drop-shadow(0 0 6px rgba(255,255,255,.70)) drop-shadow(0 0 14px rgba(0,255,255,.95)) drop-shadow(0 0 30px rgba(0,255,255,.62)) drop-shadow(0 0 52px rgba(0,255,255,.34))"
        },
        "strokeWidth": 7,
        "strokeOpacity": 0.97,
        "lineCap": "round",
        "lineJoin": "round",
        "glowColor": "#4CC9F0",
        "glowBlur": 14,
        "waveStyle": "organic-rounded-wavy"
      },
      "geometry": {
        "type": "Polygon",
        "coordinates": [
          [
            [
              568.850099,
              169.078595
            ],
            [
              588.796719,
              172.607621
            ],
            [
              608.732101,
              176.154569
            ],
            [
              628.657979,
              179.754677
            ],
            [
              648.58948,
              183.323334
            ],
            [
              668.526957,
              186.853788
            ],
            [
              680.891791,
              191.786912
            ],
            [
              685.660469,
              198.055862
            ],
            [
              682.950128,
              205.65517
            ],
            [
              672.681067,
              214.666577
            ],
            [
              662.369283,
              223.643009
            ],
            [
              652.065895,
              232.629047
            ],
            [
              641.799516,
              241.657419
            ],
            [
              631.516062,
              250.664649
            ],
            [
              620.490004,
              257.169176
            ],
            [
              608.765433,
              261.246962
            ],
            [
              596.318106,
              262.894898
            ],
            [
              583.142385,
              262.026685
            ],
            [
              569.967781,
              261.140551
            ],
            [
              556.789555,
              260.310541
            ],
            [
              543.611496,
              259.477948
            ],
            [
              530.441263,
              258.590225
            ],
            [
              514.449387,
              255.176516
            ],
            [
              495.615023,
              249.263567
            ],
            [
              473.963204,
              240.767919
            ],
            [
              449.494261,
              229.686239
            ],
            [
              423.179992,
              224.113029
            ],
            [
              395.052025,
              224.027854
            ],
            [
              365.100833,
              229.348605
            ],
            [
              333.321982,
              240.125221
            ],
            [
              306.253844,
              249.582688
            ],
            [
              283.872295,
              257.65478
            ],
            [
              266.162288,
              264.304184
            ],
            [
              253.156436,
              269.609116
            ],
            [
              242.120036,
              272.653196
            ],
            [
              233.028403,
              273.354493
            ],
            [
              225.910248,
              271.731188
            ],
            [
              220.72053,
              267.859197
            ],
            [
              209.594011,
              259.518391
            ],
            [
              192.587657,
              246.659253
            ],
            [
              169.664452,
              229.33093
            ],
            [
              140.797612,
              207.576912
            ],
            [
              135.722494,
              181.564832
            ],
            [
              154.468035,
              151.336264
            ],
            [
              196.963968,
              116.85456
            ],
            [
              263.228948,
              78.105288
            ],
            [
              326.282421,
              53.41419
            ],
            [
              386.09458,
              42.758564
            ],
            [
              442.662775,
              46.056954
            ],
            [
              496.009878,
              63.363639
            ],
            [
              533.683858,
              81.033424
            ],
            [
              555.698793,
              98.987239
            ],
            [
              562.11259,
              117.216738
            ],
            [
              552.856272,
              135.799478
            ],
            [
              550.855642,
              150.639783
            ],
            [
              556.208956,
              161.733334
            ],
            [
              568.850099,
              169.078595
            ]
          ]
        ]
      }
    },
    {
      "type": "Feature",
      "properties": {
        "province": "Nalvessir",
        "name": "Nalvessir",
        "provinceName": "Nalvessir",
        "provinceKey": "nalvessir",
        "governmentType": "Communalism",
        "government": "Communalism",
        "overallPopulation": 49799000,
        "population": 49799000,
        "squareMiles": 5223620,
        "squareKilometers": 13529113.69,
        "centerLat": 23.839316178946234,
        "centerLon": 110.776447346331,
        "centerPointCoordinates": {
          "x": 1654.1949004591274,
          "y": 376.38077907088365,
          "lat": 23.839316178946234,
          "lon": 110.776447346331,
          "latitude": 23.839316178946234,
          "longitude": 110.776447346331
        },
        "color": "#A663CC",
        "borderColor": "#A663CC",
        "borderOpacity": 1,
        "borderWidth": 7,
        "borderVisible": false,
        "settlementScan": null,
        "featureKind": "province-border",
        "coordinateSpace": "Belavados map pixels",
        "provinceIndex": 18,
        "settlementCount": 8,
        "scannerDominantBiome": "Beach and grass with water",
        "scannerBiomeTypes": [
          "Beach and grass with water",
          "Partial forest",
          "Beach and reefs with water"
        ],
        "scannerLandmarks": [
          "water",
          "mountain",
          "forest",
          "marsh",
          "island",
          "valley",
          "reef"
        ],
        "correctedBy": "Manual hexcode authority pass v4",
        "biomes": [
          "Beach and grass with water",
          "Partial forest",
          "Beach and reefs with water"
        ],
        "settlementBiomeSummary": {
          "Beach and grass with water": 6,
          "Partial forest": 4,
          "Beach and reefs with water": 3,
          "Farming": 3,
          "Deep forest": 2,
          "Marshes and swamps": 1,
          "Ocean Surface floating settlement": 1,
          "Mountain range": 1
        },
        "factions": [
          {
            "id": "fac_black_maw_myriad",
            "name": "The Black-Maw Myriad",
            "subtitle": "ichor-mutated swarm culture and wetland brood network",
            "primarySeat": "Greenmire, Nalvessir",
            "atTableRole": "Use for ecological body horror, adaptive enemies, river infestations, steamship and ferry scares, and tragic consequences of ichor pollution.",
            "publicFace": "The Myriad has no normal public program; negotiable clades may demand survival space, cleaner rivers, or protection from those who created them.",
            "hiddenTeeth": "Pure ichor creates command-nodes that can learn voices, tactics, prayers, and eventually the language of civilization itself.",
            "patrons": [
              "Thoryn-Rahek",
              "Bastveig",
              "Hathruna",
              "Oskar'enlil",
              "Iskareth"
            ],
            "alignmentTendency": {
              "Altruism": 900,
              "Lawfulness": 700,
              "Cooperation": 2500,
              "Honor": 500
            },
            "riskModifier": 1.8
          }
        ],
        "associatedFactions": [
          "The Black-Maw Myriad"
        ],
        "borderLocked": true,
        "anchorsVisibleToPlayers": false,
        "playerEditable": false,
        "coordinateLines": {
          "coordinateLineRevision": "named meridians/parallels + realm-geometric UTC offset pass",
          "coordinateLineRevisionDateUTC": "2026-07-05",
          "longitudeLatitudeSource": "feature lon/lat properties or converted equirectangular source coordinates",
          "nearestNamedMeridian": {
            "longitude": 120.0,
            "line": "120° E",
            "name": "Marduthor's Deepforge Meridian",
            "distanceDegrees": 9.223553
          },
          "nearestNamedParallel": {
            "latitude": 25.0,
            "line": "25° N",
            "name": "Raeshkul's Thoughtline",
            "distanceDegrees": 1.160684
          },
          "namedLongitudeBand": {
            "westLongitude": 90.0,
            "westLine": "90° E",
            "westName": "Ishtanora's Hrealm Meridian",
            "eastLongitude": 120.0,
            "eastLine": "120° E",
            "eastName": "Marduthor's Deepforge Meridian",
            "bandName": "Ishtanora's Hrealm Meridian to Marduthor's Deepforge Meridian",
            "spanDegrees": 30.0,
            "wrapsAntimeridian": false
          },
          "namedLatitudeBand": {
            "northLatitude": 25.0,
            "northLine": "25° N",
            "northName": "Raeshkul's Thoughtline",
            "southLatitude": 0.0,
            "southLine": "0°",
            "southName": "Equator",
            "bandName": "Raeshkul's Thoughtline to Equator",
            "spanDegrees": 25.0
          },
          "utcTimeZone": {
            "utcOffset": "UTC+07:00",
            "utcOffsetCompact": "UTC+7",
            "utcOffsetHours": 7,
            "utcOffsetMinutes": 420,
            "zoneWidthDegrees": 15,
            "assignmentMethod": "geometric longitude band, 15° per hour, centered on 0° UTC",
            "notes": "This is realm-geometric UTC offset math by longitude, not political/IANA time-zone boundary data."
          }
        },
        "primaryUTC": "UTC+07:00",
        "utcOffset": "UTC+07:00",
        "utcOffsetCompact": "UTC+7",
        "utcOffsetHours": 7,
        "utcOffsetMinutes": 420,
        "nearestMeridianName": "Marduthor's Deepforge Meridian",
        "nearestMeridianLine": "120° E",
        "nearestParallelName": "Raeshkul's Thoughtline",
        "nearestParallelLine": "25° N",
        "geometryCoordinateSpace": "original 2048x1024 equirectangular map pixels; use borders_wgs84.geojson for standard lon/lat geometry",
        "wgs84GeometryFile": "borders_wgs84.geojson",
        "landmarkAtlas": {
          "source": "Life In The World Of Belavadös.docx geography tables",
          "water": {
            "namedRiverDeltaCanalLake": "Nalvessir Grayreef Sound",
            "namedBayGulfSeaSound": "Nalvessir Cloudwater Gulf",
            "feedingTerrain": "Beach and grass with water; Partial forest; Beach and reefs with water"
          },
          "land": {
            "mountainRangeHighland": "Nalvessir Slatehorns",
            "volcanoVentCaldera": "Slatefire Vent",
            "forestSwampLandmark": "Graymoss Wetleaf"
          },
          "climate": {
            "climateBelt": "Sunbelt reef-wet belt",
            "dominantTerrain": "Beach and grass with water; Partial forest; Beach and reefs with water",
            "namedWeather": "Grayreef Fogfall",
            "verticalNote": "highest settled weather band 4600 m; deepest recorded route 4800 m",
            "highestSettledWeatherBandMeters": 4600,
            "deepestRecordedRouteMeters": 4800
          },
          "governanceTransit": {
            "government": "Communalism",
            "population": "49,799,000",
            "coreBiomes": "Beach and grass with water; Partial forest; Beach and reefs with water",
            "transitGroup": "Far Eastern North-Mid Transit Group",
            "surfaceShare": "3.214832245%"
          },
          "layerRefs": [
            "province_landmarks_3d.geojson",
            "water_landmarks_3d.geojson",
            "land_landmarks_3d.geojson",
            "weather_landmarks_3d.geojson",
            "vertical_landmarks_3d.geojson"
          ]
        },
        "enrichedAtUtc": "2026-07-06T22:31:22+00:00",
        "visibleByDefault": true,
        "showWhenProvinceSelected": true,
        "hideUntilProvinceDropdownSelection": true,
        "visibilityRule": "Hidden by default; reveal province border and pins only when this province is selected from dropdown.",
        "updatedAtUtc": "2026-07-07T06:30:07+00:00",
        "originalProvinceColorBeforePlayerMapStyle": "#808080",
        "originalBorderColorBeforePlayerMapStyle": "#808080",
        "originalBorderWidthBeforePlayerMapStyle": 8,
        "originalBorderOpacityBeforePlayerMapStyle": 0.25,
        "fillColor": "transparent",
        "fillOpacity": 0.035,
        "stroke": "#A663CC",
        "stroke-width": 12,
        "stroke-opacity": 1,
        "fill": "transparent",
        "fill-opacity": 0,
        "className": "province-border-shape bubbly-neon-province-border",
        "cssClass": "province-border-shape bubbly-neon-province-border",
        "mapLayerClass": "province-border-layer",
        "playerMapStyleApplied": true,
        "playerMapStyleSource": "player-map.css",
        "style": {
          "source": "player-map.css :: #provinceOverlay .province-border-shape",
          "className": "province-border-shape bubbly-neon-province-border",
          "cssClass": "province-border-shape bubbly-neon-province-border",
          "fill": "none",
          "fillColor": "transparent",
          "fillOpacity": 0,
          "fill-opacity": 0,
          "stroke": "#00FFFF",
          "strokeColor": "#00FFFF",
          "strokeWidth": 12,
          "stroke-width": 12,
          "strokeOpacity": 1,
          "stroke-opacity": 1,
          "strokeLineJoin": "round",
          "stroke-linejoin": "round",
          "strokeLineCap": "round",
          "stroke-linecap": "round",
          "strokeDashArray": "none",
          "stroke-dasharray": "none",
          "paintOrder": "stroke",
          "paint-order": "stroke",
          "vectorEffect": "non-scaling-stroke",
          "vector-effect": "non-scaling-stroke",
          "pointerEvents": "stroke",
          "pointer-events": "stroke",
          "cursor": "pointer",
          "transition": "filter .18s ease, stroke-width .18s ease, stroke .18s ease, transform .18s ease",
          "transformBox": "fill-box",
          "transformOrigin": "center center",
          "dropShadow": "drop-shadow(0 0 4px rgba(255,255,255,.55)) drop-shadow(0 0 10px rgba(0,255,255,.78)) drop-shadow(0 0 24px rgba(0,255,255,.46)) drop-shadow(0 0 42px rgba(0,255,255,.24))"
        },
        "hoverStyle": {
          "stroke": "#EFFFFF",
          "strokeColor": "#EFFFFF",
          "strokeWidth": 13,
          "stroke-width": 13,
          "fill": "none",
          "fillColor": "transparent",
          "fillOpacity": 0,
          "fill-opacity": 0,
          "transform": "scale(1.0025)",
          "dropShadow": "drop-shadow(0 0 6px rgba(255,255,255,.70)) drop-shadow(0 0 14px rgba(0,255,255,.95)) drop-shadow(0 0 30px rgba(0,255,255,.62)) drop-shadow(0 0 52px rgba(0,255,255,.34))"
        },
        "renderStyle": {
          "source": "player-map.css :: #provinceOverlay .province-border-shape",
          "className": "province-border-shape bubbly-neon-province-border",
          "cssClass": "province-border-shape bubbly-neon-province-border",
          "fill": "none",
          "fillColor": "transparent",
          "fillOpacity": 0,
          "fill-opacity": 0,
          "stroke": "#00FFFF",
          "strokeColor": "#00FFFF",
          "strokeWidth": 12,
          "stroke-width": 12,
          "strokeOpacity": 1,
          "stroke-opacity": 1,
          "strokeLineJoin": "round",
          "stroke-linejoin": "round",
          "strokeLineCap": "round",
          "stroke-linecap": "round",
          "strokeDashArray": "none",
          "stroke-dasharray": "none",
          "paintOrder": "stroke",
          "paint-order": "stroke",
          "vectorEffect": "non-scaling-stroke",
          "vector-effect": "non-scaling-stroke",
          "pointerEvents": "stroke",
          "pointer-events": "stroke",
          "cursor": "pointer",
          "transition": "filter .18s ease, stroke-width .18s ease, stroke .18s ease, transform .18s ease",
          "transformBox": "fill-box",
          "transformOrigin": "center center",
          "dropShadow": "drop-shadow(0 0 4px rgba(255,255,255,.55)) drop-shadow(0 0 10px rgba(0,255,255,.78)) drop-shadow(0 0 24px rgba(0,255,255,.46)) drop-shadow(0 0 42px rgba(0,255,255,.24))"
        },
        "renderHoverStyle": {
          "stroke": "#EFFFFF",
          "strokeColor": "#EFFFFF",
          "strokeWidth": 13,
          "stroke-width": 13,
          "fill": "none",
          "fillColor": "transparent",
          "fillOpacity": 0,
          "fill-opacity": 0,
          "transform": "scale(1.0025)",
          "dropShadow": "drop-shadow(0 0 6px rgba(255,255,255,.70)) drop-shadow(0 0 14px rgba(0,255,255,.95)) drop-shadow(0 0 30px rgba(0,255,255,.62)) drop-shadow(0 0 52px rgba(0,255,255,.34))"
        },
        "strokeWidth": 7,
        "strokeOpacity": 0.97,
        "lineCap": "round",
        "lineJoin": "round",
        "glowColor": "#A663CC",
        "glowBlur": 14,
        "waveStyle": "organic-rounded-wavy"
      },
      "geometry": {
        "type": "Polygon",
        "coordinates": [
          [
            [
              1561.495836,
              313.172616
            ],
            [
              1588.402659,
              309.829757
            ],
            [
              1613.579122,
              306.523746
            ],
            [
              1637.013908,
              303.169877
            ],
            [
              1658.705009,
              299.763214
            ],
            [
              1678.664244,
              296.391921
            ],
            [
              1698.059159,
              296.847793
            ],
            [
              1716.901136,
              301.050633
            ],
            [
              1735.196656,
              309.051539
            ],
            [
              1752.907705,
              320.907144
            ],
            [
              1769.21495,
              331.203165
            ],
            [
              1784.140443,
              339.900004
            ],
            [
              1797.642062,
              347.066976
            ],
            [
              1809.709115,
              352.71766
            ],
            [
              1817.392249,
              358.824825
            ],
            [
              1820.719348,
              365.417428
            ],
            [
              1819.620617,
              372.534647
            ],
            [
              1814.120924,
              380.154387
            ],
            [
              1808.113164,
              388.256073
            ],
            [
              1801.550844,
              396.798211
            ],
            [
              1794.391062,
              405.745779
            ],
            [
              1786.697798,
              415.14193
            ],
            [
              1776.742122,
              422.62958
            ],
            [
              1764.466702,
              428.144388
            ],
            [
              1749.891264,
              431.675086
            ],
            [
              1733.025697,
              433.309723
            ],
            [
              1718.199195,
              438.228098
            ],
            [
              1705.388071,
              446.358596
            ],
            [
              1694.604284,
              457.755069
            ],
            [
              1685.912213,
              472.439364
            ],
            [
              1676.506404,
              482.988354
            ],
            [
              1666.364492,
              489.371009
            ],
            [
              1655.538633,
              491.654912
            ],
            [
              1643.9901,
              489.860267
            ],
            [
              1634.477091,
              486.011443
            ],
            [
              1627.024554,
              480.133069
            ],
            [
              1621.572582,
              472.286899
            ],
            [
              1618.136864,
              462.425884
            ],
            [
              1611.66554,
              451.47157
            ],
            [
              1602.100888,
              439.453601
            ],
            [
              1589.409082,
              426.413679
            ],
            [
              1573.648881,
              412.299722
            ],
            [
              1557.783202,
              400.787954
            ],
            [
              1541.760387,
              391.948819
            ],
            [
              1525.595199,
              385.787766
            ],
            [
              1509.321088,
              382.222446
            ],
            [
              1496.016923,
              376.430666
            ],
            [
              1485.639665,
              368.478474
            ],
            [
              1478.204438,
              358.308117
            ],
            [
              1473.774706,
              345.902901
            ],
            [
              1473.827106,
              336.05021
            ],
            [
              1478.319006,
              328.70598
            ],
            [
              1487.335307,
              323.88976
            ],
            [
              1500.858557,
              321.636054
            ],
            [
              1517.723873,
              319.076341
            ],
            [
              1537.932634,
              316.227701
            ],
            [
              1561.495836,
              313.172616
            ]
          ]
        ]
      }
    },
    {
      "type": "Feature",
      "properties": {
        "province": "Pelvoryn",
        "name": "Pelvoryn",
        "provinceName": "Pelvoryn",
        "provinceKey": "pelvoryn",
        "governmentType": "Meritocracy",
        "government": "Meritocracy",
        "overallPopulation": 84485000,
        "population": 84485000,
        "squareMiles": 4106993,
        "squareKilometers": 10637063.04,
        "centerLat": -12.74754422249218,
        "centerLon": 11.486656990324065,
        "centerPointCoordinates": {
          "x": 1089.3463153227324,
          "y": 584.5193626879555,
          "lat": -12.74754422249218,
          "lon": 11.486656990324065,
          "latitude": -12.74754422249218,
          "longitude": 11.486656990324065
        },
        "color": "#F77F00",
        "borderColor": "#F77F00",
        "borderOpacity": 1,
        "borderWidth": 7,
        "borderVisible": false,
        "settlementScan": null,
        "featureKind": "province-border",
        "coordinateSpace": "Belavados map pixels",
        "provinceIndex": 19,
        "settlementCount": 8,
        "scannerDominantBiome": "Partial forest",
        "scannerBiomeTypes": [
          "Partial forest",
          "Farming",
          "Beach and grass with water"
        ],
        "scannerLandmarks": [
          "mountain",
          "marsh",
          "forest",
          "water",
          "grassland",
          "valley",
          "reef",
          "island"
        ],
        "correctedBy": "Manual hexcode authority pass v4",
        "biomes": [
          "Partial forest",
          "Farming",
          "Beach and grass with water"
        ],
        "settlementBiomeSummary": {
          "Partial forest": 7,
          "Farming": 6,
          "Beach and grass with water": 4,
          "Treetops - treehouses": 2,
          "Deep forest": 2,
          "Marshes and swamps": 2,
          "Beach and reefs with water": 1
        },
        "factions": [
          {
            "id": "fac_black_maw_myriad",
            "name": "The Black-Maw Myriad",
            "subtitle": "ichor-mutated swarm culture and wetland brood network",
            "primarySeat": "Greenmire, Nalvessir",
            "atTableRole": "Use for ecological body horror, adaptive enemies, river infestations, steamship and ferry scares, and tragic consequences of ichor pollution.",
            "publicFace": "The Myriad has no normal public program; negotiable clades may demand survival space, cleaner rivers, or protection from those who created them.",
            "hiddenTeeth": "Pure ichor creates command-nodes that can learn voices, tactics, prayers, and eventually the language of civilization itself.",
            "patrons": [
              "Thoryn-Rahek",
              "Bastveig",
              "Hathruna",
              "Oskar'enlil",
              "Iskareth"
            ],
            "alignmentTendency": {
              "Altruism": 900,
              "Lawfulness": 700,
              "Cooperation": 2500,
              "Honor": 500
            },
            "riskModifier": 1.8
          }
        ],
        "associatedFactions": [
          "The Black-Maw Myriad"
        ],
        "borderLocked": true,
        "anchorsVisibleToPlayers": false,
        "playerEditable": false,
        "coordinateLines": {
          "coordinateLineRevision": "named meridians/parallels + realm-geometric UTC offset pass",
          "coordinateLineRevisionDateUTC": "2026-07-05",
          "longitudeLatitudeSource": "feature lon/lat properties or converted equirectangular source coordinates",
          "nearestNamedMeridian": {
            "longitude": 0.0,
            "line": "0°",
            "name": "UTC",
            "distanceDegrees": 11.486657
          },
          "nearestNamedParallel": {
            "latitude": 0.0,
            "line": "0°",
            "name": "Equator",
            "distanceDegrees": 12.747544
          },
          "namedLongitudeBand": {
            "westLongitude": 0.0,
            "westLine": "0°",
            "westName": "UTC",
            "eastLongitude": 30.0,
            "eastLine": "30° E",
            "eastName": "Raeshkul's Calculation Meridian",
            "bandName": "UTC to Raeshkul's Calculation Meridian",
            "spanDegrees": 30.0,
            "wrapsAntimeridian": false
          },
          "namedLatitudeBand": {
            "northLatitude": 0.0,
            "northLine": "0°",
            "northName": "Equator",
            "southLatitude": -30.0,
            "southLine": "30° S",
            "southName": "Bastveg's Deepwater Passage",
            "bandName": "Equator to Bastveg's Deepwater Passage",
            "spanDegrees": 30.0
          },
          "utcTimeZone": {
            "utcOffset": "UTC+01:00",
            "utcOffsetCompact": "UTC+1",
            "utcOffsetHours": 1,
            "utcOffsetMinutes": 60,
            "zoneWidthDegrees": 15,
            "assignmentMethod": "geometric longitude band, 15° per hour, centered on 0° UTC",
            "notes": "This is realm-geometric UTC offset math by longitude, not political/IANA time-zone boundary data."
          }
        },
        "primaryUTC": "UTC+01:00",
        "utcOffset": "UTC+01:00",
        "utcOffsetCompact": "UTC+1",
        "utcOffsetHours": 1,
        "utcOffsetMinutes": 60,
        "nearestMeridianName": "UTC",
        "nearestMeridianLine": "0°",
        "nearestParallelName": "Equator",
        "nearestParallelLine": "0°",
        "geometryCoordinateSpace": "original 2048x1024 equirectangular map pixels; use borders_wgs84.geojson for standard lon/lat geometry",
        "wgs84GeometryFile": "borders_wgs84.geojson",
        "landmarkAtlas": {
          "source": "Life In The World Of Belavadös.docx geography tables",
          "water": {
            "namedRiverDeltaCanalLake": "Pelvoryn Flamewater Channel",
            "namedBayGulfSeaSound": "Pelvoryn Orange Bay",
            "feedingTerrain": "Partial forest; Farming; Beach and grass with water"
          },
          "land": {
            "mountainRangeHighland": "Pelvoryn Ashridges",
            "volcanoVentCaldera": "Pelvoryn Flamekeel",
            "forestSwampLandmark": "Cinderfern Belt"
          },
          "climate": {
            "climateBelt": "Sunbelt reef-wet belt",
            "dominantTerrain": "Partial forest; Farming; Beach and grass with water",
            "namedWeather": "Cinder-Wet Squalls",
            "verticalNote": "highest settled weather band 220 m; deepest recorded route 180 m",
            "highestSettledWeatherBandMeters": 220,
            "deepestRecordedRouteMeters": 180
          },
          "governanceTransit": {
            "government": "Meritocracy",
            "population": "84,485,000",
            "coreBiomes": "Partial forest; Farming; Beach and grass with water",
            "transitGroup": "Central Equatorial Transit Group",
            "surfaceShare": "2.966812901%"
          },
          "layerRefs": [
            "province_landmarks_3d.geojson",
            "water_landmarks_3d.geojson",
            "land_landmarks_3d.geojson",
            "weather_landmarks_3d.geojson",
            "vertical_landmarks_3d.geojson"
          ]
        },
        "enrichedAtUtc": "2026-07-06T22:31:22+00:00",
        "visibleByDefault": true,
        "showWhenProvinceSelected": true,
        "hideUntilProvinceDropdownSelection": true,
        "visibilityRule": "Hidden by default; reveal province border and pins only when this province is selected from dropdown.",
        "updatedAtUtc": "2026-07-07T06:30:07+00:00",
        "originalProvinceColorBeforePlayerMapStyle": "#FF4500",
        "originalBorderColorBeforePlayerMapStyle": "#FF4500",
        "originalBorderWidthBeforePlayerMapStyle": 8,
        "originalBorderOpacityBeforePlayerMapStyle": 0.25,
        "fillColor": "transparent",
        "fillOpacity": 0.035,
        "stroke": "#F77F00",
        "stroke-width": 12,
        "stroke-opacity": 1,
        "fill": "transparent",
        "fill-opacity": 0,
        "className": "province-border-shape bubbly-neon-province-border",
        "cssClass": "province-border-shape bubbly-neon-province-border",
        "mapLayerClass": "province-border-layer",
        "playerMapStyleApplied": true,
        "playerMapStyleSource": "player-map.css",
        "style": {
          "source": "player-map.css :: #provinceOverlay .province-border-shape",
          "className": "province-border-shape bubbly-neon-province-border",
          "cssClass": "province-border-shape bubbly-neon-province-border",
          "fill": "none",
          "fillColor": "transparent",
          "fillOpacity": 0,
          "fill-opacity": 0,
          "stroke": "#00FFFF",
          "strokeColor": "#00FFFF",
          "strokeWidth": 12,
          "stroke-width": 12,
          "strokeOpacity": 1,
          "stroke-opacity": 1,
          "strokeLineJoin": "round",
          "stroke-linejoin": "round",
          "strokeLineCap": "round",
          "stroke-linecap": "round",
          "strokeDashArray": "none",
          "stroke-dasharray": "none",
          "paintOrder": "stroke",
          "paint-order": "stroke",
          "vectorEffect": "non-scaling-stroke",
          "vector-effect": "non-scaling-stroke",
          "pointerEvents": "stroke",
          "pointer-events": "stroke",
          "cursor": "pointer",
          "transition": "filter .18s ease, stroke-width .18s ease, stroke .18s ease, transform .18s ease",
          "transformBox": "fill-box",
          "transformOrigin": "center center",
          "dropShadow": "drop-shadow(0 0 4px rgba(255,255,255,.55)) drop-shadow(0 0 10px rgba(0,255,255,.78)) drop-shadow(0 0 24px rgba(0,255,255,.46)) drop-shadow(0 0 42px rgba(0,255,255,.24))"
        },
        "hoverStyle": {
          "stroke": "#EFFFFF",
          "strokeColor": "#EFFFFF",
          "strokeWidth": 13,
          "stroke-width": 13,
          "fill": "none",
          "fillColor": "transparent",
          "fillOpacity": 0,
          "fill-opacity": 0,
          "transform": "scale(1.0025)",
          "dropShadow": "drop-shadow(0 0 6px rgba(255,255,255,.70)) drop-shadow(0 0 14px rgba(0,255,255,.95)) drop-shadow(0 0 30px rgba(0,255,255,.62)) drop-shadow(0 0 52px rgba(0,255,255,.34))"
        },
        "renderStyle": {
          "source": "player-map.css :: #provinceOverlay .province-border-shape",
          "className": "province-border-shape bubbly-neon-province-border",
          "cssClass": "province-border-shape bubbly-neon-province-border",
          "fill": "none",
          "fillColor": "transparent",
          "fillOpacity": 0,
          "fill-opacity": 0,
          "stroke": "#00FFFF",
          "strokeColor": "#00FFFF",
          "strokeWidth": 12,
          "stroke-width": 12,
          "strokeOpacity": 1,
          "stroke-opacity": 1,
          "strokeLineJoin": "round",
          "stroke-linejoin": "round",
          "strokeLineCap": "round",
          "stroke-linecap": "round",
          "strokeDashArray": "none",
          "stroke-dasharray": "none",
          "paintOrder": "stroke",
          "paint-order": "stroke",
          "vectorEffect": "non-scaling-stroke",
          "vector-effect": "non-scaling-stroke",
          "pointerEvents": "stroke",
          "pointer-events": "stroke",
          "cursor": "pointer",
          "transition": "filter .18s ease, stroke-width .18s ease, stroke .18s ease, transform .18s ease",
          "transformBox": "fill-box",
          "transformOrigin": "center center",
          "dropShadow": "drop-shadow(0 0 4px rgba(255,255,255,.55)) drop-shadow(0 0 10px rgba(0,255,255,.78)) drop-shadow(0 0 24px rgba(0,255,255,.46)) drop-shadow(0 0 42px rgba(0,255,255,.24))"
        },
        "renderHoverStyle": {
          "stroke": "#EFFFFF",
          "strokeColor": "#EFFFFF",
          "strokeWidth": 13,
          "stroke-width": 13,
          "fill": "none",
          "fillColor": "transparent",
          "fillOpacity": 0,
          "fill-opacity": 0,
          "transform": "scale(1.0025)",
          "dropShadow": "drop-shadow(0 0 6px rgba(255,255,255,.70)) drop-shadow(0 0 14px rgba(0,255,255,.95)) drop-shadow(0 0 30px rgba(0,255,255,.62)) drop-shadow(0 0 52px rgba(0,255,255,.34))"
        },
        "strokeWidth": 7,
        "strokeOpacity": 0.97,
        "lineCap": "round",
        "lineJoin": "round",
        "glowColor": "#F77F00",
        "glowBlur": 14,
        "waveStyle": "organic-rounded-wavy"
      },
      "geometry": {
        "type": "Polygon",
        "coordinates": [
          [
            [
              1122.141577,
              531.562756
            ],
            [
              1132.901268,
              531.055012
            ],
            [
              1143.658873,
              530.507384
            ],
            [
              1154.414977,
              529.929958
            ],
            [
              1165.173841,
              529.407327
            ],
            [
              1175.928828,
              528.902061
            ],
            [
              1186.886044,
              530.116453
            ],
            [
              1198.053922,
              533.110204
            ],
            [
              1209.407138,
              537.93196
            ],
            [
              1220.962481,
              544.501599
            ],
            [
              1227.165594,
              553.454971
            ],
            [
              1227.964403,
              564.865523
            ],
            [
              1223.34181,
              578.696142
            ],
            [
              1213.372208,
              594.979558
            ],
            [
              1204.161941,
              610.359426
            ],
            [
              1195.64477,
              624.789645
            ],
            [
              1187.863289,
              638.296504
            ],
            [
              1180.875339,
              650.907298
            ],
            [
              1170.312662,
              658.839041
            ],
            [
              1156.176924,
              662.046956
            ],
            [
              1138.494325,
              660.611525
            ],
            [
              1117.232453,
              654.545643
            ],
            [
              1098.410743,
              648.847384
            ],
            [
              1082.031788,
              643.531693
            ],
            [
              1068.069244,
              638.677987
            ],
            [
              1056.53347,
              634.246584
            ],
            [
              1045.382478,
              629.814737
            ],
            [
              1034.594869,
              625.440071
            ],
            [
              1024.151222,
              621.16892
            ],
            [
              1014.081481,
              616.927505
            ],
            [
              1005.337218,
              614.361559
            ],
            [
              997.889548,
              613.555484
            ],
            [
              991.760106,
              614.511817
            ],
            [
              986.939232,
              617.144605
            ],
            [
              982.823965,
              618.25143
            ],
            [
              979.419886,
              617.919335
            ],
            [
              976.684841,
              616.092533
            ],
            [
              974.665854,
              612.715947
            ],
            [
              971.25032,
              609.329693
            ],
            [
              966.431989,
              605.979914
            ],
            [
              960.262951,
              602.596535
            ],
            [
              952.742052,
              599.164229
            ],
            [
              946.363176,
              595.439977
            ],
            [
              941.123821,
              591.401947
            ],
            [
              937.079685,
              586.989288
            ],
            [
              934.209316,
              582.245148
            ],
            [
              931.651809,
              576.327066
            ],
            [
              929.462634,
              569.201227
            ],
            [
              927.689866,
              560.862251
            ],
            [
              926.247659,
              551.369588
            ],
            [
              936.487581,
              543.921922
            ],
            [
              958.506474,
              538.571073
            ],
            [
              992.266528,
              535.344028
            ],
            [
              1037.760757,
              534.157145
            ],
            [
              1074.571581,
              533.108841
            ],
            [
              1102.699464,
              532.275939
            ],
            [
              1122.141577,
              531.562756
            ]
          ]
        ]
      }
    },
    {
      "type": "Feature",
      "properties": {
        "province": "Sylvaveryn",
        "name": "Sylvaveryn",
        "provinceName": "Sylvaveryn",
        "provinceKey": "sylvaveryn",
        "governmentType": "Theocracy",
        "government": "Theocracy",
        "overallPopulation": 103614000,
        "population": 103614000,
        "squareMiles": 8358076,
        "squareKilometers": 21647317.47,
        "centerLat": 8.066808981053441,
        "centerLon": -86.29930040847631,
        "centerPointCoordinates": {
          "x": 533.0528687873348,
          "y": 466.108820018896,
          "lat": 8.066808981053441,
          "lon": -86.29930040847631,
          "latitude": 8.066808981053441,
          "longitude": -86.29930040847631
        },
        "color": "#00B4D8",
        "borderColor": "#00B4D8",
        "borderOpacity": 1,
        "borderWidth": 7,
        "borderVisible": false,
        "settlementScan": null,
        "featureKind": "province-border",
        "coordinateSpace": "Belavados map pixels",
        "provinceIndex": 20,
        "settlementCount": 10,
        "scannerDominantBiome": "Farming",
        "scannerBiomeTypes": [
          "Farming",
          "Partial forest",
          "Beach and grass with water"
        ],
        "scannerLandmarks": [
          "mountain",
          "water",
          "forest",
          "marsh",
          "island",
          "grassland",
          "reef"
        ],
        "correctedBy": "Manual hexcode authority pass v4",
        "biomes": [
          "Farming",
          "Partial forest",
          "Beach and grass with water"
        ],
        "settlementBiomeSummary": {
          "Farming": 9,
          "Partial forest": 6,
          "Beach and grass with water": 6,
          "Grassland": 4,
          "Deep forest": 3,
          "Marshes and swamps": 1,
          "Treetops - treehouses": 1
        },
        "factions": [
          {
            "id": "fac_freeblade_veil",
            "name": "The Freeblade Veil",
            "subtitle": "clandestine liberation order and courier-cell alliance",
            "primarySeat": "Mythraelyn, Aelvanyr",
            "atTableRole": "Use for rebel allies, stealth missions, safehouses, forged portal permits, heists, and hard questions about freedom defended by blades.",
            "publicFace": "Rescue endangered people, sabotage pure-ichor trafficking, leak oppressive ledgers, and break monopolies over transit and identity papers.",
            "hiddenTeeth": "Some cells protect free will through secrecy, forged lives, and precise violence that can become its own form of control.",
            "patrons": [
              "Asethyr",
              "Thalunesh",
              "Sigrananna",
              "Nefarokir"
            ],
            "alignmentTendency": {
              "Altruism": 2300,
              "Lawfulness": 900,
              "Cooperation": 2200,
              "Honor": 1500
            },
            "riskModifier": 0.3
          }
        ],
        "associatedFactions": [
          "The Freeblade Veil"
        ],
        "borderLocked": true,
        "anchorsVisibleToPlayers": false,
        "playerEditable": false,
        "coordinateLines": {
          "coordinateLineRevision": "named meridians/parallels + realm-geometric UTC offset pass",
          "coordinateLineRevisionDateUTC": "2026-07-05",
          "longitudeLatitudeSource": "feature lon/lat properties or converted equirectangular source coordinates",
          "nearestNamedMeridian": {
            "longitude": -90.0,
            "line": "90° W",
            "name": "Eirzunet's Shadow Meridian",
            "distanceDegrees": 3.7007
          },
          "nearestNamedParallel": {
            "latitude": 0.0,
            "line": "0°",
            "name": "Equator",
            "distanceDegrees": 8.066809
          },
          "namedLongitudeBand": {
            "westLongitude": -90.0,
            "westLine": "90° W",
            "westName": "Eirzunet's Shadow Meridian",
            "eastLongitude": -60.0,
            "eastLine": "60° W",
            "eastName": "Bastveig's Tidegate Meridian",
            "bandName": "Eirzunet's Shadow Meridian to Bastveig's Tidegate Meridian",
            "spanDegrees": 30.0,
            "wrapsAntimeridian": false
          },
          "namedLatitudeBand": {
            "northLatitude": 25.0,
            "northLine": "25° N",
            "northName": "Raeshkul's Thoughtline",
            "southLatitude": 0.0,
            "southLine": "0°",
            "southName": "Equator",
            "bandName": "Raeshkul's Thoughtline to Equator",
            "spanDegrees": 25.0
          },
          "utcTimeZone": {
            "utcOffset": "UTC-06:00",
            "utcOffsetCompact": "UTC-6",
            "utcOffsetHours": -6,
            "utcOffsetMinutes": -360,
            "zoneWidthDegrees": 15,
            "assignmentMethod": "geometric longitude band, 15° per hour, centered on 0° UTC",
            "notes": "This is realm-geometric UTC offset math by longitude, not political/IANA time-zone boundary data."
          }
        },
        "primaryUTC": "UTC-06:00",
        "utcOffset": "UTC-06:00",
        "utcOffsetCompact": "UTC-6",
        "utcOffsetHours": -6,
        "utcOffsetMinutes": -360,
        "nearestMeridianName": "Eirzunet's Shadow Meridian",
        "nearestMeridianLine": "90° W",
        "nearestParallelName": "Equator",
        "nearestParallelLine": "0°",
        "geometryCoordinateSpace": "original 2048x1024 equirectangular map pixels; use borders_wgs84.geojson for standard lon/lat geometry",
        "wgs84GeometryFile": "borders_wgs84.geojson",
        "landmarkAtlas": {
          "source": "Life In The World Of Belavadös.docx geography tables",
          "water": {
            "namedRiverDeltaCanalLake": "Sylvavéryn Cyanriver",
            "namedBayGulfSeaSound": "Sylvavéryn Tideglass Sea",
            "feedingTerrain": "Farming; Partial forest; Beach and grass with water"
          },
          "land": {
            "mountainRangeHighland": "Sylvavéryn Cloudstairs",
            "volcanoVentCaldera": "Cloudstep Vent",
            "forestSwampLandmark": "Cyanleaf Greatwood"
          },
          "climate": {
            "climateBelt": "Sunbelt reef-wet belt",
            "dominantTerrain": "Farming; Partial forest; Beach and grass with water",
            "namedWeather": "Cyan Sky-River",
            "verticalNote": "highest settled weather band 220 m; deepest recorded route 180 m",
            "highestSettledWeatherBandMeters": 220,
            "deepestRecordedRouteMeters": 180
          },
          "governanceTransit": {
            "government": "Theocracy",
            "population": "103,614,000",
            "coreBiomes": "Farming; Partial forest; Beach and grass with water",
            "transitGroup": "Western South-Mid Transit Group",
            "surfaceShare": "4.892301276%"
          },
          "layerRefs": [
            "province_landmarks_3d.geojson",
            "water_landmarks_3d.geojson",
            "land_landmarks_3d.geojson",
            "weather_landmarks_3d.geojson",
            "vertical_landmarks_3d.geojson"
          ]
        },
        "enrichedAtUtc": "2026-07-06T22:31:22+00:00",
        "visibleByDefault": true,
        "showWhenProvinceSelected": true,
        "hideUntilProvinceDropdownSelection": true,
        "visibilityRule": "Hidden by default; reveal province border and pins only when this province is selected from dropdown.",
        "updatedAtUtc": "2026-07-07T06:30:07+00:00",
        "originalProvinceColorBeforePlayerMapStyle": "#00CED1",
        "originalBorderColorBeforePlayerMapStyle": "#00CED1",
        "originalBorderWidthBeforePlayerMapStyle": 8,
        "originalBorderOpacityBeforePlayerMapStyle": 0.25,
        "fillColor": "transparent",
        "fillOpacity": 0.035,
        "stroke": "#00B4D8",
        "stroke-width": 12,
        "stroke-opacity": 1,
        "fill": "transparent",
        "fill-opacity": 0,
        "className": "province-border-shape bubbly-neon-province-border",
        "cssClass": "province-border-shape bubbly-neon-province-border",
        "mapLayerClass": "province-border-layer",
        "playerMapStyleApplied": true,
        "playerMapStyleSource": "player-map.css",
        "style": {
          "source": "player-map.css :: #provinceOverlay .province-border-shape",
          "className": "province-border-shape bubbly-neon-province-border",
          "cssClass": "province-border-shape bubbly-neon-province-border",
          "fill": "none",
          "fillColor": "transparent",
          "fillOpacity": 0,
          "fill-opacity": 0,
          "stroke": "#00FFFF",
          "strokeColor": "#00FFFF",
          "strokeWidth": 12,
          "stroke-width": 12,
          "strokeOpacity": 1,
          "stroke-opacity": 1,
          "strokeLineJoin": "round",
          "stroke-linejoin": "round",
          "strokeLineCap": "round",
          "stroke-linecap": "round",
          "strokeDashArray": "none",
          "stroke-dasharray": "none",
          "paintOrder": "stroke",
          "paint-order": "stroke",
          "vectorEffect": "non-scaling-stroke",
          "vector-effect": "non-scaling-stroke",
          "pointerEvents": "stroke",
          "pointer-events": "stroke",
          "cursor": "pointer",
          "transition": "filter .18s ease, stroke-width .18s ease, stroke .18s ease, transform .18s ease",
          "transformBox": "fill-box",
          "transformOrigin": "center center",
          "dropShadow": "drop-shadow(0 0 4px rgba(255,255,255,.55)) drop-shadow(0 0 10px rgba(0,255,255,.78)) drop-shadow(0 0 24px rgba(0,255,255,.46)) drop-shadow(0 0 42px rgba(0,255,255,.24))"
        },
        "hoverStyle": {
          "stroke": "#EFFFFF",
          "strokeColor": "#EFFFFF",
          "strokeWidth": 13,
          "stroke-width": 13,
          "fill": "none",
          "fillColor": "transparent",
          "fillOpacity": 0,
          "fill-opacity": 0,
          "transform": "scale(1.0025)",
          "dropShadow": "drop-shadow(0 0 6px rgba(255,255,255,.70)) drop-shadow(0 0 14px rgba(0,255,255,.95)) drop-shadow(0 0 30px rgba(0,255,255,.62)) drop-shadow(0 0 52px rgba(0,255,255,.34))"
        },
        "renderStyle": {
          "source": "player-map.css :: #provinceOverlay .province-border-shape",
          "className": "province-border-shape bubbly-neon-province-border",
          "cssClass": "province-border-shape bubbly-neon-province-border",
          "fill": "none",
          "fillColor": "transparent",
          "fillOpacity": 0,
          "fill-opacity": 0,
          "stroke": "#00FFFF",
          "strokeColor": "#00FFFF",
          "strokeWidth": 12,
          "stroke-width": 12,
          "strokeOpacity": 1,
          "stroke-opacity": 1,
          "strokeLineJoin": "round",
          "stroke-linejoin": "round",
          "strokeLineCap": "round",
          "stroke-linecap": "round",
          "strokeDashArray": "none",
          "stroke-dasharray": "none",
          "paintOrder": "stroke",
          "paint-order": "stroke",
          "vectorEffect": "non-scaling-stroke",
          "vector-effect": "non-scaling-stroke",
          "pointerEvents": "stroke",
          "pointer-events": "stroke",
          "cursor": "pointer",
          "transition": "filter .18s ease, stroke-width .18s ease, stroke .18s ease, transform .18s ease",
          "transformBox": "fill-box",
          "transformOrigin": "center center",
          "dropShadow": "drop-shadow(0 0 4px rgba(255,255,255,.55)) drop-shadow(0 0 10px rgba(0,255,255,.78)) drop-shadow(0 0 24px rgba(0,255,255,.46)) drop-shadow(0 0 42px rgba(0,255,255,.24))"
        },
        "renderHoverStyle": {
          "stroke": "#EFFFFF",
          "strokeColor": "#EFFFFF",
          "strokeWidth": 13,
          "stroke-width": 13,
          "fill": "none",
          "fillColor": "transparent",
          "fillOpacity": 0,
          "fill-opacity": 0,
          "transform": "scale(1.0025)",
          "dropShadow": "drop-shadow(0 0 6px rgba(255,255,255,.70)) drop-shadow(0 0 14px rgba(0,255,255,.95)) drop-shadow(0 0 30px rgba(0,255,255,.62)) drop-shadow(0 0 52px rgba(0,255,255,.34))"
        },
        "strokeWidth": 7,
        "strokeOpacity": 0.97,
        "lineCap": "round",
        "lineJoin": "round",
        "glowColor": "#00B4D8",
        "glowBlur": 14,
        "waveStyle": "organic-rounded-wavy"
      },
      "geometry": {
        "type": "Polygon",
        "coordinates": [
          [
            [
              631.942544,
              538.399837
            ],
            [
              637.484301,
              547.745116
            ],
            [
              642.97387,
              557.097233
            ],
            [
              648.448869,
              566.45792
            ],
            [
              653.97168,
              575.790482
            ],
            [
              659.490283,
              585.125888
            ],
            [
              657.394547,
              591.63573
            ],
            [
              647.766919,
              595.33546
            ],
            [
              630.56442,
              596.280908
            ],
            [
              605.783739,
              594.380288
            ],
            [
              581.004804,
              592.442448
            ],
            [
              556.221981,
              590.555406
            ],
            [
              531.437183,
              588.694186
            ],
            [
              506.656224,
              586.779408
            ],
            [
              486.511491,
              585.5063
            ],
            [
              471.000569,
              584.937076
            ],
            [
              460.128534,
              585.000051
            ],
            [
              453.900046,
              585.653599
            ],
            [
              448.71385,
              583.156336
            ],
            [
              444.509522,
              577.496033
            ],
            [
              441.363811,
              568.617746
            ],
            [
              439.275187,
              556.54562
            ],
            [
              437.063908,
              546.831271
            ],
            [
              434.76932,
              539.472886
            ],
            [
              432.454623,
              534.441594
            ],
            [
              430.059087,
              531.759389
            ],
            [
              427.590192,
              528.840187
            ],
            [
              425.101704,
              525.623596
            ],
            [
              422.617597,
              522.096
            ],
            [
              420.067855,
              518.307398
            ],
            [
              416.729654,
              513.391281
            ],
            [
              412.676274,
              507.299513
            ],
            [
              407.883996,
              500.048046
            ],
            [
              402.288139,
              491.680219
            ],
            [
              396.808776,
              483.207357
            ],
            [
              391.496514,
              474.59801
            ],
            [
              386.289026,
              465.892103
            ],
            [
              381.151229,
              457.106369
            ],
            [
              374.275068,
              447.763962
            ],
            [
              365.665614,
              437.854248
            ],
            [
              355.257417,
              427.435488
            ],
            [
              343.068471,
              416.499961
            ],
            [
              334.946077,
              407.977894
            ],
            [
              330.867053,
              401.91044
            ],
            [
              330.757334,
              398.330352
            ],
            [
              334.690222,
              397.154853
            ],
            [
              360.890591,
              393.001277
            ],
            [
              409.333219,
              385.796752
            ],
            [
              480.01531,
              375.517792
            ],
            [
              572.947524,
              362.250225
            ],
            [
              637.096303,
              363.712757
            ],
            [
              672.458914,
              379.803131
            ],
            [
              679.100328,
              410.579641
            ],
            [
              656.933592,
              456.081307
            ],
            [
              641.676458,
              492.550328
            ],
            [
              633.385778,
              519.997814
            ],
            [
              631.942544,
              538.399837
            ]
          ]
        ]
      }
    },
    {
      "type": "Feature",
      "properties": {
        "province": "Thalryss",
        "name": "Thalryss",
        "provinceName": "Thalryss",
        "provinceKey": "thalryss",
        "governmentType": "Protectorate",
        "government": "Protectorate",
        "overallPopulation": 88721000,
        "population": 88721000,
        "squareMiles": 9415692,
        "squareKilometers": 24386530.33,
        "centerLat": 15.560490556542419,
        "centerLon": -138.35722654805602,
        "centerPointCoordinates": {
          "x": 236.9011111932813,
          "y": 423.47809816722537,
          "lat": 15.560490556542419,
          "lon": -138.35722654805602,
          "latitude": 15.560490556542419,
          "longitude": -138.35722654805602
        },
        "color": "#ADE8F4",
        "borderColor": "#ADE8F4",
        "borderOpacity": 1,
        "borderWidth": 7,
        "borderVisible": false,
        "settlementScan": null,
        "featureKind": "province-border",
        "coordinateSpace": "Belavados map pixels",
        "provinceIndex": 21,
        "settlementCount": 11,
        "scannerDominantBiome": "Beach and grass with water",
        "scannerBiomeTypes": [
          "Beach and grass with water",
          "Beach and reefs with water",
          "Ocean Surface floating settlement"
        ],
        "scannerLandmarks": [
          "water",
          "mountain",
          "valley",
          "grassland",
          "reef"
        ],
        "correctedBy": "Manual hexcode authority pass v4",
        "biomes": [
          "Beach and grass with water",
          "Beach and reefs with water",
          "Ocean Surface floating settlement"
        ],
        "settlementBiomeSummary": {
          "Beach and grass with water": 8,
          "Beach and reefs with water": 5,
          "Ocean Surface floating settlement": 4,
          "Farming": 3,
          "Partial forest": 2,
          "Deep forest": 2,
          "Hybrid tree and forest floor": 1
        },
        "factions": [
          {
            "id": "fac_choral_synod",
            "name": "The Choral Synod",
            "subtitle": "many-peopled temple hegemony and pilgrim fleet",
            "primarySeat": "Auralisthra, Lun-tharave",
            "atTableRole": "Use for beautiful religious pressure, temple politics, submarine pilgrimages, healing-with-costs, and seductive cult authority.",
            "publicFace": "Heal the sick, protect pilgrim routes, interpret prophecy, and unite settlements through sacred processions.",
            "hiddenTeeth": "Their sacramental medicine can become debt bondage, addiction, ecstatic obedience, and doctrine-policed dependence on diluted ichor.",
            "patrons": [
              "Sokhivar",
              "Bastveig",
              "Valkhamesh",
              "Nebyrr",
              "Nefarokir"
            ],
            "alignmentTendency": {
              "Altruism": 1400,
              "Lawfulness": 2350,
              "Cooperation": 2000,
              "Honor": 1200
            },
            "riskModifier": 0.6
          },
          {
            "id": "fac_black_maw_myriad",
            "name": "The Black-Maw Myriad",
            "subtitle": "ichor-mutated swarm culture and wetland brood network",
            "primarySeat": "Greenmire, Nalvessir",
            "atTableRole": "Use for ecological body horror, adaptive enemies, river infestations, steamship and ferry scares, and tragic consequences of ichor pollution.",
            "publicFace": "The Myriad has no normal public program; negotiable clades may demand survival space, cleaner rivers, or protection from those who created them.",
            "hiddenTeeth": "Pure ichor creates command-nodes that can learn voices, tactics, prayers, and eventually the language of civilization itself.",
            "patrons": [
              "Thoryn-Rahek",
              "Bastveig",
              "Hathruna",
              "Oskar'enlil",
              "Iskareth"
            ],
            "alignmentTendency": {
              "Altruism": 900,
              "Lawfulness": 700,
              "Cooperation": 2500,
              "Honor": 500
            },
            "riskModifier": 1.8
          }
        ],
        "associatedFactions": [
          "The Choral Synod",
          "The Black-Maw Myriad"
        ],
        "borderLocked": true,
        "anchorsVisibleToPlayers": false,
        "playerEditable": false,
        "coordinateLines": {
          "coordinateLineRevision": "named meridians/parallels + realm-geometric UTC offset pass",
          "coordinateLineRevisionDateUTC": "2026-07-05",
          "longitudeLatitudeSource": "feature lon/lat properties or converted equirectangular source coordinates",
          "nearestNamedMeridian": {
            "longitude": -150.0,
            "line": "150° W",
            "name": "Freyseth's Crossroads Meridian",
            "distanceDegrees": 11.642773
          },
          "nearestNamedParallel": {
            "latitude": 25.0,
            "line": "25° N",
            "name": "Raeshkul's Thoughtline",
            "distanceDegrees": 9.439509
          },
          "namedLongitudeBand": {
            "westLongitude": -150.0,
            "westLine": "150° W",
            "westName": "Freyseth's Crossroads Meridian",
            "eastLongitude": -120.0,
            "eastLine": "120° W",
            "eastName": "Nefarokir's Funeral Meridian",
            "bandName": "Freyseth's Crossroads Meridian to Nefarokir's Funeral Meridian",
            "spanDegrees": 30.0,
            "wrapsAntimeridian": false
          },
          "namedLatitudeBand": {
            "northLatitude": 25.0,
            "northLine": "25° N",
            "northName": "Raeshkul's Thoughtline",
            "southLatitude": 0.0,
            "southLine": "0°",
            "southName": "Equator",
            "bandName": "Raeshkul's Thoughtline to Equator",
            "spanDegrees": 25.0
          },
          "utcTimeZone": {
            "utcOffset": "UTC-09:00",
            "utcOffsetCompact": "UTC-9",
            "utcOffsetHours": -9,
            "utcOffsetMinutes": -540,
            "zoneWidthDegrees": 15,
            "assignmentMethod": "geometric longitude band, 15° per hour, centered on 0° UTC",
            "notes": "This is realm-geometric UTC offset math by longitude, not political/IANA time-zone boundary data."
          }
        },
        "primaryUTC": "UTC-09:00",
        "utcOffset": "UTC-09:00",
        "utcOffsetCompact": "UTC-9",
        "utcOffsetHours": -9,
        "utcOffsetMinutes": -540,
        "nearestMeridianName": "Freyseth's Crossroads Meridian",
        "nearestMeridianLine": "150° W",
        "nearestParallelName": "Raeshkul's Thoughtline",
        "nearestParallelLine": "25° N",
        "geometryCoordinateSpace": "original 2048x1024 equirectangular map pixels; use borders_wgs84.geojson for standard lon/lat geometry",
        "wgs84GeometryFile": "borders_wgs84.geojson",
        "landmarkAtlas": {
          "source": "Life In The World Of Belavadös.docx geography tables",
          "water": {
            "namedRiverDeltaCanalLake": "Thalryss Narrow Sea",
            "namedBayGulfSeaSound": "Thalryss Mirror Bay",
            "feedingTerrain": "Beach and grass with water; Beach and reefs with water; Ocean Surface floating settlement"
          },
          "land": {
            "mountainRangeHighland": "Thalryss Bluewhite Knives",
            "volcanoVentCaldera": "Bluewhite Needle",
            "forestSwampLandmark": "Thalryss Moonpine"
          },
          "climate": {
            "climateBelt": "Sunbelt reef-wet belt",
            "dominantTerrain": "Beach and grass with water; Beach and reefs with water; Ocean Surface floating settlement",
            "namedWeather": "Knife-Cloud Fronts",
            "verticalNote": "highest settled weather band 180 m; deepest recorded route 4800 m",
            "highestSettledWeatherBandMeters": 180,
            "deepestRecordedRouteMeters": 4800
          },
          "governanceTransit": {
            "government": "Protectorate",
            "population": "88,721,000",
            "coreBiomes": "Beach and grass with water; Beach and reefs with water; Ocean Surface floating settlement",
            "transitGroup": "Far Western North-Mid Transit Group",
            "surfaceShare": "5.407629711%"
          },
          "layerRefs": [
            "province_landmarks_3d.geojson",
            "water_landmarks_3d.geojson",
            "land_landmarks_3d.geojson",
            "weather_landmarks_3d.geojson",
            "vertical_landmarks_3d.geojson"
          ]
        },
        "enrichedAtUtc": "2026-07-06T22:31:22+00:00",
        "visibleByDefault": true,
        "showWhenProvinceSelected": true,
        "hideUntilProvinceDropdownSelection": true,
        "visibilityRule": "Hidden by default; reveal province border and pins only when this province is selected from dropdown.",
        "updatedAtUtc": "2026-07-07T06:30:07+00:00",
        "originalProvinceColorBeforePlayerMapStyle": "#FF1493",
        "originalBorderColorBeforePlayerMapStyle": "#FF1493",
        "originalBorderWidthBeforePlayerMapStyle": 8,
        "originalBorderOpacityBeforePlayerMapStyle": 0.25,
        "fillColor": "transparent",
        "fillOpacity": 0.035,
        "stroke": "#ADE8F4",
        "stroke-width": 12,
        "stroke-opacity": 1,
        "fill": "transparent",
        "fill-opacity": 0,
        "className": "province-border-shape bubbly-neon-province-border",
        "cssClass": "province-border-shape bubbly-neon-province-border",
        "mapLayerClass": "province-border-layer",
        "playerMapStyleApplied": true,
        "playerMapStyleSource": "player-map.css",
        "style": {
          "source": "player-map.css :: #provinceOverlay .province-border-shape",
          "className": "province-border-shape bubbly-neon-province-border",
          "cssClass": "province-border-shape bubbly-neon-province-border",
          "fill": "none",
          "fillColor": "transparent",
          "fillOpacity": 0,
          "fill-opacity": 0,
          "stroke": "#00FFFF",
          "strokeColor": "#00FFFF",
          "strokeWidth": 12,
          "stroke-width": 12,
          "strokeOpacity": 1,
          "stroke-opacity": 1,
          "strokeLineJoin": "round",
          "stroke-linejoin": "round",
          "strokeLineCap": "round",
          "stroke-linecap": "round",
          "strokeDashArray": "none",
          "stroke-dasharray": "none",
          "paintOrder": "stroke",
          "paint-order": "stroke",
          "vectorEffect": "non-scaling-stroke",
          "vector-effect": "non-scaling-stroke",
          "pointerEvents": "stroke",
          "pointer-events": "stroke",
          "cursor": "pointer",
          "transition": "filter .18s ease, stroke-width .18s ease, stroke .18s ease, transform .18s ease",
          "transformBox": "fill-box",
          "transformOrigin": "center center",
          "dropShadow": "drop-shadow(0 0 4px rgba(255,255,255,.55)) drop-shadow(0 0 10px rgba(0,255,255,.78)) drop-shadow(0 0 24px rgba(0,255,255,.46)) drop-shadow(0 0 42px rgba(0,255,255,.24))"
        },
        "hoverStyle": {
          "stroke": "#EFFFFF",
          "strokeColor": "#EFFFFF",
          "strokeWidth": 13,
          "stroke-width": 13,
          "fill": "none",
          "fillColor": "transparent",
          "fillOpacity": 0,
          "fill-opacity": 0,
          "transform": "scale(1.0025)",
          "dropShadow": "drop-shadow(0 0 6px rgba(255,255,255,.70)) drop-shadow(0 0 14px rgba(0,255,255,.95)) drop-shadow(0 0 30px rgba(0,255,255,.62)) drop-shadow(0 0 52px rgba(0,255,255,.34))"
        },
        "renderStyle": {
          "source": "player-map.css :: #provinceOverlay .province-border-shape",
          "className": "province-border-shape bubbly-neon-province-border",
          "cssClass": "province-border-shape bubbly-neon-province-border",
          "fill": "none",
          "fillColor": "transparent",
          "fillOpacity": 0,
          "fill-opacity": 0,
          "stroke": "#00FFFF",
          "strokeColor": "#00FFFF",
          "strokeWidth": 12,
          "stroke-width": 12,
          "strokeOpacity": 1,
          "stroke-opacity": 1,
          "strokeLineJoin": "round",
          "stroke-linejoin": "round",
          "strokeLineCap": "round",
          "stroke-linecap": "round",
          "strokeDashArray": "none",
          "stroke-dasharray": "none",
          "paintOrder": "stroke",
          "paint-order": "stroke",
          "vectorEffect": "non-scaling-stroke",
          "vector-effect": "non-scaling-stroke",
          "pointerEvents": "stroke",
          "pointer-events": "stroke",
          "cursor": "pointer",
          "transition": "filter .18s ease, stroke-width .18s ease, stroke .18s ease, transform .18s ease",
          "transformBox": "fill-box",
          "transformOrigin": "center center",
          "dropShadow": "drop-shadow(0 0 4px rgba(255,255,255,.55)) drop-shadow(0 0 10px rgba(0,255,255,.78)) drop-shadow(0 0 24px rgba(0,255,255,.46)) drop-shadow(0 0 42px rgba(0,255,255,.24))"
        },
        "renderHoverStyle": {
          "stroke": "#EFFFFF",
          "strokeColor": "#EFFFFF",
          "strokeWidth": 13,
          "stroke-width": 13,
          "fill": "none",
          "fillColor": "transparent",
          "fillOpacity": 0,
          "fill-opacity": 0,
          "transform": "scale(1.0025)",
          "dropShadow": "drop-shadow(0 0 6px rgba(255,255,255,.70)) drop-shadow(0 0 14px rgba(0,255,255,.95)) drop-shadow(0 0 30px rgba(0,255,255,.62)) drop-shadow(0 0 52px rgba(0,255,255,.34))"
        },
        "strokeWidth": 7,
        "strokeOpacity": 0.97,
        "lineCap": "round",
        "lineJoin": "round",
        "glowColor": "#ADE8F4",
        "glowBlur": 14,
        "waveStyle": "organic-rounded-wavy"
      },
      "geometry": {
        "type": "Polygon",
        "coordinates": [
          [
            [
              272.917012,
              363.963412
            ],
            [
              282.915145,
              369.31507
            ],
            [
              294.830104,
              377.746199
            ],
            [
              308.71415,
              389.185395
            ],
            [
              324.566738,
              403.643885
            ],
            [
              342.329526,
              421.182007
            ],
            [
              359.794217,
              440.89639
            ],
            [
              377.019475,
              462.740977
            ],
            [
              393.961734,
              486.756406
            ],
            [
              410.57415,
              512.970354
            ],
            [
              423.680847,
              536.348453
            ],
            [
              433.310486,
              556.882621
            ],
            [
              439.384539,
              574.612271
            ],
            [
              441.89611,
              589.527891
            ],
            [
              444.008552,
              605.438333
            ],
            [
              445.69647,
              622.34964
            ],
            [
              446.880738,
              640.267669
            ],
            [
              447.613104,
              659.174451
            ],
            [
              440.710213,
              673.51963
            ],
            [
              426.093372,
              683.316065
            ],
            [
              403.762645,
              688.505544
            ],
            [
              373.742298,
              689.165185
            ],
            [
              350.71465,
              686.534115
            ],
            [
              334.691497,
              680.526091
            ],
            [
              325.695948,
              671.176119
            ],
            [
              323.643605,
              658.517261
            ],
            [
              325.898319,
              643.661059
            ],
            [
              332.536371,
              626.645407
            ],
            [
              343.495741,
              607.463353
            ],
            [
              358.738893,
              586.077583
            ],
            [
              362.971114,
              565.610507
            ],
            [
              356.213029,
              546.029582
            ],
            [
              338.380431,
              527.365629
            ],
            [
              309.502541,
              509.648861
            ],
            [
              280.115336,
              492.827078
            ],
            [
              250.197113,
              476.921234
            ],
            [
              219.713211,
              462.000826
            ],
            [
              188.690242,
              448.018589
            ],
            [
              157.98929,
              435.091446
            ],
            [
              127.580942,
              423.284689
            ],
            [
              97.454654,
              412.633313
            ],
            [
              67.64089,
              403.057434
            ],
            [
              49.201163,
              382.623937
            ],
            [
              42.061585,
              351.387888
            ],
            [
              46.227116,
              309.301662
            ],
            [
              61.781688,
              256.387427
            ],
            [
              82.674243,
              223.542507
            ],
            [
              108.850095,
              210.700636
            ],
            [
              140.397703,
              217.887233
            ],
            [
              177.278657,
              245.164259
            ],
            [
              206.529205,
              269.975381
            ],
            [
              228.167636,
              292.308115
            ],
            [
              242.131773,
              312.22575
            ],
            [
              248.417158,
              329.715748
            ],
            [
              255.669496,
              344.161743
            ],
            [
              263.851802,
              355.563601
            ],
            [
              272.917012,
              363.963412
            ]
          ]
        ]
      }
    },
    {
      "type": "Feature",
      "properties": {
        "province": "Vaelmyrith",
        "name": "Vaelmyrith",
        "provinceName": "Vaelmyrith",
        "provinceKey": "vaelmyrith",
        "governmentType": "Council Republic",
        "government": "Council Republic",
        "overallPopulation": 40897000,
        "population": 40897000,
        "squareMiles": 4216740,
        "squareKilometers": 10921306.46,
        "centerLat": 65.9876514659524,
        "centerLon": 36.15348271353275,
        "centerPointCoordinates": {
          "x": 1229.673146103653,
          "y": 136.60358277147083,
          "lat": 65.9876514659524,
          "lon": 36.15348271353275,
          "latitude": 65.9876514659524,
          "longitude": 36.15348271353275
        },
        "color": "#9966CC",
        "borderColor": "#9966CC",
        "borderOpacity": 1,
        "borderWidth": 7,
        "borderVisible": false,
        "settlementScan": null,
        "featureKind": "province-border",
        "coordinateSpace": "Belavados map pixels",
        "provinceIndex": 22,
        "settlementCount": 11,
        "scannerDominantBiome": "Beach and grass with water",
        "scannerBiomeTypes": [
          "Beach and grass with water",
          "Beach and reefs with water",
          "Ocean Surface floating settlement"
        ],
        "scannerLandmarks": [
          "water",
          "mountain",
          "marsh",
          "forest",
          "island",
          "valley",
          "reef"
        ],
        "correctedBy": "Manual hexcode authority pass v4",
        "biomes": [
          "Beach and grass with water",
          "Beach and reefs with water",
          "Ocean Surface floating settlement"
        ],
        "settlementBiomeSummary": {
          "Beach and grass with water": 10,
          "Beach and reefs with water": 5,
          "Ocean Surface floating settlement": 3,
          "Marshes and swamps": 3,
          "Partial forest": 3,
          "Farming": 2,
          "Grassland": 2,
          "Deep forest": 2,
          "Prairie": 1,
          "Mountain range": 1
        },
        "factions": [
          {
            "id": "fac_obsidian_diadem",
            "name": "The Obsidian Diadem",
            "subtitle": "fallen war-dominion and oath-bound imperial court",
            "primarySeat": "Sszaruun, Zal-tharuun",
            "atTableRole": "Use for authoritarian occupation, black skyship landings, military courts, and useful-but-terrifying antagonists.",
            "publicFace": "Bring security, punctual transit, monster containment, and unified law to fractured regions.",
            "hiddenTeeth": "Their order is built on fear-glamour, pure-ichor loyalty rites, stolen names, and conquered peoples pressured into service.",
            "patrons": [
              "Enkirael",
              "Freyseth",
              "Eirzunet",
              "Nebyrr",
              "Raeshkul"
            ],
            "alignmentTendency": {
              "Altruism": 700,
              "Lawfulness": 2600,
              "Cooperation": 900,
              "Honor": 800
            },
            "riskModifier": 1.6
          }
        ],
        "associatedFactions": [
          "The Obsidian Diadem"
        ],
        "borderLocked": true,
        "anchorsVisibleToPlayers": false,
        "playerEditable": false,
        "coordinateLines": {
          "coordinateLineRevision": "named meridians/parallels + realm-geometric UTC offset pass",
          "coordinateLineRevisionDateUTC": "2026-07-05",
          "longitudeLatitudeSource": "feature lon/lat properties or converted equirectangular source coordinates",
          "nearestNamedMeridian": {
            "longitude": 30.0,
            "line": "30° E",
            "name": "Raeshkul's Calculation Meridian",
            "distanceDegrees": 6.153483
          },
          "nearestNamedParallel": {
            "latitude": 60.0,
            "line": "60° N",
            "name": "Fleysetl's Northern Underworld Gate",
            "distanceDegrees": 5.987651
          },
          "namedLongitudeBand": {
            "westLongitude": 30.0,
            "westLine": "30° E",
            "westName": "Raeshkul's Calculation Meridian",
            "eastLongitude": 60.0,
            "eastLine": "60° E",
            "eastName": "Sokhivar's Sunroad Meridian",
            "bandName": "Raeshkul's Calculation Meridian to Sokhivar's Sunroad Meridian",
            "spanDegrees": 30.0,
            "wrapsAntimeridian": false
          },
          "namedLatitudeBand": {
            "northLatitude": 90.0,
            "northLine": "North Pole",
            "northName": "North Pole",
            "southLatitude": 60.0,
            "southLine": "60° N",
            "southName": "Fleysetl's Northern Underworld Gate",
            "bandName": "North Pole to Fleysetl's Northern Underworld Gate",
            "spanDegrees": 30.0
          },
          "utcTimeZone": {
            "utcOffset": "UTC+02:00",
            "utcOffsetCompact": "UTC+2",
            "utcOffsetHours": 2,
            "utcOffsetMinutes": 120,
            "zoneWidthDegrees": 15,
            "assignmentMethod": "geometric longitude band, 15° per hour, centered on 0° UTC",
            "notes": "This is realm-geometric UTC offset math by longitude, not political/IANA time-zone boundary data."
          }
        },
        "primaryUTC": "UTC+02:00",
        "utcOffset": "UTC+02:00",
        "utcOffsetCompact": "UTC+2",
        "utcOffsetHours": 2,
        "utcOffsetMinutes": 120,
        "nearestMeridianName": "Raeshkul's Calculation Meridian",
        "nearestMeridianLine": "30° E",
        "nearestParallelName": "Fleysetl's Northern Underworld Gate",
        "nearestParallelLine": "60° N",
        "geometryCoordinateSpace": "original 2048x1024 equirectangular map pixels; use borders_wgs84.geojson for standard lon/lat geometry",
        "wgs84GeometryFile": "borders_wgs84.geojson",
        "landmarkAtlas": {
          "source": "Life In The World Of Belavadös.docx geography tables",
          "water": {
            "namedRiverDeltaCanalLake": "Vaelmyrith Amethyst Sea",
            "namedBayGulfSeaSound": "Vaelmyrith Starfall Gulf",
            "feedingTerrain": "Beach and grass with water; Beach and reefs with water; Ocean Surface floating settlement"
          },
          "land": {
            "mountainRangeHighland": "Amethyst Crownrange",
            "volcanoVentCaldera": "Amethyst Firecup",
            "forestSwampLandmark": "Vaelmyrith Gloomwood"
          },
          "climate": {
            "climateBelt": "Sunbelt reef-wet belt",
            "dominantTerrain": "Beach and grass with water; Beach and reefs with water; Ocean Surface floating settlement",
            "namedWeather": "Starfall Violet Haze",
            "verticalNote": "highest settled weather band 4600 m; deepest recorded route 4800 m",
            "highestSettledWeatherBandMeters": 4600,
            "deepestRecordedRouteMeters": 4800
          },
          "governanceTransit": {
            "government": "Council Republic",
            "population": "40,897,000",
            "coreBiomes": "Beach and grass with water; Beach and reefs with water; Ocean Surface floating settlement",
            "transitGroup": "Central Northern Transit Group",
            "surfaceShare": "2.353113151%"
          },
          "layerRefs": [
            "province_landmarks_3d.geojson",
            "water_landmarks_3d.geojson",
            "land_landmarks_3d.geojson",
            "weather_landmarks_3d.geojson",
            "vertical_landmarks_3d.geojson"
          ]
        },
        "enrichedAtUtc": "2026-07-06T22:31:22+00:00",
        "visibleByDefault": true,
        "showWhenProvinceSelected": true,
        "hideUntilProvinceDropdownSelection": true,
        "visibilityRule": "Hidden by default; reveal province border and pins only when this province is selected from dropdown.",
        "updatedAtUtc": "2026-07-07T06:30:07+00:00",
        "originalProvinceColorBeforePlayerMapStyle": "#32CD32",
        "originalBorderColorBeforePlayerMapStyle": "#32CD32",
        "originalBorderWidthBeforePlayerMapStyle": 8,
        "originalBorderOpacityBeforePlayerMapStyle": 0.25,
        "fillColor": "transparent",
        "fillOpacity": 0.035,
        "stroke": "#9966CC",
        "stroke-width": 12,
        "stroke-opacity": 1,
        "fill": "transparent",
        "fill-opacity": 0,
        "className": "province-border-shape bubbly-neon-province-border",
        "cssClass": "province-border-shape bubbly-neon-province-border",
        "mapLayerClass": "province-border-layer",
        "playerMapStyleApplied": true,
        "playerMapStyleSource": "player-map.css",
        "style": {
          "source": "player-map.css :: #provinceOverlay .province-border-shape",
          "className": "province-border-shape bubbly-neon-province-border",
          "cssClass": "province-border-shape bubbly-neon-province-border",
          "fill": "none",
          "fillColor": "transparent",
          "fillOpacity": 0,
          "fill-opacity": 0,
          "stroke": "#00FFFF",
          "strokeColor": "#00FFFF",
          "strokeWidth": 12,
          "stroke-width": 12,
          "strokeOpacity": 1,
          "stroke-opacity": 1,
          "strokeLineJoin": "round",
          "stroke-linejoin": "round",
          "strokeLineCap": "round",
          "stroke-linecap": "round",
          "strokeDashArray": "none",
          "stroke-dasharray": "none",
          "paintOrder": "stroke",
          "paint-order": "stroke",
          "vectorEffect": "non-scaling-stroke",
          "vector-effect": "non-scaling-stroke",
          "pointerEvents": "stroke",
          "pointer-events": "stroke",
          "cursor": "pointer",
          "transition": "filter .18s ease, stroke-width .18s ease, stroke .18s ease, transform .18s ease",
          "transformBox": "fill-box",
          "transformOrigin": "center center",
          "dropShadow": "drop-shadow(0 0 4px rgba(255,255,255,.55)) drop-shadow(0 0 10px rgba(0,255,255,.78)) drop-shadow(0 0 24px rgba(0,255,255,.46)) drop-shadow(0 0 42px rgba(0,255,255,.24))"
        },
        "hoverStyle": {
          "stroke": "#EFFFFF",
          "strokeColor": "#EFFFFF",
          "strokeWidth": 13,
          "stroke-width": 13,
          "fill": "none",
          "fillColor": "transparent",
          "fillOpacity": 0,
          "fill-opacity": 0,
          "transform": "scale(1.0025)",
          "dropShadow": "drop-shadow(0 0 6px rgba(255,255,255,.70)) drop-shadow(0 0 14px rgba(0,255,255,.95)) drop-shadow(0 0 30px rgba(0,255,255,.62)) drop-shadow(0 0 52px rgba(0,255,255,.34))"
        },
        "renderStyle": {
          "source": "player-map.css :: #provinceOverlay .province-border-shape",
          "className": "province-border-shape bubbly-neon-province-border",
          "cssClass": "province-border-shape bubbly-neon-province-border",
          "fill": "none",
          "fillColor": "transparent",
          "fillOpacity": 0,
          "fill-opacity": 0,
          "stroke": "#00FFFF",
          "strokeColor": "#00FFFF",
          "strokeWidth": 12,
          "stroke-width": 12,
          "strokeOpacity": 1,
          "stroke-opacity": 1,
          "strokeLineJoin": "round",
          "stroke-linejoin": "round",
          "strokeLineCap": "round",
          "stroke-linecap": "round",
          "strokeDashArray": "none",
          "stroke-dasharray": "none",
          "paintOrder": "stroke",
          "paint-order": "stroke",
          "vectorEffect": "non-scaling-stroke",
          "vector-effect": "non-scaling-stroke",
          "pointerEvents": "stroke",
          "pointer-events": "stroke",
          "cursor": "pointer",
          "transition": "filter .18s ease, stroke-width .18s ease, stroke .18s ease, transform .18s ease",
          "transformBox": "fill-box",
          "transformOrigin": "center center",
          "dropShadow": "drop-shadow(0 0 4px rgba(255,255,255,.55)) drop-shadow(0 0 10px rgba(0,255,255,.78)) drop-shadow(0 0 24px rgba(0,255,255,.46)) drop-shadow(0 0 42px rgba(0,255,255,.24))"
        },
        "renderHoverStyle": {
          "stroke": "#EFFFFF",
          "strokeColor": "#EFFFFF",
          "strokeWidth": 13,
          "stroke-width": 13,
          "fill": "none",
          "fillColor": "transparent",
          "fillOpacity": 0,
          "fill-opacity": 0,
          "transform": "scale(1.0025)",
          "dropShadow": "drop-shadow(0 0 6px rgba(255,255,255,.70)) drop-shadow(0 0 14px rgba(0,255,255,.95)) drop-shadow(0 0 30px rgba(0,255,255,.62)) drop-shadow(0 0 52px rgba(0,255,255,.34))"
        },
        "strokeWidth": 7,
        "strokeOpacity": 0.97,
        "lineCap": "round",
        "lineJoin": "round",
        "glowColor": "#9966CC",
        "glowBlur": 14,
        "waveStyle": "organic-rounded-wavy"
      },
      "geometry": {
        "type": "Polygon",
        "coordinates": [
          [
            [
              1093.573338,
              4.588772
            ],
            [
              1146.208121,
              4.842394
            ],
            [
              1194.248841,
              5.689404
            ],
            [
              1237.697014,
              7.08657
            ],
            [
              1276.550545,
              9.116693
            ],
            [
              1310.803171,
              11.797324
            ],
            [
              1332.875093,
              17.820707
            ],
            [
              1342.791775,
              27.198174
            ],
            [
              1340.510338,
              39.976226
            ],
            [
              1326.047786,
              56.135201
            ],
            [
              1315.038069,
              70.589988
            ],
            [
              1307.443642,
              83.291601
            ],
            [
              1303.212681,
              94.22334
            ],
            [
              1302.41787,
              103.434911
            ],
            [
              1308.242455,
              112.720082
            ],
            [
              1320.594498,
              122.112543
            ],
            [
              1339.4945,
              131.645452
            ],
            [
              1364.978398,
              141.240893
            ],
            [
              1385.935686,
              151.236903
            ],
            [
              1402.330434,
              161.703147
            ],
            [
              1414.177716,
              172.586177
            ],
            [
              1421.534065,
              183.848878
            ],
            [
              1425.186743,
              192.811885
            ],
            [
              1425.09538,
              199.451792
            ],
            [
              1421.364866,
              203.767773
            ],
            [
              1413.931792,
              205.846312
            ],
            [
              1408.860188,
              211.181554
            ],
            [
              1406.157086,
              219.79603
            ],
            [
              1405.901079,
              231.699707
            ],
            [
              1408.049113,
              246.87406
            ],
            [
              1405.497325,
              256.710226
            ],
            [
              1398.334017,
              261.200768
            ],
            [
              1386.528395,
              260.42848
            ],
            [
              1370.063363,
              254.305519
            ],
            [
              1355.730448,
              253.630325
            ],
            [
              1343.525216,
              258.499913
            ],
            [
              1333.49893,
              268.895542
            ],
            [
              1325.58938,
              284.746687
            ],
            [
              1316.035934,
              296.13984
            ],
            [
              1304.886153,
              303.144273
            ],
            [
              1292.080091,
              305.731801
            ],
            [
              1277.630337,
              303.834299
            ],
            [
              1255.173232,
              292.193443
            ],
            [
              1224.675665,
              270.83242
            ],
            [
              1186.188001,
              239.681144
            ],
            [
              1139.723043,
              198.735822
            ],
            [
              1104.775093,
              165.011164
            ],
            [
              1081.351255,
              138.491603
            ],
            [
              1069.517044,
              119.131383
            ],
            [
              1069.238759,
              106.966583
            ],
            [
              1065.595555,
              92.556327
            ],
            [
              1058.657253,
              75.915526
            ],
            [
              1048.465112,
              57.013734
            ],
            [
              1034.955324,
              35.902303
            ],
            [
              1037.929465,
              20.143421
            ],
            [
              1057.479264,
              9.698802
            ],
            [
              1093.573338,
              4.588772
            ]
          ]
        ]
      }
    },
    {
      "type": "Feature",
      "properties": {
        "province": "Valerune",
        "name": "Valerune",
        "provinceName": "Valerune",
        "provinceKey": "valerune",
        "governmentType": "Runic Concord",
        "government": "Runic Concord",
        "overallPopulation": 45575000,
        "population": 45575000,
        "squareMiles": 3788291,
        "squareKilometers": 9811628.65,
        "centerLat": -33.73519331345163,
        "centerLon": 69.65093929072805,
        "centerPointCoordinates": {
          "x": 1420.2364546316974,
          "y": 703.9157664054137,
          "lat": -33.73519331345163,
          "lon": 69.65093929072805,
          "latitude": -33.73519331345163,
          "longitude": 69.65093929072805
        },
        "color": "#7FB069",
        "borderColor": "#7FB069",
        "borderOpacity": 1,
        "borderWidth": 7,
        "borderVisible": false,
        "settlementScan": null,
        "featureKind": "province-border",
        "coordinateSpace": "Belavados map pixels",
        "provinceIndex": 23,
        "settlementCount": 8,
        "scannerDominantBiome": "Partial forest",
        "scannerBiomeTypes": [
          "Partial forest",
          "Farming",
          "Beach and reefs with water"
        ],
        "scannerLandmarks": [
          "mountain",
          "marsh",
          "forest",
          "water",
          "grassland",
          "island",
          "valley"
        ],
        "correctedBy": "Manual hexcode authority pass v4",
        "biomes": [
          "Partial forest",
          "Farming",
          "Beach and reefs with water"
        ],
        "settlementBiomeSummary": {
          "Partial forest": 6,
          "Farming": 4,
          "Beach and reefs with water": 3,
          "Beach and grass with water": 3,
          "Deep forest": 3,
          "Treetops - treehouses": 1,
          "Marshes and swamps": 1
        },
        "factions": [
          {
            "id": "fac_brass_concordat",
            "name": "The Brass Concordat",
            "subtitle": "cross-provincial diplomatic council and covert writ network",
            "primarySeat": "Avarelyn, Valerune",
            "atTableRole": "Use for legal patrons, embassy intrigue, travel permits, secret missions, and political compromise that may save or stain the party.",
            "publicFace": "Prevent open war, license ichor trade, protect treaty systems, and provide lawful travel cover during crises.",
            "hiddenTeeth": "Its plausible deniability lets quiet agents bury evidence, sanitize memories, and permit limited pure-ichor use when survival seems to require it.",
            "patrons": [
              "Nebyrr",
              "Raeshkul",
              "Nefarokir",
              "Nephthysra",
              "Marduthor"
            ],
            "alignmentTendency": {
              "Altruism": 1600,
              "Lawfulness": 2300,
              "Cooperation": 2000,
              "Honor": 1500
            },
            "riskModifier": -0.1
          }
        ],
        "associatedFactions": [
          "The Brass Concordat"
        ],
        "borderLocked": true,
        "anchorsVisibleToPlayers": false,
        "playerEditable": false,
        "coordinateLines": {
          "coordinateLineRevision": "named meridians/parallels + realm-geometric UTC offset pass",
          "coordinateLineRevisionDateUTC": "2026-07-05",
          "longitudeLatitudeSource": "feature lon/lat properties or converted equirectangular source coordinates",
          "nearestNamedMeridian": {
            "longitude": 60.0,
            "line": "60° E",
            "name": "Sokhivar's Sunroad Meridian",
            "distanceDegrees": 9.650939
          },
          "nearestNamedParallel": {
            "latitude": -30.0,
            "line": "30° S",
            "name": "Bastveg's Deepwater Passage",
            "distanceDegrees": 3.735193
          },
          "namedLongitudeBand": {
            "westLongitude": 60.0,
            "westLine": "60° E",
            "westName": "Sokhivar's Sunroad Meridian",
            "eastLongitude": 90.0,
            "eastLine": "90° E",
            "eastName": "Ishtanora's Hrealm Meridian",
            "bandName": "Sokhivar's Sunroad Meridian to Ishtanora's Hrealm Meridian",
            "spanDegrees": 30.0,
            "wrapsAntimeridian": false
          },
          "namedLatitudeBand": {
            "northLatitude": -30.0,
            "northLine": "30° S",
            "northName": "Bastveg's Deepwater Passage",
            "southLatitude": -65.0,
            "southLine": "65° S",
            "southName": "Thoryn-Rahek's Southern Underworld Gate",
            "bandName": "Bastveg's Deepwater Passage to Thoryn-Rahek's Southern Underworld Gate",
            "spanDegrees": 35.0
          },
          "utcTimeZone": {
            "utcOffset": "UTC+05:00",
            "utcOffsetCompact": "UTC+5",
            "utcOffsetHours": 5,
            "utcOffsetMinutes": 300,
            "zoneWidthDegrees": 15,
            "assignmentMethod": "geometric longitude band, 15° per hour, centered on 0° UTC",
            "notes": "This is realm-geometric UTC offset math by longitude, not political/IANA time-zone boundary data."
          }
        },
        "primaryUTC": "UTC+05:00",
        "utcOffset": "UTC+05:00",
        "utcOffsetCompact": "UTC+5",
        "utcOffsetHours": 5,
        "utcOffsetMinutes": 300,
        "nearestMeridianName": "Sokhivar's Sunroad Meridian",
        "nearestMeridianLine": "60° E",
        "nearestParallelName": "Bastveg's Deepwater Passage",
        "nearestParallelLine": "30° S",
        "geometryCoordinateSpace": "original 2048x1024 equirectangular map pixels; use borders_wgs84.geojson for standard lon/lat geometry",
        "wgs84GeometryFile": "borders_wgs84.geojson",
        "landmarkAtlas": {
          "source": "Life In The World Of Belavadös.docx geography tables",
          "water": {
            "namedRiverDeltaCanalLake": "Valerune Asparagus Marshlake",
            "namedBayGulfSeaSound": "Valerune Reed Gulf",
            "feedingTerrain": "Partial forest; Farming; Beach and reefs with water"
          },
          "land": {
            "mountainRangeHighland": "Valerune High Marshwalls",
            "volcanoVentCaldera": "Greenroot Steamer",
            "forestSwampLandmark": "Valerune Reedforest"
          },
          "climate": {
            "climateBelt": "Sunbelt reef-wet belt",
            "dominantTerrain": "Partial forest; Farming; Beach and reefs with water",
            "namedWeather": "Reed-Steam Murk",
            "verticalNote": "highest settled weather band 220 m; deepest recorded route 180 m",
            "highestSettledWeatherBandMeters": 220,
            "deepestRecordedRouteMeters": 180
          },
          "governanceTransit": {
            "government": "Runic Concord",
            "population": "45,575,000",
            "coreBiomes": "Partial forest; Farming; Beach and reefs with water",
            "transitGroup": "Far Eastern South-Mid Transit Group",
            "surfaceShare": "2.951067236%"
          },
          "layerRefs": [
            "province_landmarks_3d.geojson",
            "water_landmarks_3d.geojson",
            "land_landmarks_3d.geojson",
            "weather_landmarks_3d.geojson",
            "vertical_landmarks_3d.geojson"
          ]
        },
        "enrichedAtUtc": "2026-07-06T22:31:22+00:00",
        "visibleByDefault": true,
        "showWhenProvinceSelected": true,
        "hideUntilProvinceDropdownSelection": true,
        "visibilityRule": "Hidden by default; reveal province border and pins only when this province is selected from dropdown.",
        "updatedAtUtc": "2026-07-07T06:30:07+00:00",
        "originalProvinceColorBeforePlayerMapStyle": "#1E90FF",
        "originalBorderColorBeforePlayerMapStyle": "#1E90FF",
        "originalBorderWidthBeforePlayerMapStyle": 8,
        "originalBorderOpacityBeforePlayerMapStyle": 0.25,
        "fillColor": "transparent",
        "fillOpacity": 0.035,
        "stroke": "#7FB069",
        "stroke-width": 12,
        "stroke-opacity": 1,
        "fill": "transparent",
        "fill-opacity": 0,
        "className": "province-border-shape bubbly-neon-province-border",
        "cssClass": "province-border-shape bubbly-neon-province-border",
        "mapLayerClass": "province-border-layer",
        "playerMapStyleApplied": true,
        "playerMapStyleSource": "player-map.css",
        "style": {
          "source": "player-map.css :: #provinceOverlay .province-border-shape",
          "className": "province-border-shape bubbly-neon-province-border",
          "cssClass": "province-border-shape bubbly-neon-province-border",
          "fill": "none",
          "fillColor": "transparent",
          "fillOpacity": 0,
          "fill-opacity": 0,
          "stroke": "#00FFFF",
          "strokeColor": "#00FFFF",
          "strokeWidth": 12,
          "stroke-width": 12,
          "strokeOpacity": 1,
          "stroke-opacity": 1,
          "strokeLineJoin": "round",
          "stroke-linejoin": "round",
          "strokeLineCap": "round",
          "stroke-linecap": "round",
          "strokeDashArray": "none",
          "stroke-dasharray": "none",
          "paintOrder": "stroke",
          "paint-order": "stroke",
          "vectorEffect": "non-scaling-stroke",
          "vector-effect": "non-scaling-stroke",
          "pointerEvents": "stroke",
          "pointer-events": "stroke",
          "cursor": "pointer",
          "transition": "filter .18s ease, stroke-width .18s ease, stroke .18s ease, transform .18s ease",
          "transformBox": "fill-box",
          "transformOrigin": "center center",
          "dropShadow": "drop-shadow(0 0 4px rgba(255,255,255,.55)) drop-shadow(0 0 10px rgba(0,255,255,.78)) drop-shadow(0 0 24px rgba(0,255,255,.46)) drop-shadow(0 0 42px rgba(0,255,255,.24))"
        },
        "hoverStyle": {
          "stroke": "#EFFFFF",
          "strokeColor": "#EFFFFF",
          "strokeWidth": 13,
          "stroke-width": 13,
          "fill": "none",
          "fillColor": "transparent",
          "fillOpacity": 0,
          "fill-opacity": 0,
          "transform": "scale(1.0025)",
          "dropShadow": "drop-shadow(0 0 6px rgba(255,255,255,.70)) drop-shadow(0 0 14px rgba(0,255,255,.95)) drop-shadow(0 0 30px rgba(0,255,255,.62)) drop-shadow(0 0 52px rgba(0,255,255,.34))"
        },
        "renderStyle": {
          "source": "player-map.css :: #provinceOverlay .province-border-shape",
          "className": "province-border-shape bubbly-neon-province-border",
          "cssClass": "province-border-shape bubbly-neon-province-border",
          "fill": "none",
          "fillColor": "transparent",
          "fillOpacity": 0,
          "fill-opacity": 0,
          "stroke": "#00FFFF",
          "strokeColor": "#00FFFF",
          "strokeWidth": 12,
          "stroke-width": 12,
          "strokeOpacity": 1,
          "stroke-opacity": 1,
          "strokeLineJoin": "round",
          "stroke-linejoin": "round",
          "strokeLineCap": "round",
          "stroke-linecap": "round",
          "strokeDashArray": "none",
          "stroke-dasharray": "none",
          "paintOrder": "stroke",
          "paint-order": "stroke",
          "vectorEffect": "non-scaling-stroke",
          "vector-effect": "non-scaling-stroke",
          "pointerEvents": "stroke",
          "pointer-events": "stroke",
          "cursor": "pointer",
          "transition": "filter .18s ease, stroke-width .18s ease, stroke .18s ease, transform .18s ease",
          "transformBox": "fill-box",
          "transformOrigin": "center center",
          "dropShadow": "drop-shadow(0 0 4px rgba(255,255,255,.55)) drop-shadow(0 0 10px rgba(0,255,255,.78)) drop-shadow(0 0 24px rgba(0,255,255,.46)) drop-shadow(0 0 42px rgba(0,255,255,.24))"
        },
        "renderHoverStyle": {
          "stroke": "#EFFFFF",
          "strokeColor": "#EFFFFF",
          "strokeWidth": 13,
          "stroke-width": 13,
          "fill": "none",
          "fillColor": "transparent",
          "fillOpacity": 0,
          "fill-opacity": 0,
          "transform": "scale(1.0025)",
          "dropShadow": "drop-shadow(0 0 6px rgba(255,255,255,.70)) drop-shadow(0 0 14px rgba(0,255,255,.95)) drop-shadow(0 0 30px rgba(0,255,255,.62)) drop-shadow(0 0 52px rgba(0,255,255,.34))"
        },
        "strokeWidth": 7,
        "strokeOpacity": 0.97,
        "lineCap": "round",
        "lineJoin": "round",
        "glowColor": "#7FB069",
        "glowBlur": 14,
        "waveStyle": "organic-rounded-wavy"
      },
      "geometry": {
        "type": "Polygon",
        "coordinates": [
          [
            [
              1468.675983,
              617.302882
            ],
            [
              1480.17853,
              614.789807
            ],
            [
              1493.107484,
              615.533813
            ],
            [
              1507.494648,
              619.528648
            ],
            [
              1523.314971,
              626.859544
            ],
            [
              1540.562128,
              637.500217
            ],
            [
              1551.453849,
              647.529724
            ],
            [
              1555.978989,
              657.002392
            ],
            [
              1554.075183,
              665.922968
            ],
            [
              1545.800043,
              674.286491
            ],
            [
              1538.049842,
              682.549695
            ],
            [
              1530.770328,
              690.64813
            ],
            [
              1523.946127,
              698.571896
            ],
            [
              1517.645246,
              706.377886
            ],
            [
              1511.336095,
              713.801925
            ],
            [
              1504.95484,
              720.789846
            ],
            [
              1498.531652,
              727.364823
            ],
            [
              1492.117652,
              733.580623
            ],
            [
              1486.051995,
              739.462975
            ],
            [
              1480.29769,
              744.971782
            ],
            [
              1474.907809,
              750.162082
            ],
            [
              1469.903529,
              755.05345
            ],
            [
              1460.15242,
              761.841115
            ],
            [
              1445.659822,
              770.516586
            ],
            [
              1426.470421,
              781.154062
            ],
            [
              1402.569509,
              793.732501
            ],
            [
              1383.222024,
              805.035762
            ],
            [
              1368.449127,
              815.111473
            ],
            [
              1358.291633,
              824.010554
            ],
            [
              1352.714379,
              831.671376
            ],
            [
              1348.012884,
              836.07508
            ],
            [
              1344.270592,
              837.287672
            ],
            [
              1341.402642,
              835.356065
            ],
            [
              1339.42759,
              830.169074
            ],
            [
              1338.068192,
              823.016187
            ],
            [
              1337.24477,
              813.911778
            ],
            [
              1336.998114,
              802.845113
            ],
            [
              1337.400571,
              789.817217
            ],
            [
              1335.558699,
              776.524495
            ],
            [
              1331.423175,
              762.987869
            ],
            [
              1325.07094,
              749.190801
            ],
            [
              1316.524254,
              735.118999
            ],
            [
              1312.428744,
              720.263107
            ],
            [
              1312.773288,
              704.588076
            ],
            [
              1317.645302,
              688.097269
            ],
            [
              1327.013044,
              670.803137
            ],
            [
              1337.503095,
              657.049245
            ],
            [
              1349.16922,
              646.855728
            ],
            [
              1362.040056,
              640.279351
            ],
            [
              1376.075995,
              637.261736
            ],
            [
              1389.99007,
              634.229323
            ],
            [
              1403.795586,
              631.266793
            ],
            [
              1417.494696,
              628.384655
            ],
            [
              1431.068951,
              625.496187
            ],
            [
              1444.119031,
              622.663523
            ],
            [
              1456.662059,
              619.966306
            ],
            [
              1468.675983,
              617.302882
            ]
          ]
        ]
      }
    },
    {
      "type": "Feature",
      "properties": {
        "province": "Virelport",
        "name": "Virelport",
        "provinceName": "Virelport",
        "provinceKey": "virelport",
        "governmentType": "City-State League",
        "government": "City-State League",
        "overallPopulation": 41250000,
        "population": 41250000,
        "squareMiles": 1914249,
        "squareKilometers": 4957882.15,
        "centerLat": 74.86083585844578,
        "centerLon": 82.97822989219776,
        "centerPointCoordinates": {
          "x": 1496.0539300533917,
          "y": 86.12502267195289,
          "lat": 74.86083585844578,
          "lon": 82.97822989219776,
          "latitude": 74.86083585844578,
          "longitude": 82.97822989219776
        },
        "color": "#4361EE",
        "borderColor": "#4361EE",
        "borderOpacity": 1,
        "borderWidth": 7,
        "borderVisible": false,
        "settlementScan": null,
        "featureKind": "province-border",
        "coordinateSpace": "Belavados map pixels",
        "provinceIndex": 24,
        "settlementCount": 9,
        "scannerDominantBiome": "Beach and grass with water",
        "scannerBiomeTypes": [
          "Beach and grass with water",
          "Beach and reefs with water",
          "Partial forest"
        ],
        "scannerLandmarks": [
          "water",
          "mountain",
          "forest",
          "marsh",
          "island",
          "reef",
          "valley"
        ],
        "correctedBy": "Manual hexcode authority pass v4",
        "biomes": [
          "Beach and grass with water",
          "Beach and reefs with water",
          "Partial forest"
        ],
        "settlementBiomeSummary": {
          "Beach and grass with water": 8,
          "Beach and reefs with water": 4,
          "Partial forest": 3,
          "Deep forest": 2,
          "Ocean Surface floating settlement": 2,
          "Mountain range": 1,
          "Deep cavern": 1,
          "Farming": 1,
          "Underwater without reefs": 1
        },
        "factions": [
          {
            "id": "fac_crucible_wardens",
            "name": "The Crucible Wardens",
            "subtitle": "armored relic-wardens and rail marshals",
            "primarySeat": "Kharzund, Kharvathen",
            "atTableRole": "Use for armored technology control, relic seizures, rail convoy drama, and tense lawful patrons.",
            "publicFace": "Protect Belavados from uncontrolled inventions, divine-prison breaches, unstable constructs, and black-market relic trafficking.",
            "hiddenTeeth": "Their containment laws can become prejudice against created peoples, awakened machines, and souls housed in engineered bodies.",
            "patrons": [
              "Marduthor",
              "Setrimir",
              "Nebyrr",
              "Valkhamesh",
              "Nefarokir"
            ],
            "alignmentTendency": {
              "Altruism": 1600,
              "Lawfulness": 2600,
              "Cooperation": 1300,
              "Honor": 1900
            },
            "riskModifier": 0.7
          }
        ],
        "associatedFactions": [
          "The Crucible Wardens"
        ],
        "borderLocked": true,
        "anchorsVisibleToPlayers": false,
        "playerEditable": false,
        "coordinateLines": {
          "coordinateLineRevision": "named meridians/parallels + realm-geometric UTC offset pass",
          "coordinateLineRevisionDateUTC": "2026-07-05",
          "longitudeLatitudeSource": "feature lon/lat properties or converted equirectangular source coordinates",
          "nearestNamedMeridian": {
            "longitude": 90.0,
            "line": "90° E",
            "name": "Ishtanora's Hrealm Meridian",
            "distanceDegrees": 7.02177
          },
          "nearestNamedParallel": {
            "latitude": 60.0,
            "line": "60° N",
            "name": "Fleysetl's Northern Underworld Gate",
            "distanceDegrees": 14.860836
          },
          "namedLongitudeBand": {
            "westLongitude": 60.0,
            "westLine": "60° E",
            "westName": "Sokhivar's Sunroad Meridian",
            "eastLongitude": 90.0,
            "eastLine": "90° E",
            "eastName": "Ishtanora's Hrealm Meridian",
            "bandName": "Sokhivar's Sunroad Meridian to Ishtanora's Hrealm Meridian",
            "spanDegrees": 30.0,
            "wrapsAntimeridian": false
          },
          "namedLatitudeBand": {
            "northLatitude": 90.0,
            "northLine": "North Pole",
            "northName": "North Pole",
            "southLatitude": 60.0,
            "southLine": "60° N",
            "southName": "Fleysetl's Northern Underworld Gate",
            "bandName": "North Pole to Fleysetl's Northern Underworld Gate",
            "spanDegrees": 30.0
          },
          "utcTimeZone": {
            "utcOffset": "UTC+06:00",
            "utcOffsetCompact": "UTC+6",
            "utcOffsetHours": 6,
            "utcOffsetMinutes": 360,
            "zoneWidthDegrees": 15,
            "assignmentMethod": "geometric longitude band, 15° per hour, centered on 0° UTC",
            "notes": "This is realm-geometric UTC offset math by longitude, not political/IANA time-zone boundary data."
          }
        },
        "primaryUTC": "UTC+06:00",
        "utcOffset": "UTC+06:00",
        "utcOffsetCompact": "UTC+6",
        "utcOffsetHours": 6,
        "utcOffsetMinutes": 360,
        "nearestMeridianName": "Ishtanora's Hrealm Meridian",
        "nearestMeridianLine": "90° E",
        "nearestParallelName": "Fleysetl's Northern Underworld Gate",
        "nearestParallelLine": "60° N",
        "geometryCoordinateSpace": "original 2048x1024 equirectangular map pixels; use borders_wgs84.geojson for standard lon/lat geometry",
        "wgs84GeometryFile": "borders_wgs84.geojson",
        "landmarkAtlas": {
          "source": "Life In The World Of Belavadös.docx geography tables",
          "water": {
            "namedRiverDeltaCanalLake": "Virelport Sailroad Sea",
            "namedBayGulfSeaSound": "Virelport Open Gulf",
            "feedingTerrain": "Beach and grass with water; Beach and reefs with water; Partial forest"
          },
          "land": {
            "mountainRangeHighland": "Virelport Dockcliffs",
            "volcanoVentCaldera": "Harborfire Vent",
            "forestSwampLandmark": "Saltmarket Palms"
          },
          "climate": {
            "climateBelt": "Sunbelt reef-wet belt",
            "dominantTerrain": "Beach and grass with water; Beach and reefs with water; Partial forest",
            "namedWeather": "Port-Mast Squalls",
            "verticalNote": "highest settled weather band 1200 m; deepest recorded route 6200 m",
            "highestSettledWeatherBandMeters": 1200,
            "deepestRecordedRouteMeters": 6200
          },
          "governanceTransit": {
            "government": "City-State League",
            "population": "41,250,000",
            "coreBiomes": "Beach and grass with water; Beach and reefs with water; Partial forest",
            "transitGroup": "Central Northern Transit Group",
            "surfaceShare": "1.734889205%"
          },
          "layerRefs": [
            "province_landmarks_3d.geojson",
            "water_landmarks_3d.geojson",
            "land_landmarks_3d.geojson",
            "weather_landmarks_3d.geojson",
            "vertical_landmarks_3d.geojson"
          ]
        },
        "enrichedAtUtc": "2026-07-06T22:31:22+00:00",
        "visibleByDefault": true,
        "showWhenProvinceSelected": true,
        "hideUntilProvinceDropdownSelection": true,
        "visibilityRule": "Hidden by default; reveal province border and pins only when this province is selected from dropdown.",
        "updatedAtUtc": "2026-07-07T06:30:07+00:00",
        "originalProvinceColorBeforePlayerMapStyle": "#FFD700",
        "originalBorderColorBeforePlayerMapStyle": "#FFD700",
        "originalBorderWidthBeforePlayerMapStyle": 8,
        "originalBorderOpacityBeforePlayerMapStyle": 0.25,
        "fillColor": "transparent",
        "fillOpacity": 0.035,
        "stroke": "#4361EE",
        "stroke-width": 12,
        "stroke-opacity": 1,
        "fill": "transparent",
        "fill-opacity": 0,
        "className": "province-border-shape bubbly-neon-province-border",
        "cssClass": "province-border-shape bubbly-neon-province-border",
        "mapLayerClass": "province-border-layer",
        "playerMapStyleApplied": true,
        "playerMapStyleSource": "player-map.css",
        "style": {
          "source": "player-map.css :: #provinceOverlay .province-border-shape",
          "className": "province-border-shape bubbly-neon-province-border",
          "cssClass": "province-border-shape bubbly-neon-province-border",
          "fill": "none",
          "fillColor": "transparent",
          "fillOpacity": 0,
          "fill-opacity": 0,
          "stroke": "#00FFFF",
          "strokeColor": "#00FFFF",
          "strokeWidth": 12,
          "stroke-width": 12,
          "strokeOpacity": 1,
          "stroke-opacity": 1,
          "strokeLineJoin": "round",
          "stroke-linejoin": "round",
          "strokeLineCap": "round",
          "stroke-linecap": "round",
          "strokeDashArray": "none",
          "stroke-dasharray": "none",
          "paintOrder": "stroke",
          "paint-order": "stroke",
          "vectorEffect": "non-scaling-stroke",
          "vector-effect": "non-scaling-stroke",
          "pointerEvents": "stroke",
          "pointer-events": "stroke",
          "cursor": "pointer",
          "transition": "filter .18s ease, stroke-width .18s ease, stroke .18s ease, transform .18s ease",
          "transformBox": "fill-box",
          "transformOrigin": "center center",
          "dropShadow": "drop-shadow(0 0 4px rgba(255,255,255,.55)) drop-shadow(0 0 10px rgba(0,255,255,.78)) drop-shadow(0 0 24px rgba(0,255,255,.46)) drop-shadow(0 0 42px rgba(0,255,255,.24))"
        },
        "hoverStyle": {
          "stroke": "#EFFFFF",
          "strokeColor": "#EFFFFF",
          "strokeWidth": 13,
          "stroke-width": 13,
          "fill": "none",
          "fillColor": "transparent",
          "fillOpacity": 0,
          "fill-opacity": 0,
          "transform": "scale(1.0025)",
          "dropShadow": "drop-shadow(0 0 6px rgba(255,255,255,.70)) drop-shadow(0 0 14px rgba(0,255,255,.95)) drop-shadow(0 0 30px rgba(0,255,255,.62)) drop-shadow(0 0 52px rgba(0,255,255,.34))"
        },
        "renderStyle": {
          "source": "player-map.css :: #provinceOverlay .province-border-shape",
          "className": "province-border-shape bubbly-neon-province-border",
          "cssClass": "province-border-shape bubbly-neon-province-border",
          "fill": "none",
          "fillColor": "transparent",
          "fillOpacity": 0,
          "fill-opacity": 0,
          "stroke": "#00FFFF",
          "strokeColor": "#00FFFF",
          "strokeWidth": 12,
          "stroke-width": 12,
          "strokeOpacity": 1,
          "stroke-opacity": 1,
          "strokeLineJoin": "round",
          "stroke-linejoin": "round",
          "strokeLineCap": "round",
          "stroke-linecap": "round",
          "strokeDashArray": "none",
          "stroke-dasharray": "none",
          "paintOrder": "stroke",
          "paint-order": "stroke",
          "vectorEffect": "non-scaling-stroke",
          "vector-effect": "non-scaling-stroke",
          "pointerEvents": "stroke",
          "pointer-events": "stroke",
          "cursor": "pointer",
          "transition": "filter .18s ease, stroke-width .18s ease, stroke .18s ease, transform .18s ease",
          "transformBox": "fill-box",
          "transformOrigin": "center center",
          "dropShadow": "drop-shadow(0 0 4px rgba(255,255,255,.55)) drop-shadow(0 0 10px rgba(0,255,255,.78)) drop-shadow(0 0 24px rgba(0,255,255,.46)) drop-shadow(0 0 42px rgba(0,255,255,.24))"
        },
        "renderHoverStyle": {
          "stroke": "#EFFFFF",
          "strokeColor": "#EFFFFF",
          "strokeWidth": 13,
          "stroke-width": 13,
          "fill": "none",
          "fillColor": "transparent",
          "fillOpacity": 0,
          "fill-opacity": 0,
          "transform": "scale(1.0025)",
          "dropShadow": "drop-shadow(0 0 6px rgba(255,255,255,.70)) drop-shadow(0 0 14px rgba(0,255,255,.95)) drop-shadow(0 0 30px rgba(0,255,255,.62)) drop-shadow(0 0 52px rgba(0,255,255,.34))"
        },
        "strokeWidth": 7,
        "strokeOpacity": 0.97,
        "lineCap": "round",
        "lineJoin": "round",
        "glowColor": "#4361EE",
        "glowBlur": 14,
        "waveStyle": "organic-rounded-wavy"
      },
      "geometry": {
        "type": "Polygon",
        "coordinates": [
          [
            [
              1510.976753,
              5.506447
            ],
            [
              1561.420657,
              5.795426
            ],
            [
              1603.828661,
              10.664547
            ],
            [
              1638.19835,
              20.043555
            ],
            [
              1664.556684,
              33.892506
            ],
            [
              1682.87595,
              52.288238
            ],
            [
              1693.154293,
              67.435495
            ],
            [
              1695.468892,
              79.265548
            ],
            [
              1689.831479,
              87.852995
            ],
            [
              1676.148727,
              93.16627
            ],
            [
              1663.043618,
              98.181611
            ],
            [
              1650.547295,
              102.963936
            ],
            [
              1638.63768,
              107.456277
            ],
            [
              1627.294162,
              111.607114
            ],
            [
              1615.888331,
              116.951118
            ],
            [
              1604.440291,
              123.511044
            ],
            [
              1592.907801,
              131.210902
            ],
            [
              1581.283029,
              140.053546
            ],
            [
              1571.99628,
              148.179644
            ],
            [
              1565.037503,
              155.566
            ],
            [
              1560.345971,
              162.164395
            ],
            [
              1557.974182,
              167.988877
            ],
            [
              1549.028769,
              173.896533
            ],
            [
              1533.438713,
              179.849862
            ],
            [
              1511.208921,
              185.796139
            ],
            [
              1482.365597,
              191.81335
            ],
            [
              1459.277782,
              194.535467
            ],
            [
              1441.934471,
              193.87408
            ],
            [
              1430.362594,
              189.848188
            ],
            [
              1424.516388,
              182.531093
            ],
            [
              1419.78171,
              176.066328
            ],
            [
              1416.228252,
              170.425122
            ],
            [
              1413.805923,
              165.64861
            ],
            [
              1412.461156,
              161.746904
            ],
            [
              1410.366366,
              158.132064
            ],
            [
              1407.538266,
              154.786089
            ],
            [
              1403.910165,
              151.765557
            ],
            [
              1399.497192,
              149.080421
            ],
            [
              1390.885273,
              145.058501
            ],
            [
              1378.054166,
              139.719984
            ],
            [
              1360.975642,
              133.135864
            ],
            [
              1339.670446,
              125.255676
            ],
            [
              1323.655666,
              117.670656
            ],
            [
              1312.908469,
              110.452209
            ],
            [
              1307.392506,
              103.624218
            ],
            [
              1307.160209,
              97.125513
            ],
            [
              1310.494475,
              88.191681
            ],
            [
              1317.315526,
              76.790481
            ],
            [
              1327.645593,
              62.917639
            ],
            [
              1341.547281,
              46.627674
            ],
            [
              1356.536331,
              33.353173
            ],
            [
              1372.576381,
              23.034711
            ],
            [
              1389.714832,
              15.7213
            ],
            [
              1407.957861,
              11.464801
            ],
            [
              1434.245859,
              8.336906
            ],
            [
              1468.583987,
              6.315008
            ],
            [
              1510.976753,
              5.506447
            ]
          ]
        ]
      }
    },
    {
      "type": "Feature",
      "properties": {
        "province": "Vuelmora",
        "name": "Vuelmora",
        "provinceName": "Vuelmora",
        "provinceKey": "vuelmora",
        "governmentType": "Cooperative Commonwealth",
        "government": "Cooperative Commonwealth",
        "overallPopulation": 82389000,
        "population": 82389000,
        "squareMiles": 3749984,
        "squareKilometers": 9712413.97,
        "centerLat": -17.702743876944282,
        "centerLon": 108.94970449061259,
        "centerPointCoordinates": {
          "x": 1643.802763324374,
          "y": 612.7089429443942,
          "lat": -17.702743876944282,
          "lon": 108.94970449061259,
          "latitude": -17.702743876944282,
          "longitude": 108.94970449061259
        },
        "color": "#3A86FF",
        "borderColor": "#3A86FF",
        "borderOpacity": 1,
        "borderWidth": 7,
        "borderVisible": false,
        "settlementScan": null,
        "featureKind": "province-border",
        "coordinateSpace": "Belavados map pixels",
        "provinceIndex": 25,
        "settlementCount": 8,
        "scannerDominantBiome": "Farming",
        "scannerBiomeTypes": [
          "Farming",
          "Grassland",
          "Partial forest"
        ],
        "scannerLandmarks": [
          "mountain",
          "marsh",
          "forest",
          "island",
          "grassland",
          "desert"
        ],
        "correctedBy": "Manual hexcode authority pass v4",
        "biomes": [
          "Farming",
          "Grassland",
          "Partial forest"
        ],
        "settlementBiomeSummary": {
          "Farming": 8,
          "Grassland": 7,
          "Partial forest": 6,
          "Beach and grass with water": 1,
          "Deep forest": 1,
          "Hybrid tree and forest floor": 1
        },
        "factions": [
          {
            "id": "fac_glasswell_institute",
            "name": "The Glasswell Institute",
            "subtitle": "arcane-science corporation and test-chamber bureaucracy",
            "primarySeat": "Gildri, Ceulrithan",
            "atTableRole": "Use for dark comedy, puzzle dungeons, consent-waiver horror, scientific corruption, and polite villains with excellent stationery.",
            "publicFace": "Solve plague, famine, transit safety, magical instability, and portal stress through regulated experimentation.",
            "hiddenTeeth": "Its basements hide forced replacement, consciousness transfer, loyalty conditioning, personhood theft, and pure-ichor memory studies.",
            "patrons": [
              "Setrimir",
              "Raeshkul",
              "Oskar'enlil",
              "Marduthor",
              "Thoryn-Rahek"
            ],
            "alignmentTendency": {
              "Altruism": 1100,
              "Lawfulness": 2400,
              "Cooperation": 1200,
              "Honor": 700
            },
            "riskModifier": 1.1
          }
        ],
        "associatedFactions": [
          "The Glasswell Institute"
        ],
        "borderLocked": true,
        "anchorsVisibleToPlayers": false,
        "playerEditable": false,
        "coordinateLines": {
          "coordinateLineRevision": "named meridians/parallels + realm-geometric UTC offset pass",
          "coordinateLineRevisionDateUTC": "2026-07-05",
          "longitudeLatitudeSource": "feature lon/lat properties or converted equirectangular source coordinates",
          "nearestNamedMeridian": {
            "longitude": 120.0,
            "line": "120° E",
            "name": "Marduthor's Deepforge Meridian",
            "distanceDegrees": 11.050296
          },
          "nearestNamedParallel": {
            "latitude": -30.0,
            "line": "30° S",
            "name": "Bastveg's Deepwater Passage",
            "distanceDegrees": 12.297256
          },
          "namedLongitudeBand": {
            "westLongitude": 90.0,
            "westLine": "90° E",
            "westName": "Ishtanora's Hrealm Meridian",
            "eastLongitude": 120.0,
            "eastLine": "120° E",
            "eastName": "Marduthor's Deepforge Meridian",
            "bandName": "Ishtanora's Hrealm Meridian to Marduthor's Deepforge Meridian",
            "spanDegrees": 30.0,
            "wrapsAntimeridian": false
          },
          "namedLatitudeBand": {
            "northLatitude": 0.0,
            "northLine": "0°",
            "northName": "Equator",
            "southLatitude": -30.0,
            "southLine": "30° S",
            "southName": "Bastveg's Deepwater Passage",
            "bandName": "Equator to Bastveg's Deepwater Passage",
            "spanDegrees": 30.0
          },
          "utcTimeZone": {
            "utcOffset": "UTC+07:00",
            "utcOffsetCompact": "UTC+7",
            "utcOffsetHours": 7,
            "utcOffsetMinutes": 420,
            "zoneWidthDegrees": 15,
            "assignmentMethod": "geometric longitude band, 15° per hour, centered on 0° UTC",
            "notes": "This is realm-geometric UTC offset math by longitude, not political/IANA time-zone boundary data."
          }
        },
        "primaryUTC": "UTC+07:00",
        "utcOffset": "UTC+07:00",
        "utcOffsetCompact": "UTC+7",
        "utcOffsetHours": 7,
        "utcOffsetMinutes": 420,
        "nearestMeridianName": "Marduthor's Deepforge Meridian",
        "nearestMeridianLine": "120° E",
        "nearestParallelName": "Bastveg's Deepwater Passage",
        "nearestParallelLine": "30° S",
        "geometryCoordinateSpace": "original 2048x1024 equirectangular map pixels; use borders_wgs84.geojson for standard lon/lat geometry",
        "wgs84GeometryFile": "borders_wgs84.geojson",
        "landmarkAtlas": {
          "source": "Life In The World Of Belavadös.docx geography tables",
          "water": {
            "namedRiverDeltaCanalLake": "Vuelmora Bluehook Lagoon",
            "namedBayGulfSeaSound": "Vuelmora Outer Bay",
            "feedingTerrain": "Farming; Grassland; Partial forest"
          },
          "land": {
            "mountainRangeHighland": "Vuelmora Hookback Hills",
            "volcanoVentCaldera": "Hookglass Vent",
            "forestSwampLandmark": "Bluehook Grove"
          },
          "climate": {
            "climateBelt": "Sunbelt reef-wet belt",
            "dominantTerrain": "Farming; Grassland; Partial forest",
            "namedWeather": "Bluehook Tide Fog",
            "verticalNote": "highest settled weather band 220 m; deepest recorded route 180 m",
            "highestSettledWeatherBandMeters": 220,
            "deepestRecordedRouteMeters": 180
          },
          "governanceTransit": {
            "government": "Cooperative Commonwealth",
            "population": "82,389,000",
            "coreBiomes": "Farming; Grassland; Partial forest",
            "transitGroup": "Far Eastern South-Mid Transit Group",
            "surfaceShare": "3.460130128%"
          },
          "layerRefs": [
            "province_landmarks_3d.geojson",
            "water_landmarks_3d.geojson",
            "land_landmarks_3d.geojson",
            "weather_landmarks_3d.geojson",
            "vertical_landmarks_3d.geojson"
          ]
        },
        "enrichedAtUtc": "2026-07-06T22:31:22+00:00",
        "visibleByDefault": true,
        "showWhenProvinceSelected": true,
        "hideUntilProvinceDropdownSelection": true,
        "visibilityRule": "Hidden by default; reveal province border and pins only when this province is selected from dropdown.",
        "updatedAtUtc": "2026-07-07T06:30:07+00:00",
        "originalProvinceColorBeforePlayerMapStyle": "#8B4513",
        "originalBorderColorBeforePlayerMapStyle": "#8B4513",
        "originalBorderWidthBeforePlayerMapStyle": 8,
        "originalBorderOpacityBeforePlayerMapStyle": 0.25,
        "fillColor": "transparent",
        "fillOpacity": 0.035,
        "stroke": "#3A86FF",
        "stroke-width": 12,
        "stroke-opacity": 1,
        "fill": "transparent",
        "fill-opacity": 0,
        "className": "province-border-shape bubbly-neon-province-border",
        "cssClass": "province-border-shape bubbly-neon-province-border",
        "mapLayerClass": "province-border-layer",
        "playerMapStyleApplied": true,
        "playerMapStyleSource": "player-map.css",
        "style": {
          "source": "player-map.css :: #provinceOverlay .province-border-shape",
          "className": "province-border-shape bubbly-neon-province-border",
          "cssClass": "province-border-shape bubbly-neon-province-border",
          "fill": "none",
          "fillColor": "transparent",
          "fillOpacity": 0,
          "fill-opacity": 0,
          "stroke": "#00FFFF",
          "strokeColor": "#00FFFF",
          "strokeWidth": 12,
          "stroke-width": 12,
          "strokeOpacity": 1,
          "stroke-opacity": 1,
          "strokeLineJoin": "round",
          "stroke-linejoin": "round",
          "strokeLineCap": "round",
          "stroke-linecap": "round",
          "strokeDashArray": "none",
          "stroke-dasharray": "none",
          "paintOrder": "stroke",
          "paint-order": "stroke",
          "vectorEffect": "non-scaling-stroke",
          "vector-effect": "non-scaling-stroke",
          "pointerEvents": "stroke",
          "pointer-events": "stroke",
          "cursor": "pointer",
          "transition": "filter .18s ease, stroke-width .18s ease, stroke .18s ease, transform .18s ease",
          "transformBox": "fill-box",
          "transformOrigin": "center center",
          "dropShadow": "drop-shadow(0 0 4px rgba(255,255,255,.55)) drop-shadow(0 0 10px rgba(0,255,255,.78)) drop-shadow(0 0 24px rgba(0,255,255,.46)) drop-shadow(0 0 42px rgba(0,255,255,.24))"
        },
        "hoverStyle": {
          "stroke": "#EFFFFF",
          "strokeColor": "#EFFFFF",
          "strokeWidth": 13,
          "stroke-width": 13,
          "fill": "none",
          "fillColor": "transparent",
          "fillOpacity": 0,
          "fill-opacity": 0,
          "transform": "scale(1.0025)",
          "dropShadow": "drop-shadow(0 0 6px rgba(255,255,255,.70)) drop-shadow(0 0 14px rgba(0,255,255,.95)) drop-shadow(0 0 30px rgba(0,255,255,.62)) drop-shadow(0 0 52px rgba(0,255,255,.34))"
        },
        "renderStyle": {
          "source": "player-map.css :: #provinceOverlay .province-border-shape",
          "className": "province-border-shape bubbly-neon-province-border",
          "cssClass": "province-border-shape bubbly-neon-province-border",
          "fill": "none",
          "fillColor": "transparent",
          "fillOpacity": 0,
          "fill-opacity": 0,
          "stroke": "#00FFFF",
          "strokeColor": "#00FFFF",
          "strokeWidth": 12,
          "stroke-width": 12,
          "strokeOpacity": 1,
          "stroke-opacity": 1,
          "strokeLineJoin": "round",
          "stroke-linejoin": "round",
          "strokeLineCap": "round",
          "stroke-linecap": "round",
          "strokeDashArray": "none",
          "stroke-dasharray": "none",
          "paintOrder": "stroke",
          "paint-order": "stroke",
          "vectorEffect": "non-scaling-stroke",
          "vector-effect": "non-scaling-stroke",
          "pointerEvents": "stroke",
          "pointer-events": "stroke",
          "cursor": "pointer",
          "transition": "filter .18s ease, stroke-width .18s ease, stroke .18s ease, transform .18s ease",
          "transformBox": "fill-box",
          "transformOrigin": "center center",
          "dropShadow": "drop-shadow(0 0 4px rgba(255,255,255,.55)) drop-shadow(0 0 10px rgba(0,255,255,.78)) drop-shadow(0 0 24px rgba(0,255,255,.46)) drop-shadow(0 0 42px rgba(0,255,255,.24))"
        },
        "renderHoverStyle": {
          "stroke": "#EFFFFF",
          "strokeColor": "#EFFFFF",
          "strokeWidth": 13,
          "stroke-width": 13,
          "fill": "none",
          "fillColor": "transparent",
          "fillOpacity": 0,
          "fill-opacity": 0,
          "transform": "scale(1.0025)",
          "dropShadow": "drop-shadow(0 0 6px rgba(255,255,255,.70)) drop-shadow(0 0 14px rgba(0,255,255,.95)) drop-shadow(0 0 30px rgba(0,255,255,.62)) drop-shadow(0 0 52px rgba(0,255,255,.34))"
        },
        "strokeWidth": 7,
        "strokeOpacity": 0.97,
        "lineCap": "round",
        "lineJoin": "round",
        "glowColor": "#3A86FF",
        "glowBlur": 14,
        "waveStyle": "organic-rounded-wavy"
      },
      "geometry": {
        "type": "Polygon",
        "coordinates": [
          [
            [
              1642.901894,
              496.793127
            ],
            [
              1654.893154,
              499.552316
            ],
            [
              1665.39911,
              504.464564
            ],
            [
              1674.380524,
              511.584268
            ],
            [
              1681.868914,
              520.850438
            ],
            [
              1687.912482,
              532.255925
            ],
            [
              1695.35149,
              541.940516
            ],
            [
              1704.177468,
              549.922074
            ],
            [
              1714.450249,
              556.136547
            ],
            [
              1726.147743,
              560.58241
            ],
            [
              1733.517198,
              565.274768
            ],
            [
              1736.558615,
              570.148196
            ],
            [
              1735.370101,
              575.195919
            ],
            [
              1729.87457,
              580.484957
            ],
            [
              1725.967644,
              586.279781
            ],
            [
              1723.71862,
              592.623684
            ],
            [
              1723.165831,
              599.498381
            ],
            [
              1724.220673,
              606.884907
            ],
            [
              1724.318912,
              615.455267
            ],
            [
              1723.547089,
              625.214842
            ],
            [
              1721.877904,
              636.169828
            ],
            [
              1719.232416,
              648.304173
            ],
            [
              1716.716233,
              659.445458
            ],
            [
              1714.391267,
              669.607993
            ],
            [
              1712.189312,
              678.776529
            ],
            [
              1710.072791,
              686.937572
            ],
            [
              1706.789729,
              695.01395
            ],
            [
              1702.348849,
              703.026299
            ],
            [
              1696.673146,
              710.932542
            ],
            [
              1689.800304,
              718.717116
            ],
            [
              1677.793518,
              719.710844
            ],
            [
              1660.574223,
              713.878234
            ],
            [
              1638.198148,
              701.144608
            ],
            [
              1610.647412,
              681.56742
            ],
            [
              1585.608227,
              664.221019
            ],
            [
              1563.127669,
              649.041291
            ],
            [
              1543.219031,
              636.005533
            ],
            [
              1525.836378,
              625.18865
            ],
            [
              1515.476945,
              616.686685
            ],
            [
              1512.197907,
              610.452034
            ],
            [
              1515.933227,
              606.554241
            ],
            [
              1526.704941,
              604.859273
            ],
            [
              1537.537589,
              601.052898
            ],
            [
              1548.442005,
              595.194076
            ],
            [
              1559.391375,
              587.215945
            ],
            [
              1570.353223,
              577.097471
            ],
            [
              1581.530532,
              567.088061
            ],
            [
              1592.932811,
              557.195117
            ],
            [
              1604.502622,
              547.352782
            ],
            [
              1616.252291,
              537.573435
            ],
            [
              1624.53725,
              528.372386
            ],
            [
              1629.334959,
              519.703021
            ],
            [
              1630.572317,
              511.54477
            ],
            [
              1628.307785,
              503.948432
            ],
            [
              1629.645081,
              498.983872
            ],
            [
              1634.486783,
              496.604992
            ],
            [
              1642.901894,
              496.793127
            ]
          ]
        ]
      }
    },
    {
      "type": "Feature",
      "properties": {
        "province": "Zaltharuun",
        "name": "Zaltharuun",
        "provinceName": "Zaltharuun",
        "provinceKey": "zaltharuun",
        "governmentType": "Tribal Confederation",
        "government": "Tribal Confederation",
        "overallPopulation": 81309000,
        "population": 81309000,
        "squareMiles": 12120100,
        "squareKilometers": 31390914.9,
        "centerLat": -60.99507009207022,
        "centerLon": -104.77399838491516,
        "centerPointCoordinates": {
          "x": 427.95236474359376,
          "y": 858.9941765237772,
          "lat": -60.99507009207022,
          "lon": -104.77399838491516,
          "latitude": -60.99507009207022,
          "longitude": -104.77399838491516
        },
        "color": "#8338EC",
        "borderColor": "#8338EC",
        "borderOpacity": 1,
        "borderWidth": 7,
        "borderVisible": false,
        "settlementScan": null,
        "featureKind": "province-border",
        "coordinateSpace": "Belavados map pixels",
        "provinceIndex": 26,
        "settlementCount": 14,
        "scannerDominantBiome": "Beach and grass with water",
        "scannerBiomeTypes": [
          "Beach and grass with water",
          "Ocean Surface floating settlement",
          "Farming"
        ],
        "scannerLandmarks": [
          "water",
          "mountain"
        ],
        "correctedBy": "Manual hexcode authority pass v4",
        "biomes": [
          "Beach and grass with water",
          "Ocean Surface floating settlement",
          "Farming"
        ],
        "settlementBiomeSummary": {
          "Beach and grass with water": 7,
          "Ocean Surface floating settlement": 6,
          "Farming": 6,
          "Beach and reefs with water": 3,
          "Underwater without reefs": 3,
          "Partial forest": 3,
          "Hybrid tree and forest floor": 1,
          "Marshes and swamps": 1
        },
        "factions": [
          {
            "id": "fac_obsidian_diadem",
            "name": "The Obsidian Diadem",
            "subtitle": "fallen war-dominion and oath-bound imperial court",
            "primarySeat": "Sszaruun, Zal-tharuun",
            "atTableRole": "Use for authoritarian occupation, black skyship landings, military courts, and useful-but-terrifying antagonists.",
            "publicFace": "Bring security, punctual transit, monster containment, and unified law to fractured regions.",
            "hiddenTeeth": "Their order is built on fear-glamour, pure-ichor loyalty rites, stolen names, and conquered peoples pressured into service.",
            "patrons": [
              "Enkirael",
              "Freyseth",
              "Eirzunet",
              "Nebyrr",
              "Raeshkul"
            ],
            "alignmentTendency": {
              "Altruism": 700,
              "Lawfulness": 2600,
              "Cooperation": 900,
              "Honor": 800
            },
            "riskModifier": 1.6
          }
        ],
        "associatedFactions": [
          "The Obsidian Diadem"
        ],
        "borderLocked": true,
        "anchorsVisibleToPlayers": false,
        "playerEditable": false,
        "coordinateLines": {
          "coordinateLineRevision": "named meridians/parallels + realm-geometric UTC offset pass",
          "coordinateLineRevisionDateUTC": "2026-07-05",
          "longitudeLatitudeSource": "feature lon/lat properties or converted equirectangular source coordinates",
          "nearestNamedMeridian": {
            "longitude": -90.0,
            "line": "90° W",
            "name": "Eirzunet's Shadow Meridian",
            "distanceDegrees": 14.773998
          },
          "nearestNamedParallel": {
            "latitude": -65.0,
            "line": "65° S",
            "name": "Thoryn-Rahek's Southern Underworld Gate",
            "distanceDegrees": 4.00493
          },
          "namedLongitudeBand": {
            "westLongitude": -120.0,
            "westLine": "120° W",
            "westName": "Nefarokir's Funeral Meridian",
            "eastLongitude": -90.0,
            "eastLine": "90° W",
            "eastName": "Eirzunet's Shadow Meridian",
            "bandName": "Nefarokir's Funeral Meridian to Eirzunet's Shadow Meridian",
            "spanDegrees": 30.0,
            "wrapsAntimeridian": false
          },
          "namedLatitudeBand": {
            "northLatitude": -30.0,
            "northLine": "30° S",
            "northName": "Bastveg's Deepwater Passage",
            "southLatitude": -65.0,
            "southLine": "65° S",
            "southName": "Thoryn-Rahek's Southern Underworld Gate",
            "bandName": "Bastveg's Deepwater Passage to Thoryn-Rahek's Southern Underworld Gate",
            "spanDegrees": 35.0
          },
          "utcTimeZone": {
            "utcOffset": "UTC-07:00",
            "utcOffsetCompact": "UTC-7",
            "utcOffsetHours": -7,
            "utcOffsetMinutes": -420,
            "zoneWidthDegrees": 15,
            "assignmentMethod": "geometric longitude band, 15° per hour, centered on 0° UTC",
            "notes": "This is realm-geometric UTC offset math by longitude, not political/IANA time-zone boundary data."
          }
        },
        "primaryUTC": "UTC-07:00",
        "utcOffset": "UTC-07:00",
        "utcOffsetCompact": "UTC-7",
        "utcOffsetHours": -7,
        "utcOffsetMinutes": -420,
        "nearestMeridianName": "Eirzunet's Shadow Meridian",
        "nearestMeridianLine": "90° W",
        "nearestParallelName": "Thoryn-Rahek's Southern Underworld Gate",
        "nearestParallelLine": "65° S",
        "geometryCoordinateSpace": "original 2048x1024 equirectangular map pixels; use borders_wgs84.geojson for standard lon/lat geometry",
        "wgs84GeometryFile": "borders_wgs84.geojson",
        "landmarkAtlas": {
          "source": "Life In The World Of Belavadös.docx geography tables",
          "water": {
            "namedRiverDeltaCanalLake": "Zal’tharuun Abyssal River",
            "namedBayGulfSeaSound": "Zal’tharuun Blackwater Sea",
            "feedingTerrain": "Beach and grass with water; Ocean Surface floating settlement; Farming"
          },
          "land": {
            "mountainRangeHighland": "Zal’tharuun Ironribs",
            "volcanoVentCaldera": "Ironrind Caldera",
            "forestSwampLandmark": "Blackmoss Tangle"
          },
          "climate": {
            "climateBelt": "Sunbelt reef-wet belt",
            "dominantTerrain": "Beach and grass with water; Ocean Surface floating settlement; Farming",
            "namedWeather": "Blackwater Storm-Stack",
            "verticalNote": "highest settled weather band 180 m; deepest recorded route 6200 m",
            "highestSettledWeatherBandMeters": 180,
            "deepestRecordedRouteMeters": 6200
          },
          "governanceTransit": {
            "government": "Tribal Confederation",
            "population": "81,309,000",
            "coreBiomes": "Beach and grass with water; Ocean Surface floating settlement; Farming",
            "transitGroup": "Western South-Mid Transit Group",
            "surfaceShare": "5.465386718%"
          },
          "layerRefs": [
            "province_landmarks_3d.geojson",
            "water_landmarks_3d.geojson",
            "land_landmarks_3d.geojson",
            "weather_landmarks_3d.geojson",
            "vertical_landmarks_3d.geojson"
          ]
        },
        "enrichedAtUtc": "2026-07-06T22:31:22+00:00",
        "visibleByDefault": true,
        "showWhenProvinceSelected": true,
        "hideUntilProvinceDropdownSelection": true,
        "visibilityRule": "Hidden by default; reveal province border and pins only when this province is selected from dropdown.",
        "updatedAtUtc": "2026-07-07T06:30:07+00:00",
        "originalProvinceColorBeforePlayerMapStyle": "#7FFF00",
        "originalBorderColorBeforePlayerMapStyle": "#7FFF00",
        "originalBorderWidthBeforePlayerMapStyle": 8,
        "originalBorderOpacityBeforePlayerMapStyle": 0.25,
        "fillColor": "transparent",
        "fillOpacity": 0.035,
        "stroke": "#8338EC",
        "stroke-width": 12,
        "stroke-opacity": 1,
        "fill": "transparent",
        "fill-opacity": 0,
        "className": "province-border-shape bubbly-neon-province-border",
        "cssClass": "province-border-shape bubbly-neon-province-border",
        "mapLayerClass": "province-border-layer",
        "playerMapStyleApplied": true,
        "playerMapStyleSource": "player-map.css",
        "style": {
          "source": "player-map.css :: #provinceOverlay .province-border-shape",
          "className": "province-border-shape bubbly-neon-province-border",
          "cssClass": "province-border-shape bubbly-neon-province-border",
          "fill": "none",
          "fillColor": "transparent",
          "fillOpacity": 0,
          "fill-opacity": 0,
          "stroke": "#00FFFF",
          "strokeColor": "#00FFFF",
          "strokeWidth": 12,
          "stroke-width": 12,
          "strokeOpacity": 1,
          "stroke-opacity": 1,
          "strokeLineJoin": "round",
          "stroke-linejoin": "round",
          "strokeLineCap": "round",
          "stroke-linecap": "round",
          "strokeDashArray": "none",
          "stroke-dasharray": "none",
          "paintOrder": "stroke",
          "paint-order": "stroke",
          "vectorEffect": "non-scaling-stroke",
          "vector-effect": "non-scaling-stroke",
          "pointerEvents": "stroke",
          "pointer-events": "stroke",
          "cursor": "pointer",
          "transition": "filter .18s ease, stroke-width .18s ease, stroke .18s ease, transform .18s ease",
          "transformBox": "fill-box",
          "transformOrigin": "center center",
          "dropShadow": "drop-shadow(0 0 4px rgba(255,255,255,.55)) drop-shadow(0 0 10px rgba(0,255,255,.78)) drop-shadow(0 0 24px rgba(0,255,255,.46)) drop-shadow(0 0 42px rgba(0,255,255,.24))"
        },
        "hoverStyle": {
          "stroke": "#EFFFFF",
          "strokeColor": "#EFFFFF",
          "strokeWidth": 13,
          "stroke-width": 13,
          "fill": "none",
          "fillColor": "transparent",
          "fillOpacity": 0,
          "fill-opacity": 0,
          "transform": "scale(1.0025)",
          "dropShadow": "drop-shadow(0 0 6px rgba(255,255,255,.70)) drop-shadow(0 0 14px rgba(0,255,255,.95)) drop-shadow(0 0 30px rgba(0,255,255,.62)) drop-shadow(0 0 52px rgba(0,255,255,.34))"
        },
        "renderStyle": {
          "source": "player-map.css :: #provinceOverlay .province-border-shape",
          "className": "province-border-shape bubbly-neon-province-border",
          "cssClass": "province-border-shape bubbly-neon-province-border",
          "fill": "none",
          "fillColor": "transparent",
          "fillOpacity": 0,
          "fill-opacity": 0,
          "stroke": "#00FFFF",
          "strokeColor": "#00FFFF",
          "strokeWidth": 12,
          "stroke-width": 12,
          "strokeOpacity": 1,
          "stroke-opacity": 1,
          "strokeLineJoin": "round",
          "stroke-linejoin": "round",
          "strokeLineCap": "round",
          "stroke-linecap": "round",
          "strokeDashArray": "none",
          "stroke-dasharray": "none",
          "paintOrder": "stroke",
          "paint-order": "stroke",
          "vectorEffect": "non-scaling-stroke",
          "vector-effect": "non-scaling-stroke",
          "pointerEvents": "stroke",
          "pointer-events": "stroke",
          "cursor": "pointer",
          "transition": "filter .18s ease, stroke-width .18s ease, stroke .18s ease, transform .18s ease",
          "transformBox": "fill-box",
          "transformOrigin": "center center",
          "dropShadow": "drop-shadow(0 0 4px rgba(255,255,255,.55)) drop-shadow(0 0 10px rgba(0,255,255,.78)) drop-shadow(0 0 24px rgba(0,255,255,.46)) drop-shadow(0 0 42px rgba(0,255,255,.24))"
        },
        "renderHoverStyle": {
          "stroke": "#EFFFFF",
          "strokeColor": "#EFFFFF",
          "strokeWidth": 13,
          "stroke-width": 13,
          "fill": "none",
          "fillColor": "transparent",
          "fillOpacity": 0,
          "fill-opacity": 0,
          "transform": "scale(1.0025)",
          "dropShadow": "drop-shadow(0 0 6px rgba(255,255,255,.70)) drop-shadow(0 0 14px rgba(0,255,255,.95)) drop-shadow(0 0 30px rgba(0,255,255,.62)) drop-shadow(0 0 52px rgba(0,255,255,.34))"
        },
        "strokeWidth": 7,
        "strokeOpacity": 0.97,
        "lineCap": "round",
        "lineJoin": "round",
        "glowColor": "#8338EC",
        "glowBlur": 14,
        "waveStyle": "organic-rounded-wavy"
      },
      "geometry": {
        "type": "Polygon",
        "coordinates": [
          [
            [
              355.75202,
              694.602361
            ],
            [
              376.748266,
              693.413712
            ],
            [
              402.214226,
              692.348192
            ],
            [
              432.146609,
              691.425144
            ],
            [
              466.542504,
              690.557036
            ],
            [
              505.402739,
              689.753599
            ],
            [
              538.716563,
              690.127621
            ],
            [
              566.480386,
              691.641185
            ],
            [
              588.700447,
              694.219819
            ],
            [
              605.377404,
              697.922836
            ],
            [
              621.920707,
              701.833981
            ],
            [
              638.345427,
              705.877246
            ],
            [
              654.659783,
              710.024195
            ],
            [
              670.838966,
              714.358326
            ],
            [
              680.033255,
              722.0133
            ],
            [
              682.320872,
              732.932456
            ],
            [
              677.686707,
              747.191123
            ],
            [
              666.04601,
              764.740518
            ],
            [
              658.534942,
              782.022026
            ],
            [
              655.21806,
              799.048908
            ],
            [
              656.02999,
              815.793255
            ],
            [
              660.931504,
              832.277039
            ],
            [
              667.551803,
              847.75053
            ],
            [
              675.900093,
              862.19597
            ],
            [
              685.899762,
              875.656167
            ],
            [
              697.567105,
              888.131044
            ],
            [
              710.252103,
              900.416119
            ],
            [
              723.92348,
              912.538526
            ],
            [
              738.535177,
              924.554241
            ],
            [
              754.108817,
              936.38226
            ],
            [
              740.234937,
              945.0109
            ],
            [
              696.795536,
              950.463762
            ],
            [
              623.830155,
              952.662998
            ],
            [
              521.344161,
              951.696274
            ],
            [
              429.441537,
              945.35276
            ],
            [
              348.12927,
              933.547272
            ],
            [
              277.412206,
              916.311317
            ],
            [
              217.264879,
              893.719625
            ],
            [
              170.823665,
              871.13166
            ],
            [
              138.125796,
              848.498598
            ],
            [
              119.140016,
              825.892046
            ],
            [
              113.812075,
              803.303888
            ],
            [
              116.131466,
              784.445777
            ],
            [
              126.104907,
              769.365291
            ],
            [
              143.661959,
              758.01081
            ],
            [
              168.842361,
              750.37755
            ],
            [
              194.207492,
              744.123984
            ],
            [
              219.738329,
              739.20948
            ],
            [
              245.424997,
              735.564488
            ],
            [
              271.281894,
              733.251768
            ],
            [
              291.573574,
              729.469567
            ],
            [
              306.290597,
              724.134972
            ],
            [
              315.402531,
              717.232789
            ],
            [
              318.945049,
              708.850084
            ],
            [
              326.862036,
              702.311458
            ],
            [
              339.117429,
              697.534101
            ],
            [
              355.75202,
              694.602361
            ]
          ]
        ]
      }
    },
    {
      "type": "Feature",
      "properties": {
        "province": "Zharvokh",
        "name": "Zharvokh",
        "provinceName": "Zharvokh",
        "provinceKey": "zharvokh",
        "governmentType": "Military Regency",
        "government": "Military Regency",
        "overallPopulation": 26890000,
        "population": 26890000,
        "squareMiles": 1751484,
        "squareKilometers": 4536322.74,
        "centerLat": 73.58752903544344,
        "centerLon": -60.83310364884774,
        "centerPointCoordinates": {
          "x": 677.927232575444,
          "y": 93.36872370947732,
          "lat": 73.58752903544344,
          "lon": -60.83310364884774,
          "latitude": 73.58752903544344,
          "longitude": -60.83310364884774
        },
        "color": "#D90429",
        "borderColor": "#D90429",
        "borderOpacity": 1,
        "borderWidth": 7,
        "borderVisible": false,
        "settlementScan": null,
        "featureKind": "province-border",
        "coordinateSpace": "Belavados map pixels",
        "provinceIndex": 27,
        "settlementCount": 9,
        "scannerDominantBiome": "Farming",
        "scannerBiomeTypes": [
          "Farming",
          "Beach and grass with water",
          "Mountain range"
        ],
        "scannerLandmarks": [
          "mountain",
          "marsh",
          "island",
          "forest",
          "water",
          "valley"
        ],
        "correctedBy": "Manual hexcode authority pass v4",
        "biomes": [
          "Farming",
          "Beach and grass with water",
          "Mountain range"
        ],
        "settlementBiomeSummary": {
          "Farming": 6,
          "Beach and grass with water": 5,
          "Mountain range": 4,
          "Beach and reefs with water": 3,
          "Partial forest": 2,
          "Marshes and swamps": 2,
          "Hybrid tree and forest floor": 1,
          "Grassland": 1,
          "Treetops - treehouses": 1,
          "Ocean Surface floating settlement": 1
        },
        "factions": [
          {
            "id": "fac_cog_sanctum_synod",
            "name": "The Cog-Sanctum Synod",
            "subtitle": "machine-priest foundry cult and sacred augmetic order",
            "primarySeat": "Sleakitika, Gruddirynn",
            "atTableRole": "Use for sacred engineering, prosthetic bargains, foundry temples, stolen-soul machines, and the line between repair and ownership.",
            "publicFace": "Repair bodies, preserve engines, awaken useful machinery, and sanctify industrial infrastructure.",
            "hiddenTeeth": "Pure-ichor augmetic rites create servants, limbs, engines, and armor that may remember being unwilling.",
            "patrons": [
              "Setrimir",
              "Marduthor",
              "Oskar'enlil",
              "Nebyrr",
              "Hathruna"
            ],
            "alignmentTendency": {
              "Altruism": 1200,
              "Lawfulness": 2600,
              "Cooperation": 1700,
              "Honor": 800
            },
            "riskModifier": 0.8
          }
        ],
        "associatedFactions": [
          "The Cog-Sanctum Synod"
        ],
        "borderLocked": true,
        "anchorsVisibleToPlayers": false,
        "playerEditable": false,
        "coordinateLines": {
          "coordinateLineRevision": "named meridians/parallels + realm-geometric UTC offset pass",
          "coordinateLineRevisionDateUTC": "2026-07-05",
          "longitudeLatitudeSource": "feature lon/lat properties or converted equirectangular source coordinates",
          "nearestNamedMeridian": {
            "longitude": -60.0,
            "line": "60° W",
            "name": "Bastveig's Tidegate Meridian",
            "distanceDegrees": 0.833104
          },
          "nearestNamedParallel": {
            "latitude": 60.0,
            "line": "60° N",
            "name": "Fleysetl's Northern Underworld Gate",
            "distanceDegrees": 13.587529
          },
          "namedLongitudeBand": {
            "westLongitude": -90.0,
            "westLine": "90° W",
            "westName": "Eirzunet's Shadow Meridian",
            "eastLongitude": -60.0,
            "eastLine": "60° W",
            "eastName": "Bastveig's Tidegate Meridian",
            "bandName": "Eirzunet's Shadow Meridian to Bastveig's Tidegate Meridian",
            "spanDegrees": 30.0,
            "wrapsAntimeridian": false
          },
          "namedLatitudeBand": {
            "northLatitude": 90.0,
            "northLine": "North Pole",
            "northName": "North Pole",
            "southLatitude": 60.0,
            "southLine": "60° N",
            "southName": "Fleysetl's Northern Underworld Gate",
            "bandName": "North Pole to Fleysetl's Northern Underworld Gate",
            "spanDegrees": 30.0
          },
          "utcTimeZone": {
            "utcOffset": "UTC-04:00",
            "utcOffsetCompact": "UTC-4",
            "utcOffsetHours": -4,
            "utcOffsetMinutes": -240,
            "zoneWidthDegrees": 15,
            "assignmentMethod": "geometric longitude band, 15° per hour, centered on 0° UTC",
            "notes": "This is realm-geometric UTC offset math by longitude, not political/IANA time-zone boundary data."
          }
        },
        "primaryUTC": "UTC-04:00",
        "utcOffset": "UTC-04:00",
        "utcOffsetCompact": "UTC-4",
        "utcOffsetHours": -4,
        "utcOffsetMinutes": -240,
        "nearestMeridianName": "Bastveig's Tidegate Meridian",
        "nearestMeridianLine": "60° W",
        "nearestParallelName": "Fleysetl's Northern Underworld Gate",
        "nearestParallelLine": "60° N",
        "geometryCoordinateSpace": "original 2048x1024 equirectangular map pixels; use borders_wgs84.geojson for standard lon/lat geometry",
        "wgs84GeometryFile": "borders_wgs84.geojson",
        "landmarkAtlas": {
          "source": "Life In The World Of Belavadös.docx geography tables",
          "water": {
            "namedRiverDeltaCanalLake": "Zharvokh Deepgate Sea",
            "namedBayGulfSeaSound": "Karag-Thûl Stormhorn Gulf",
            "feedingTerrain": "Farming; Beach and grass with water; Mountain range"
          },
          "land": {
            "mountainRangeHighland": "Zharvokh Stormhorns",
            "volcanoVentCaldera": "Karag-Thûl Thunderforge",
            "forestSwampLandmark": "Myrvéssa High Rootlands"
          },
          "climate": {
            "climateBelt": "Sunbelt reef-wet belt",
            "dominantTerrain": "Farming; Beach and grass with water; Mountain range",
            "namedWeather": "Stormhorn Tidewall",
            "verticalNote": "highest settled weather band 5200 m; deepest recorded route 8200 m",
            "highestSettledWeatherBandMeters": 5200,
            "deepestRecordedRouteMeters": 8200
          },
          "governanceTransit": {
            "government": "Military Regency",
            "population": "26,890,000",
            "coreBiomes": "Farming; Beach and grass with water; Mountain range",
            "transitGroup": "Central Northern Transit Group",
            "surfaceShare": "1.689387994%"
          },
          "layerRefs": [
            "province_landmarks_3d.geojson",
            "water_landmarks_3d.geojson",
            "land_landmarks_3d.geojson",
            "weather_landmarks_3d.geojson",
            "vertical_landmarks_3d.geojson"
          ]
        },
        "enrichedAtUtc": "2026-07-06T22:31:22+00:00",
        "visibleByDefault": true,
        "showWhenProvinceSelected": true,
        "hideUntilProvinceDropdownSelection": true,
        "visibilityRule": "Hidden by default; reveal province border and pins only when this province is selected from dropdown.",
        "updatedAtUtc": "2026-07-07T06:30:07+00:00",
        "originalProvinceColorBeforePlayerMapStyle": "#DC143C",
        "originalBorderColorBeforePlayerMapStyle": "#DC143C",
        "originalBorderWidthBeforePlayerMapStyle": 8,
        "originalBorderOpacityBeforePlayerMapStyle": 0.25,
        "fillColor": "transparent",
        "fillOpacity": 0.035,
        "stroke": "#D90429",
        "stroke-width": 12,
        "stroke-opacity": 1,
        "fill": "transparent",
        "fill-opacity": 0,
        "className": "province-border-shape bubbly-neon-province-border",
        "cssClass": "province-border-shape bubbly-neon-province-border",
        "mapLayerClass": "province-border-layer",
        "playerMapStyleApplied": true,
        "playerMapStyleSource": "player-map.css",
        "style": {
          "source": "player-map.css :: #provinceOverlay .province-border-shape",
          "className": "province-border-shape bubbly-neon-province-border",
          "cssClass": "province-border-shape bubbly-neon-province-border",
          "fill": "none",
          "fillColor": "transparent",
          "fillOpacity": 0,
          "fill-opacity": 0,
          "stroke": "#00FFFF",
          "strokeColor": "#00FFFF",
          "strokeWidth": 12,
          "stroke-width": 12,
          "strokeOpacity": 1,
          "stroke-opacity": 1,
          "strokeLineJoin": "round",
          "stroke-linejoin": "round",
          "strokeLineCap": "round",
          "stroke-linecap": "round",
          "strokeDashArray": "none",
          "stroke-dasharray": "none",
          "paintOrder": "stroke",
          "paint-order": "stroke",
          "vectorEffect": "non-scaling-stroke",
          "vector-effect": "non-scaling-stroke",
          "pointerEvents": "stroke",
          "pointer-events": "stroke",
          "cursor": "pointer",
          "transition": "filter .18s ease, stroke-width .18s ease, stroke .18s ease, transform .18s ease",
          "transformBox": "fill-box",
          "transformOrigin": "center center",
          "dropShadow": "drop-shadow(0 0 4px rgba(255,255,255,.55)) drop-shadow(0 0 10px rgba(0,255,255,.78)) drop-shadow(0 0 24px rgba(0,255,255,.46)) drop-shadow(0 0 42px rgba(0,255,255,.24))"
        },
        "hoverStyle": {
          "stroke": "#EFFFFF",
          "strokeColor": "#EFFFFF",
          "strokeWidth": 13,
          "stroke-width": 13,
          "fill": "none",
          "fillColor": "transparent",
          "fillOpacity": 0,
          "fill-opacity": 0,
          "transform": "scale(1.0025)",
          "dropShadow": "drop-shadow(0 0 6px rgba(255,255,255,.70)) drop-shadow(0 0 14px rgba(0,255,255,.95)) drop-shadow(0 0 30px rgba(0,255,255,.62)) drop-shadow(0 0 52px rgba(0,255,255,.34))"
        },
        "renderStyle": {
          "source": "player-map.css :: #provinceOverlay .province-border-shape",
          "className": "province-border-shape bubbly-neon-province-border",
          "cssClass": "province-border-shape bubbly-neon-province-border",
          "fill": "none",
          "fillColor": "transparent",
          "fillOpacity": 0,
          "fill-opacity": 0,
          "stroke": "#00FFFF",
          "strokeColor": "#00FFFF",
          "strokeWidth": 12,
          "stroke-width": 12,
          "strokeOpacity": 1,
          "stroke-opacity": 1,
          "strokeLineJoin": "round",
          "stroke-linejoin": "round",
          "strokeLineCap": "round",
          "stroke-linecap": "round",
          "strokeDashArray": "none",
          "stroke-dasharray": "none",
          "paintOrder": "stroke",
          "paint-order": "stroke",
          "vectorEffect": "non-scaling-stroke",
          "vector-effect": "non-scaling-stroke",
          "pointerEvents": "stroke",
          "pointer-events": "stroke",
          "cursor": "pointer",
          "transition": "filter .18s ease, stroke-width .18s ease, stroke .18s ease, transform .18s ease",
          "transformBox": "fill-box",
          "transformOrigin": "center center",
          "dropShadow": "drop-shadow(0 0 4px rgba(255,255,255,.55)) drop-shadow(0 0 10px rgba(0,255,255,.78)) drop-shadow(0 0 24px rgba(0,255,255,.46)) drop-shadow(0 0 42px rgba(0,255,255,.24))"
        },
        "renderHoverStyle": {
          "stroke": "#EFFFFF",
          "strokeColor": "#EFFFFF",
          "strokeWidth": 13,
          "stroke-width": 13,
          "fill": "none",
          "fillColor": "transparent",
          "fillOpacity": 0,
          "fill-opacity": 0,
          "transform": "scale(1.0025)",
          "dropShadow": "drop-shadow(0 0 6px rgba(255,255,255,.70)) drop-shadow(0 0 14px rgba(0,255,255,.95)) drop-shadow(0 0 30px rgba(0,255,255,.62)) drop-shadow(0 0 52px rgba(0,255,255,.34))"
        },
        "strokeWidth": 7,
        "strokeOpacity": 0.97,
        "lineCap": "round",
        "lineJoin": "round",
        "glowColor": "#D90429",
        "glowBlur": 14,
        "waveStyle": "organic-rounded-wavy"
      },
      "geometry": {
        "type": "Polygon",
        "coordinates": [
          [
            [
              635.515832,
              11.883596
            ],
            [
              667.865728,
              13.820975
            ],
            [
              700.215322,
              15.807159
            ],
            [
              732.563216,
              17.821125
            ],
            [
              764.914336,
              19.782403
            ],
            [
              797.265643,
              21.738046
            ],
            [
              819.612474,
              26.220431
            ],
            [
              831.944408,
              33.145251
            ],
            [
              834.334556,
              42.483991
            ],
            [
              826.725412,
              54.334177
            ],
            [
              819.075715,
              66.170358
            ],
            [
              811.463728,
              78.030766
            ],
            [
              803.880832,
              89.909862
            ],
            [
              796.253928,
              101.762647
            ],
            [
              791.265307,
              112.226127
            ],
            [
              788.985122,
              121.322416
            ],
            [
              789.358525,
              129.016544
            ],
            [
              792.33104,
              135.333859
            ],
            [
              795.319857,
              141.643703
            ],
            [
              798.352343,
              147.932742
            ],
            [
              801.351175,
              154.237815
            ],
            [
              804.309974,
              160.542014
            ],
            [
              803.124801,
              165.852357
            ],
            [
              797.75494,
              170.262355
            ],
            [
              788.145406,
              173.687399
            ],
            [
              774.330623,
              176.158242
            ],
            [
              760.523438,
              178.688202
            ],
            [
              746.714067,
              181.206064
            ],
            [
              732.895018,
              183.670344
            ],
            [
              719.083423,
              186.161895
            ],
            [
              703.923682,
              187.218015
            ],
            [
              687.408428,
              186.750708
            ],
            [
              669.547573,
              184.774044
            ],
            [
              650.328356,
              181.371895
            ],
            [
              631.105146,
              177.982543
            ],
            [
              611.891853,
              174.537359
            ],
            [
              592.677346,
              171.099008
            ],
            [
              573.455247,
              167.719086
            ],
            [
              560.124485,
              162.820731
            ],
            [
              552.714562,
              156.39725
            ],
            [
              551.156297,
              148.521269
            ],
            [
              555.439705,
              139.102998
            ],
            [
              559.773705,
              129.69325
            ],
            [
              564.128846,
              120.293218
            ],
            [
              568.434893,
              110.870623
            ],
            [
              572.740535,
              101.446974
            ],
            [
              570.423222,
              92.411194
            ],
            [
              561.403429,
              83.766575
            ],
            [
              545.685556,
              75.573328
            ],
            [
              523.31799,
              67.757696
            ],
            [
              512.665432,
              58.93875
            ],
            [
              513.624809,
              49.193132
            ],
            [
              526.226288,
              38.373388
            ],
            [
              550.538273,
              26.588763
            ],
            [
              576.859587,
              18.259917
            ],
            [
              605.178812,
              13.319688
            ],
            [
              635.515832,
              11.883596
            ]
          ]
        ]
      }
    }
  ]
}