{
  "type": "FeatureCollection",
  "features": [
    {
      "type": "Feature",
      "properties": {
        "id": "aelvanyr:Drakesylva",
        "name": "Drakesylva",
        "province": "Aelvanyr",
        "type": "City",
        "population": 339326268,
        "danger": "Moderate",
        "biomes": [
          "Partial forest",
          "Deep forest",
          "Farming"
        ],
        "primaryBiome": "Partial forest",
        "transportation": [
          "Caravan",
          "Train",
          "Ferry",
          "Skyship"
        ],
        "elevationM": 379.4,
        "weatherName": "Root-rain Lanterns",
        "climateBelt": "Sunbelt reef-wet belt",
        "anchorMode": "surface_anchor",
        "pinPlacement": "surface-land-pin",
        "feature_type": "settlement"
      },
      "geometry": {
        "type": "Point",
        "coordinates": [
          -85.22483485480358,
          -26.670754633089672,
          379.4
        ]
      }
    },
    {
      "type": "Feature",
      "properties": {
        "id": "aelvanyr:Elarvess",
        "name": "Elarvess",
        "province": "Aelvanyr",
        "type": "City",
        "population": 280635702,
        "danger": "Moderate",
        "biomes": [
          "Partial forest",
          "Deep forest",
          "Treetops - treehouses"
        ],
        "primaryBiome": "Partial forest",
        "transportation": [
          "Caravan",
          "Train",
          "Skyship"
        ],
        "elevationM": 786.75,
        "weatherName": "Root-rain Lanterns",
        "climateBelt": "Sunbelt reef-wet belt",
        "anchorMode": "surface_anchor",
        "pinPlacement": "surface-land-pin",
        "feature_type": "settlement"
      },
      "geometry": {
        "type": "Point",
        "coordinates": [
          -30.657278073206186,
          -31.781548743780306,
          786.75
        ]
      }
    },
    {
      "type": "Feature",
      "properties": {
        "id": "aelvanyr:Everwake",
        "name": "Everwake",
        "province": "Aelvanyr",
        "type": "City",
        "population": 279225193,
        "danger": "Moderate",
        "biomes": [
          "Farming",
          "Partial forest",
          "Deep forest"
        ],
        "primaryBiome": "Farming",
        "transportation": [
          "Caravan",
          "Train",
          "Skyship"
        ],
        "elevationM": 185.33,
        "weatherName": "Root-rain Lanterns",
        "climateBelt": "Sunbelt reef-wet belt",
        "anchorMode": "surface_anchor",
        "pinPlacement": "surface-land-pin",
        "feature_type": "settlement"
      },
      "geometry": {
        "type": "Point",
        "coordinates": [
          -45.04613158436686,
          -32.72508656290644,
          185.33
        ]
      }
    },
    {
      "type": "Feature",
      "properties": {
        "id": "aelvanyr:Faeloryn",
        "name": "Faeloryn",
        "province": "Aelvanyr",
        "type": "Town",
        "population": 46690170,
        "danger": "Low",
        "biomes": [
          "Farming",
          "Partial forest",
          "Mountain range"
        ],
        "primaryBiome": "Farming",
        "transportation": [
          "Caravan",
          "Train",
          "Ferry"
        ],
        "elevationM": 4777.64,
        "weatherName": "Root-rain Lanterns",
        "climateBelt": "Sunbelt reef-wet belt",
        "anchorMode": "surface_anchor",
        "pinPlacement": "surface-land-pin",
        "feature_type": "settlement"
      },
      "geometry": {
        "type": "Point",
        "coordinates": [
          -53.77379417363042,
          -39.56568251213267,
          4777.64
        ]
      }
    },
    {
      "type": "Feature",
      "properties": {
        "id": "aelvanyr:Lunawyn",
        "name": "Lunawyn",
        "province": "Aelvanyr",
        "type": "Town",
        "population": 70815563,
        "danger": "Low",
        "biomes": [
          "Beach and grass with water",
          "Partial forest",
          "Farming"
        ],
        "primaryBiome": "Beach and grass with water",
        "transportation": [
          "Caravan",
          "Train",
          "Ferry",
          "Steamship",
          "Submarine"
        ],
        "elevationM": 102.45,
        "weatherName": "Root-rain Lanterns",
        "climateBelt": "Sunbelt reef-wet belt",
        "anchorMode": "surface_anchor",
        "pinPlacement": "surface-land-pin",
        "feature_type": "settlement"
      },
      "geometry": {
        "type": "Point",
        "coordinates": [
          -67.451760703125,
          -30.35050312499999,
          102.45
        ]
      }
    },
    {
      "type": "Feature",
      "properties": {
        "id": "aelvanyr:Mythraelyn",
        "name": "Mythraelyn",
        "province": "Aelvanyr",
        "type": "Capital City",
        "population": 1217278318,
        "danger": "Moderate",
        "biomes": [
          "Partial forest",
          "Deep forest",
          "Farming"
        ],
        "primaryBiome": "Partial forest",
        "transportation": [
          "Caravan",
          "Train",
          "Ferry",
          "Skyship",
          "Portal"
        ],
        "elevationM": 148.72,
        "weatherName": "Root-rain Lanterns",
        "climateBelt": "Sunbelt reef-wet belt",
        "anchorMode": "surface_anchor",
        "pinPlacement": "surface-land-pin",
        "feature_type": "settlement"
      },
      "geometry": {
        "type": "Point",
        "coordinates": [
          -28.84884083451476,
          -25.569970008891616,
          148.72
        ]
      }
    },
    {
      "type": "Feature",
      "properties": {
        "id": "aelvanyr:Rootmere",
        "name": "Rootmere",
        "province": "Aelvanyr",
        "type": "Town",
        "population": 61152045,
        "danger": "Low",
        "biomes": [
          "Partial forest",
          "Deep forest",
          "Beach and grass with water"
        ],
        "primaryBiome": "Partial forest",
        "transportation": [
          "Caravan",
          "Train",
          "Ferry",
          "Steamship",
          "Submarine"
        ],
        "elevationM": 432.53,
        "weatherName": "Root-rain Lanterns",
        "climateBelt": "Sunbelt reef-wet belt",
        "anchorMode": "surface_anchor",
        "pinPlacement": "surface-land-pin",
        "feature_type": "settlement"
      },
      "geometry": {
        "type": "Point",
        "coordinates": [
          -91.20053738327442,
          -15.741519796024988,
          432.53
        ]
      }
    },
    {
      "type": "Feature",
      "properties": {
        "id": "aelvanyr:Sylvarielle",
        "name": "Sylvarielle",
        "province": "Aelvanyr",
        "type": "Village",
        "population": 3554307,
        "danger": "Low",
        "biomes": [
          "Farming",
          "Partial forest",
          "Deep forest"
        ],
        "primaryBiome": "Farming",
        "transportation": [
          "Caravan",
          "Train"
        ],
        "elevationM": 62.67,
        "weatherName": "Root-rain Lanterns",
        "climateBelt": "Sunbelt reef-wet belt",
        "anchorMode": "surface_anchor",
        "pinPlacement": "surface-land-pin",
        "feature_type": "settlement"
      },
      "geometry": {
        "type": "Point",
        "coordinates": [
          -76.10403425702535,
          -18.96525026608326,
          62.67
        ]
      }
    },
    {
      "type": "Feature",
      "properties": {
        "id": "aelvanyr:Vaelithorne",
        "name": "Vaelithorne",
        "province": "Aelvanyr",
        "type": "Village",
        "population": 2489795,
        "danger": "Low",
        "biomes": [
          "Farming",
          "Partial forest",
          "Deep forest"
        ],
        "primaryBiome": "Farming",
        "transportation": [
          "Caravan",
          "Train"
        ],
        "elevationM": 193.33,
        "weatherName": "Root-rain Lanterns",
        "climateBelt": "Sunbelt reef-wet belt",
        "anchorMode": "surface_anchor",
        "pinPlacement": "surface-land-pin",
        "feature_type": "settlement"
      },
      "geometry": {
        "type": "Point",
        "coordinates": [
          -48.584373660998835,
          -20.34123254603334,
          193.33
        ]
      }
    },
    {
      "type": "Feature",
      "properties": {
        "id": "aelvanyr:Wildbloom",
        "name": "Wildbloom",
        "province": "Aelvanyr",
        "type": "Village",
        "population": 2439922,
        "danger": "Low",
        "biomes": [
          "Farming",
          "Grassland",
          "Hybrid tree and forest floor"
        ],
        "primaryBiome": "Farming",
        "transportation": [
          "Caravan",
          "Train"
        ],
        "elevationM": 170.67,
        "weatherName": "Root-rain Lanterns",
        "climateBelt": "Sunbelt reef-wet belt",
        "anchorMode": "surface_anchor",
        "pinPlacement": "surface-land-pin",
        "feature_type": "settlement"
      },
      "geometry": {
        "type": "Point",
        "coordinates": [
          -43.08044154179356,
          -40.98098174230941,
          170.67
        ]
      }
    },
    {
      "type": "Feature",
      "properties": {
        "id": "aelwynora:Elarion Pastures",
        "name": "Elarion Pastures",
        "province": "Aelwynora",
        "type": "Town",
        "population": 9593308,
        "danger": "Low",
        "biomes": [
          "Farming",
          "Partial forest",
          "Deep forest"
        ],
        "primaryBiome": "Farming",
        "transportation": [
          "Caravan",
          "Train",
          "Ferry"
        ],
        "elevationM": 112.0,
        "weatherName": "Silver-Salt Fog",
        "climateBelt": "Sunbelt reef-wet belt",
        "anchorMode": "surface_anchor",
        "pinPlacement": "surface-land-pin",
        "feature_type": "settlement"
      },
      "geometry": {
        "type": "Point",
        "coordinates": [
          -15.187493562698364,
          62.7670893073082,
          112.0
        ]
      }
    },
    {
      "type": "Feature",
      "properties": {
        "id": "aelwynora:Elarithen",
        "name": "Elarithen",
        "province": "Aelwynora",
        "type": "Capital City",
        "population": 433098298,
        "danger": "High",
        "biomes": [
          "Beach and grass with water",
          "Partial forest",
          "Farming"
        ],
        "primaryBiome": "Beach and grass with water",
        "transportation": [
          "Caravan",
          "Train",
          "Steamship",
          "Submarine",
          "Skyship",
          "Portal"
        ],
        "elevationM": 0.0,
        "weatherName": "Silver-Salt Fog",
        "climateBelt": "Sunbelt reef-wet belt",
        "anchorMode": "surface_anchor",
        "pinPlacement": "surface-land-pin",
        "feature_type": "settlement"
      },
      "geometry": {
        "type": "Point",
        "coordinates": [
          -16.453120708465576,
          74.7202143073082,
          0
        ]
      }
    },
    {
      "type": "Feature",
      "properties": {
        "id": "aelwynora:Orynéssa",
        "name": "Orynéssa",
        "province": "Aelwynora",
        "type": "Village",
        "population": 3636584,
        "danger": "Low",
        "biomes": [
          "Ocean Surface floating settlement"
        ],
        "primaryBiome": "Ocean Surface floating settlement",
        "transportation": [
          "Steamship",
          "Submarine"
        ],
        "elevationM": 0.0,
        "weatherName": "Silver-Salt Fog",
        "climateBelt": "Sunbelt reef-wet belt",
        "anchorMode": "floating_surface_anchor",
        "pinPlacement": "ocean-surface-floating-pin",
        "feature_type": "settlement"
      },
      "geometry": {
        "type": "Point",
        "coordinates": [
          -49.921875,
          38.017094135284424,
          0
        ]
      }
    },
    {
      "type": "Feature",
      "properties": {
        "id": "aelwynora:Sylvarûn",
        "name": "Sylvarûn",
        "province": "Aelwynora",
        "type": "Town",
        "population": 38990545,
        "danger": "Moderate",
        "biomes": [
          "Beach and grass with water",
          "Deep forest",
          "Partial forest"
        ],
        "primaryBiome": "Beach and grass with water",
        "transportation": [
          "Caravan",
          "Train",
          "Ferry",
          "Steamship",
          "Submarine"
        ],
        "elevationM": 52.66,
        "weatherName": "Silver-Salt Fog",
        "climateBelt": "Sunbelt reef-wet belt",
        "anchorMode": "surface_anchor",
        "pinPlacement": "surface-land-pin",
        "feature_type": "settlement"
      },
      "geometry": {
        "type": "Point",
        "coordinates": [
          -53.156243562698364,
          49.548337161540985,
          52.66
        ]
      }
    },
    {
      "type": "Feature",
      "properties": {
        "id": "aelwynora:Sylvathûn",
        "name": "Sylvathûn",
        "province": "Aelwynora",
        "type": "Town",
        "population": 31359301,
        "danger": "Moderate",
        "biomes": [
          "Hybrid tree and forest floor",
          "Beach and grass with water",
          "Partial forest"
        ],
        "primaryBiome": "Hybrid tree and forest floor",
        "transportation": [
          "Caravan",
          "Train",
          "Ferry",
          "Steamship",
          "Submarine"
        ],
        "elevationM": 232.04,
        "weatherName": "Silver-Salt Fog",
        "climateBelt": "Sunbelt reef-wet belt",
        "anchorMode": "surface_anchor",
        "pinPlacement": "surface-land-pin",
        "feature_type": "settlement"
      },
      "geometry": {
        "type": "Point",
        "coordinates": [
          -26.296870708465576,
          51.0952153801918,
          232.04
        ]
      }
    },
    {
      "type": "Feature",
      "properties": {
        "id": "aelwynora:Sylvéraith",
        "name": "Sylvéraith",
        "province": "Aelwynora",
        "type": "Town",
        "population": 19453262,
        "danger": "Moderate",
        "biomes": [
          "Beach and grass with water",
          "Partial forest",
          "Marshes and swamps"
        ],
        "primaryBiome": "Beach and grass with water",
        "transportation": [
          "Caravan",
          "Train",
          "Ferry",
          "Steamship",
          "Submarine"
        ],
        "elevationM": 40.21,
        "weatherName": "Silver-Salt Fog",
        "climateBelt": "Sunbelt reef-wet belt",
        "anchorMode": "surface_anchor",
        "pinPlacement": "surface-land-pin",
        "feature_type": "settlement"
      },
      "geometry": {
        "type": "Point",
        "coordinates": [
          -0.5625021457672119,
          64.7358387708664,
          40.21
        ]
      }
    },
    {
      "type": "Feature",
      "properties": {
        "id": "aelwynora:Ulwyn",
        "name": "Ulwyn",
        "province": "Aelwynora",
        "type": "City",
        "population": 122420929,
        "danger": "Severe",
        "biomes": [
          "Beach and grass with water",
          "Beach and reefs with water",
          "Partial forest"
        ],
        "primaryBiome": "Beach and grass with water",
        "transportation": [
          "Caravan",
          "Train",
          "Ferry",
          "Steamship",
          "Submarine",
          "Skyship"
        ],
        "elevationM": 89.72,
        "weatherName": "Silver-Salt Fog",
        "climateBelt": "Sunbelt reef-wet belt",
        "anchorMode": "surface_anchor",
        "pinPlacement": "surface-land-pin",
        "feature_type": "settlement"
      },
      "geometry": {
        "type": "Point",
        "coordinates": [
          -32.34375,
          71.2045893073082,
          89.72
        ]
      }
    },
    {
      "type": "Feature",
      "properties": {
        "id": "aelwynora:Vaelméra",
        "name": "Vaelméra",
        "province": "Aelwynora",
        "type": "Village",
        "population": 1375169,
        "danger": "Low",
        "biomes": [
          "Beach and grass with water",
          "Farming",
          "Mountain range"
        ],
        "primaryBiome": "Beach and grass with water",
        "transportation": [
          "Caravan",
          "Train",
          "Ferry",
          "Steamship",
          "Submarine"
        ],
        "elevationM": 55.31,
        "weatherName": "Silver-Salt Fog",
        "climateBelt": "Sunbelt reef-wet belt",
        "anchorMode": "surface_anchor",
        "pinPlacement": "surface-land-pin",
        "feature_type": "settlement"
      },
      "geometry": {
        "type": "Point",
        "coordinates": [
          -1.40625,
          74.7202143073082,
          55.31
        ]
      }
    },
    {
      "type": "Feature",
      "properties": {
        "id": "aelwynora:Wilsara",
        "name": "Wilsara",
        "province": "Aelwynora",
        "type": "City",
        "population": 134342550,
        "danger": "Severe",
        "biomes": [
          "Ocean Surface floating settlement",
          "Underwater without reefs"
        ],
        "primaryBiome": "Ocean Surface floating settlement",
        "transportation": [
          "Steamship",
          "Submarine",
          "Skyship"
        ],
        "elevationM": -6200.0,
        "weatherName": "Silver-Salt Fog",
        "climateBelt": "Sunbelt reef-wet belt",
        "anchorMode": "underwater_anchor",
        "pinPlacement": "underwater-pin",
        "feature_type": "settlement"
      },
      "geometry": {
        "type": "Point",
        "coordinates": [
          -25.031243562698364,
          84.2827145755291,
          -6200.0
        ]
      }
    },
    {
      "type": "Feature",
      "properties": {
        "id": "aelwynora:Yltharien",
        "name": "Yltharien",
        "province": "Aelwynora",
        "type": "City",
        "population": 245755025,
        "danger": "High",
        "biomes": [
          "Beach and grass with water",
          "Ocean Surface floating settlement"
        ],
        "primaryBiome": "Beach and grass with water",
        "transportation": [
          "Caravan",
          "Train",
          "Steamship",
          "Submarine",
          "Skyship"
        ],
        "elevationM": 0.0,
        "weatherName": "Silver-Salt Fog",
        "climateBelt": "Sunbelt reef-wet belt",
        "anchorMode": "floating_surface_anchor",
        "pinPlacement": "ocean-surface-floating-pin",
        "feature_type": "settlement"
      },
      "geometry": {
        "type": "Point",
        "coordinates": [
          -60.749995708465576,
          42.37646698951721,
          0
        ]
      }
    },
    {
      "type": "Feature",
      "properties": {
        "id": "aelwynora:Yl'varessa",
        "name": "Yl'varessa",
        "province": "Aelwynora",
        "type": "Village",
        "population": 5846386,
        "danger": "Moderate",
        "biomes": [
          "Beach and reefs with water",
          "Ocean Surface floating settlement",
          "Beach and grass with water"
        ],
        "primaryBiome": "Beach and reefs with water",
        "transportation": [
          "Caravan",
          "Train",
          "Steamship",
          "Submarine"
        ],
        "elevationM": 0.0,
        "weatherName": "Silver-Salt Fog",
        "climateBelt": "Sunbelt reef-wet belt",
        "anchorMode": "floating_surface_anchor",
        "pinPlacement": "ocean-surface-floating-pin",
        "feature_type": "settlement"
      },
      "geometry": {
        "type": "Point",
        "coordinates": [
          -4.359372854232788,
          82.0327153801918,
          0
        ]
      }
    },
    {
      "type": "Feature",
      "properties": {
        "id": "astraevos:Aelmoryth",
        "name": "Aelmoryth",
        "province": "Astraevos",
        "type": "Village",
        "population": 2832387,
        "danger": "Moderate",
        "biomes": [
          "Beach and grass with water",
          "Beach and reefs with water"
        ],
        "primaryBiome": "Beach and grass with water",
        "transportation": [
          "Caravan",
          "Train",
          "Steamship",
          "Submarine"
        ],
        "elevationM": 0.0,
        "weatherName": "Mirror-Squall Line",
        "climateBelt": "Sunbelt reef-wet belt",
        "anchorMode": "surface_anchor",
        "pinPlacement": "surface-land-pin",
        "feature_type": "settlement"
      },
      "geometry": {
        "type": "Point",
        "coordinates": [
          48.8582181930542,
          11.538959741592407,
          0
        ]
      }
    },
    {
      "type": "Feature",
      "properties": {
        "id": "astraevos:Aelryss-Kor",
        "name": "Aelryss-Kor",
        "province": "Astraevos",
        "type": "Village",
        "population": 3701403,
        "danger": "Moderate",
        "biomes": [
          "Beach and grass with water",
          "Beach and reefs with water"
        ],
        "primaryBiome": "Beach and grass with water",
        "transportation": [
          "Caravan",
          "Train",
          "Steamship",
          "Submarine"
        ],
        "elevationM": 0.0,
        "weatherName": "Mirror-Squall Line",
        "climateBelt": "Sunbelt reef-wet belt",
        "anchorMode": "surface_anchor",
        "pinPlacement": "surface-land-pin",
        "feature_type": "settlement"
      },
      "geometry": {
        "type": "Point",
        "coordinates": [
          58.81614446640015,
          39.94836509227753,
          0
        ]
      }
    },
    {
      "type": "Feature",
      "properties": {
        "id": "astraevos:Aelshoreth",
        "name": "Aelshoreth",
        "province": "Astraevos",
        "type": "City",
        "population": 176466326,
        "danger": "Elevated",
        "biomes": [
          "Beach and grass with water",
          "Farming",
          "Partial forest"
        ],
        "primaryBiome": "Beach and grass with water",
        "transportation": [
          "Caravan",
          "Train",
          "Ferry",
          "Steamship",
          "Submarine",
          "Skyship"
        ],
        "elevationM": 480.0,
        "weatherName": "Mirror-Squall Line",
        "climateBelt": "Sunbelt reef-wet belt",
        "anchorMode": "surface_anchor",
        "pinPlacement": "surface-land-pin",
        "feature_type": "settlement"
      },
      "geometry": {
        "type": "Point",
        "coordinates": [
          56.34758949279785,
          15.93217134475708,
          480.0
        ]
      }
    },
    {
      "type": "Feature",
      "properties": {
        "id": "astraevos:Ael'voryn",
        "name": "Ael'voryn",
        "province": "Astraevos",
        "type": "Town",
        "population": 18294916,
        "danger": "High",
        "biomes": [
          "Beach and reefs with water",
          "Ocean Surface floating settlement"
        ],
        "primaryBiome": "Beach and reefs with water",
        "transportation": [
          "Caravan",
          "Train",
          "Steamship",
          "Submarine"
        ],
        "elevationM": 0.0,
        "weatherName": "Mirror-Squall Line",
        "climateBelt": "Sunbelt reef-wet belt",
        "anchorMode": "floating_surface_anchor",
        "pinPlacement": "ocean-surface-floating-pin",
        "feature_type": "settlement"
      },
      "geometry": {
        "type": "Point",
        "coordinates": [
          44.04661417007446,
          31.53851330280304,
          0
        ]
      }
    },
    {
      "type": "Feature",
      "properties": {
        "id": "astraevos:Caelmyros",
        "name": "Caelmyros",
        "province": "Astraevos",
        "type": "Town",
        "population": 11172319,
        "danger": "Low",
        "biomes": [
          "Farming",
          "Grassland",
          "Hybrid tree and forest floor"
        ],
        "primaryBiome": "Farming",
        "transportation": [
          "Caravan",
          "Train"
        ],
        "elevationM": 148.0,
        "weatherName": "Mirror-Squall Line",
        "climateBelt": "Sunbelt reef-wet belt",
        "anchorMode": "surface_anchor",
        "pinPlacement": "surface-land-pin",
        "feature_type": "settlement"
      },
      "geometry": {
        "type": "Point",
        "coordinates": [
          74.21329021453857,
          22.793937921524048,
          148.0
        ]
      }
    },
    {
      "type": "Feature",
      "properties": {
        "id": "astraevos:Cyralune",
        "name": "Cyralune",
        "province": "Astraevos",
        "type": "City",
        "population": 160118401,
        "danger": "Severe",
        "biomes": [
          "Partial forest",
          "Deep forest",
          "Marshes and swamps"
        ],
        "primaryBiome": "Partial forest",
        "transportation": [
          "Caravan",
          "Train",
          "Skyship"
        ],
        "elevationM": 0.0,
        "weatherName": "Mirror-Squall Line",
        "climateBelt": "Sunbelt reef-wet belt",
        "anchorMode": "surface_anchor",
        "pinPlacement": "surface-land-pin",
        "feature_type": "settlement"
      },
      "geometry": {
        "type": "Point",
        "coordinates": [
          50.16891621093748,
          28.515639726562497,
          0
        ]
      }
    },
    {
      "type": "Feature",
      "properties": {
        "id": "astraevos:Mythalora",
        "name": "Mythalora",
        "province": "Astraevos",
        "type": "City",
        "population": 192206388,
        "danger": "Severe",
        "biomes": [
          "Beach and grass with water",
          "Ocean Surface floating settlement",
          "Beach and reefs with water"
        ],
        "primaryBiome": "Beach and grass with water",
        "transportation": [
          "Caravan",
          "Train",
          "Steamship",
          "Submarine",
          "Skyship"
        ],
        "elevationM": 0.0,
        "weatherName": "Mirror-Squall Line",
        "climateBelt": "Sunbelt reef-wet belt",
        "anchorMode": "floating_surface_anchor",
        "pinPlacement": "ocean-surface-floating-pin",
        "feature_type": "settlement"
      },
      "geometry": {
        "type": "Point",
        "coordinates": [
          34.172351360321045,
          23.044981956481934,
          0
        ]
      }
    },
    {
      "type": "Feature",
      "properties": {
        "id": "astraevos:Orithalune",
        "name": "Orithalune",
        "province": "Astraevos",
        "type": "Town",
        "population": 76025847,
        "danger": "Elevated",
        "biomes": [
          "Partial forest",
          "Marshes and swamps",
          "Beach and grass with water"
        ],
        "primaryBiome": "Partial forest",
        "transportation": [
          "Caravan",
          "Train",
          "Ferry",
          "Steamship",
          "Submarine"
        ],
        "elevationM": 617.54,
        "weatherName": "Mirror-Squall Line",
        "climateBelt": "Sunbelt reef-wet belt",
        "anchorMode": "surface_anchor",
        "pinPlacement": "surface-land-pin",
        "feature_type": "settlement"
      },
      "geometry": {
        "type": "Point",
        "coordinates": [
          66.26367330551147,
          36.01540446281433,
          617.54
        ]
      }
    },
    {
      "type": "Feature",
      "properties": {
        "id": "astraevos:Vaelunthir",
        "name": "Vaelunthir",
        "province": "Astraevos",
        "type": "Capital City",
        "population": 705404952,
        "danger": "Severe",
        "biomes": [
          "Partial forest",
          "Deep forest",
          "Treetops - treehouses"
        ],
        "primaryBiome": "Partial forest",
        "transportation": [
          "Caravan",
          "Train",
          "Ferry",
          "Skyship",
          "Portal"
        ],
        "elevationM": 158.08,
        "weatherName": "Mirror-Squall Line",
        "climateBelt": "Sunbelt reef-wet belt",
        "anchorMode": "surface_anchor",
        "pinPlacement": "surface-land-pin",
        "feature_type": "settlement"
      },
      "geometry": {
        "type": "Point",
        "coordinates": [
          56.23066406250001,
          24.69444416015625,
          158.08
        ]
      }
    },
    {
      "type": "Feature",
      "properties": {
        "id": "bravelyn:Loxvire",
        "name": "Loxvire",
        "province": "Bravelyn",
        "type": "City",
        "population": 71591297,
        "danger": "Severe",
        "biomes": [
          "Beach and reefs with water",
          "Beach and grass with water",
          "Partial forest"
        ],
        "primaryBiome": "Beach and reefs with water",
        "transportation": [
          "Caravan",
          "Train",
          "Steamship",
          "Submarine",
          "Skyship"
        ],
        "elevationM": 0.0,
        "weatherName": "Ember-Heat Dryline",
        "climateBelt": "Sunbelt reef-wet belt",
        "anchorMode": "surface_anchor",
        "pinPlacement": "surface-land-pin",
        "feature_type": "settlement"
      },
      "geometry": {
        "type": "Point",
        "coordinates": [
          -45.703125,
          -66.04541659355164,
          0
        ]
      }
    },
    {
      "type": "Feature",
      "properties": {
        "id": "bravelyn:Qasvire",
        "name": "Qasvire",
        "province": "Bravelyn",
        "type": "City",
        "population": 85062081,
        "danger": "Severe",
        "biomes": [
          "Beach and grass with water",
          "Beach and reefs with water"
        ],
        "primaryBiome": "Beach and grass with water",
        "transportation": [
          "Caravan",
          "Train",
          "Steamship",
          "Submarine",
          "Skyship"
        ],
        "elevationM": 0.0,
        "weatherName": "Ember-Heat Dryline",
        "climateBelt": "Sunbelt reef-wet belt",
        "anchorMode": "surface_anchor",
        "pinPlacement": "surface-land-pin",
        "feature_type": "settlement"
      },
      "geometry": {
        "type": "Point",
        "coordinates": [
          -19.124997854232788,
          -71.81103944778442,
          0
        ]
      }
    },
    {
      "type": "Feature",
      "properties": {
        "id": "bravelyn:Qelvandra",
        "name": "Qelvandra",
        "province": "Bravelyn",
        "type": "City",
        "population": 180712224,
        "danger": "Moderate",
        "biomes": [
          "Farming",
          "Partial forest",
          "Beach and grass with water"
        ],
        "primaryBiome": "Farming",
        "transportation": [
          "Caravan",
          "Train",
          "Ferry",
          "Steamship",
          "Submarine",
          "Skyship"
        ],
        "elevationM": 77.33,
        "weatherName": "Ember-Heat Dryline",
        "climateBelt": "Sunbelt reef-wet belt",
        "anchorMode": "surface_anchor",
        "pinPlacement": "surface-land-pin",
        "feature_type": "settlement"
      },
      "geometry": {
        "type": "Point",
        "coordinates": [
          -34.031245708465576,
          -51.982905864715576,
          77.33
        ]
      }
    },
    {
      "type": "Feature",
      "properties": {
        "id": "bravelyn:Qel'vorys",
        "name": "Qel'vorys",
        "province": "Bravelyn",
        "type": "Town",
        "population": 33346928,
        "danger": "High",
        "biomes": [
          "Beach and reefs with water",
          "Ocean Surface floating settlement",
          "Beach and grass with water"
        ],
        "primaryBiome": "Beach and reefs with water",
        "transportation": [
          "Caravan",
          "Train",
          "Steamship",
          "Submarine"
        ],
        "elevationM": 0.0,
        "weatherName": "Ember-Heat Dryline",
        "climateBelt": "Sunbelt reef-wet belt",
        "anchorMode": "floating_surface_anchor",
        "pinPlacement": "ocean-surface-floating-pin",
        "feature_type": "settlement"
      },
      "geometry": {
        "type": "Point",
        "coordinates": [
          -38.671875,
          -75.18604159355164,
          0
        ]
      }
    },
    {
      "type": "Feature",
      "properties": {
        "id": "bravelyn:Soltharyn Basin",
        "name": "Soltharyn Basin",
        "province": "Bravelyn",
        "type": "Village",
        "population": 1725346,
        "danger": "Moderate",
        "biomes": [
          "Beach and reefs with water",
          "Ocean Surface floating settlement",
          "Beach and grass with water"
        ],
        "primaryBiome": "Beach and reefs with water",
        "transportation": [
          "Caravan",
          "Train",
          "Steamship",
          "Submarine"
        ],
        "elevationM": 0.0,
        "weatherName": "Ember-Heat Dryline",
        "climateBelt": "Sunbelt reef-wet belt",
        "anchorMode": "floating_surface_anchor",
        "pinPlacement": "ocean-surface-floating-pin",
        "feature_type": "settlement"
      },
      "geometry": {
        "type": "Point",
        "coordinates": [
          -26.296870708465576,
          -81.09228730201721,
          0
        ]
      }
    },
    {
      "type": "Feature",
      "properties": {
        "id": "bravelyn:Solthéra",
        "name": "Solthéra",
        "province": "Bravelyn",
        "type": "Village",
        "population": 4037991,
        "danger": "Moderate",
        "biomes": [
          "Beach and reefs with water",
          "Ocean Surface floating settlement",
          "Beach and grass with water"
        ],
        "primaryBiome": "Beach and reefs with water",
        "transportation": [
          "Caravan",
          "Train",
          "Steamship",
          "Submarine"
        ],
        "elevationM": 0.0,
        "weatherName": "Ember-Heat Dryline",
        "climateBelt": "Sunbelt reef-wet belt",
        "anchorMode": "floating_surface_anchor",
        "pinPlacement": "ocean-surface-floating-pin",
        "feature_type": "settlement"
      },
      "geometry": {
        "type": "Point",
        "coordinates": [
          -11.812502145767212,
          -66.04541659355164,
          0
        ]
      }
    },
    {
      "type": "Feature",
      "properties": {
        "id": "bravelyn:Solunéa",
        "name": "Solunéa",
        "province": "Bravelyn",
        "type": "Village",
        "population": 2068210,
        "danger": "Low",
        "biomes": [
          "Partial forest",
          "Beach and grass with water",
          "Deep forest"
        ],
        "primaryBiome": "Partial forest",
        "transportation": [
          "Caravan",
          "Train",
          "Ferry",
          "Steamship",
          "Submarine"
        ],
        "elevationM": 65.11,
        "weatherName": "Ember-Heat Dryline",
        "climateBelt": "Sunbelt reef-wet belt",
        "anchorMode": "surface_anchor",
        "pinPlacement": "surface-land-pin",
        "feature_type": "settlement"
      },
      "geometry": {
        "type": "Point",
        "coordinates": [
          -53.4375,
          -50.014164447784424,
          65.11
        ]
      }
    },
    {
      "type": "Feature",
      "properties": {
        "id": "bravelyn:Solvaryn",
        "name": "Solvaryn",
        "province": "Bravelyn",
        "type": "Capital City",
        "population": 612527840,
        "danger": "Severe",
        "biomes": [
          "Partial forest",
          "Beach and grass with water",
          "Deep forest"
        ],
        "primaryBiome": "Partial forest",
        "transportation": [
          "Caravan",
          "Train",
          "Ferry",
          "Steamship",
          "Submarine",
          "Skyship",
          "Portal"
        ],
        "elevationM": 143.71,
        "weatherName": "Ember-Heat Dryline",
        "climateBelt": "Sunbelt reef-wet belt",
        "anchorMode": "surface_anchor",
        "pinPlacement": "surface-land-pin",
        "feature_type": "settlement"
      },
      "geometry": {
        "type": "Point",
        "coordinates": [
          -37.546870708465576,
          -59.857914447784424,
          143.71
        ]
      }
    },
    {
      "type": "Feature",
      "properties": {
        "id": "bravelyn:Sundervale",
        "name": "Sundervale",
        "province": "Bravelyn",
        "type": "Town",
        "population": 31121708,
        "danger": "High",
        "biomes": [
          "Mountain range",
          "Beach and grass with water",
          "Beach and reefs with water"
        ],
        "primaryBiome": "Mountain range",
        "transportation": [
          "Caravan",
          "Train",
          "Ferry",
          "Steamship",
          "Submarine"
        ],
        "elevationM": 37.0,
        "weatherName": "Ember-Heat Dryline",
        "climateBelt": "Sunbelt reef-wet belt",
        "anchorMode": "surface_mountain_anchor",
        "pinPlacement": "mountain-surface-pin",
        "feature_type": "settlement"
      },
      "geometry": {
        "type": "Point",
        "coordinates": [
          -28.125,
          -71.81103944778442,
          37.0
        ]
      }
    },
    {
      "type": "Feature",
      "properties": {
        "id": "bravelyn:Xelvoryn",
        "name": "Xelvoryn",
        "province": "Bravelyn",
        "type": "Town",
        "population": 8940802,
        "danger": "High",
        "biomes": [
          "Beach and grass with water",
          "Beach and reefs with water"
        ],
        "primaryBiome": "Beach and grass with water",
        "transportation": [
          "Caravan",
          "Train",
          "Steamship",
          "Submarine"
        ],
        "elevationM": 22.12,
        "weatherName": "Ember-Heat Dryline",
        "climateBelt": "Sunbelt reef-wet belt",
        "anchorMode": "surface_anchor",
        "pinPlacement": "surface-land-pin",
        "feature_type": "settlement"
      },
      "geometry": {
        "type": "Point",
        "coordinates": [
          -18.984375,
          -61.40478730201721,
          22.12
        ]
      }
    },
    {
      "type": "Feature",
      "properties": {
        "id": "ceulrithan:Cindrau",
        "name": "Cindrau",
        "province": "Ceulrithan",
        "type": "City",
        "population": 166581383,
        "danger": "High",
        "biomes": [
          "Partial forest",
          "Beach and grass with water",
          "Farming"
        ],
        "primaryBiome": "Partial forest",
        "transportation": [
          "Caravan",
          "Train",
          "Ferry",
          "Steamship",
          "Submarine",
          "Skyship"
        ],
        "elevationM": 3187.58,
        "weatherName": "Violet Backstorm",
        "climateBelt": "Sunbelt reef-wet belt",
        "anchorMode": "surface_anchor",
        "pinPlacement": "surface-land-pin",
        "feature_type": "settlement"
      },
      "geometry": {
        "type": "Point",
        "coordinates": [
          16.171875,
          -30.186030864715576,
          3187.58
        ]
      }
    },
    {
      "type": "Feature",
      "properties": {
        "id": "ceulrithan:Cindréa",
        "name": "Cindréa",
        "province": "Ceulrithan",
        "type": "Town",
        "population": 51872900,
        "danger": "Moderate",
        "biomes": [
          "Farming",
          "Beach and grass with water",
          "Grassland"
        ],
        "primaryBiome": "Farming",
        "transportation": [
          "Caravan",
          "Train",
          "Ferry",
          "Steamship",
          "Submarine"
        ],
        "elevationM": 45.33,
        "weatherName": "Violet Backstorm",
        "climateBelt": "Sunbelt reef-wet belt",
        "anchorMode": "surface_anchor",
        "pinPlacement": "surface-land-pin",
        "feature_type": "settlement"
      },
      "geometry": {
        "type": "Point",
        "coordinates": [
          8.859379291534424,
          -39.04541015625,
          45.33
        ]
      }
    },
    {
      "type": "Feature",
      "properties": {
        "id": "ceulrithan:Faelith",
        "name": "Faelith",
        "province": "Ceulrithan",
        "type": "Town",
        "population": 42791958,
        "danger": "Severe",
        "biomes": [
          "Beach and reefs with water",
          "Ocean Surface floating settlement",
          "Beach and grass with water"
        ],
        "primaryBiome": "Beach and reefs with water",
        "transportation": [
          "Caravan",
          "Train",
          "Steamship",
          "Submarine"
        ],
        "elevationM": 0.0,
        "weatherName": "Violet Backstorm",
        "climateBelt": "Sunbelt reef-wet belt",
        "anchorMode": "floating_surface_anchor",
        "pinPlacement": "ocean-surface-floating-pin",
        "feature_type": "settlement"
      },
      "geometry": {
        "type": "Point",
        "coordinates": [
          -13.218752145767212,
          -50.576655864715576,
          0
        ]
      }
    },
    {
      "type": "Feature",
      "properties": {
        "id": "ceulrithan:Gildri",
        "name": "Gildri",
        "province": "Ceulrithan",
        "type": "Capital City",
        "population": 1274150777,
        "danger": "Severe",
        "biomes": [
          "Beach and grass with water",
          "Beach and reefs with water"
        ],
        "primaryBiome": "Beach and grass with water",
        "transportation": [
          "Caravan",
          "Train",
          "Steamship",
          "Submarine",
          "Skyship",
          "Portal"
        ],
        "elevationM": 0.0,
        "weatherName": "Violet Backstorm",
        "climateBelt": "Sunbelt reef-wet belt",
        "anchorMode": "surface_anchor",
        "pinPlacement": "surface-land-pin",
        "feature_type": "settlement"
      },
      "geometry": {
        "type": "Point",
        "coordinates": [
          1.5468835830688477,
          -49.73291873931885,
          0
        ]
      }
    },
    {
      "type": "Feature",
      "properties": {
        "id": "ceulrithan:Qov'ei",
        "name": "Qov'ei",
        "province": "Ceulrithan",
        "type": "City",
        "population": 265177146,
        "danger": "Severe",
        "biomes": [
          "Beach and grass with water",
          "Beach and reefs with water",
          "Marshes and swamps"
        ],
        "primaryBiome": "Beach and grass with water",
        "transportation": [
          "Caravan",
          "Train",
          "Steamship",
          "Submarine",
          "Skyship"
        ],
        "elevationM": 0.0,
        "weatherName": "Violet Backstorm",
        "climateBelt": "Sunbelt reef-wet belt",
        "anchorMode": "surface_anchor",
        "pinPlacement": "surface-land-pin",
        "feature_type": "settlement"
      },
      "geometry": {
        "type": "Point",
        "coordinates": [
          -2.8125,
          -24.420408010482788,
          0
        ]
      }
    },
    {
      "type": "Feature",
      "properties": {
        "id": "ceulrithan:Rilvays",
        "name": "Rilvays",
        "province": "Ceulrithan",
        "type": "Town",
        "population": 21288572,
        "danger": "Moderate",
        "biomes": [
          "Partial forest",
          "Deep forest",
          "Farming"
        ],
        "primaryBiome": "Partial forest",
        "transportation": [
          "Caravan",
          "Train"
        ],
        "elevationM": 287.72,
        "weatherName": "Violet Backstorm",
        "climateBelt": "Sunbelt reef-wet belt",
        "anchorMode": "surface_anchor",
        "pinPlacement": "surface-land-pin",
        "feature_type": "settlement"
      },
      "geometry": {
        "type": "Point",
        "coordinates": [
          -27.562497854232788,
          -41.71728730201721,
          287.72
        ]
      }
    },
    {
      "type": "Feature",
      "properties": {
        "id": "ceulrithan:Th’oyndor",
        "name": "Th’oyndor",
        "province": "Ceulrithan",
        "type": "Village",
        "population": 2303124,
        "danger": "Low",
        "biomes": [
          "Farming",
          "Partial forest",
          "Grassland"
        ],
        "primaryBiome": "Farming",
        "transportation": [
          "Caravan",
          "Train"
        ],
        "elevationM": 20.0,
        "weatherName": "Violet Backstorm",
        "climateBelt": "Sunbelt reef-wet belt",
        "anchorMode": "surface_anchor",
        "pinPlacement": "surface-land-pin",
        "feature_type": "settlement"
      },
      "geometry": {
        "type": "Point",
        "coordinates": [
          -9.703127145767212,
          -39.60791230201721,
          20.0
        ]
      }
    },
    {
      "type": "Feature",
      "properties": {
        "id": "ceulrithan:Turyne",
        "name": "Turyne",
        "province": "Ceulrithan",
        "type": "City",
        "population": 97261462,
        "danger": "High",
        "biomes": [
          "Partial forest",
          "Farming",
          "Deep forest"
        ],
        "primaryBiome": "Partial forest",
        "transportation": [
          "Caravan",
          "Train",
          "Skyship"
        ],
        "elevationM": 133.33,
        "weatherName": "Violet Backstorm",
        "climateBelt": "Sunbelt reef-wet belt",
        "anchorMode": "surface_anchor",
        "pinPlacement": "surface-land-pin",
        "feature_type": "settlement"
      },
      "geometry": {
        "type": "Point",
        "coordinates": [
          -13.499997854232788,
          -34.68603730201721,
          133.33
        ]
      }
    },
    {
      "type": "Feature",
      "properties": {
        "id": "ceulrithan:Vaelyssa",
        "name": "Vaelyssa",
        "province": "Ceulrithan",
        "type": "Village",
        "population": 5498661,
        "danger": "Low",
        "biomes": [
          "Partial forest",
          "Farming",
          "Deep forest"
        ],
        "primaryBiome": "Partial forest",
        "transportation": [
          "Caravan",
          "Train",
          "Ferry"
        ],
        "elevationM": 266.67,
        "weatherName": "Violet Backstorm",
        "climateBelt": "Sunbelt reef-wet belt",
        "anchorMode": "surface_anchor",
        "pinPlacement": "surface-land-pin",
        "feature_type": "settlement"
      },
      "geometry": {
        "type": "Point",
        "coordinates": [
          2.531254291534424,
          -29.764162302017212,
          266.67
        ]
      }
    },
    {
      "type": "Feature",
      "properties": {
        "id": "drakmorren:Elarûneth",
        "name": "Elarûneth",
        "province": "Drakmorren",
        "type": "Town",
        "population": 6603418,
        "danger": "Moderate",
        "biomes": [
          "Beach and grass with water",
          "Farming",
          "Mountain range"
        ],
        "primaryBiome": "Beach and grass with water",
        "transportation": [
          "Caravan",
          "Train",
          "Ferry",
          "Steamship",
          "Submarine"
        ],
        "elevationM": 3585.09,
        "weatherName": "Dragon-Anvil Gales",
        "climateBelt": "Sunbelt reef-wet belt",
        "anchorMode": "surface_anchor",
        "pinPlacement": "surface-land-pin",
        "feature_type": "settlement"
      },
      "geometry": {
        "type": "Point",
        "coordinates": [
          122.66834020614624,
          54.61409389972687,
          3585.09
        ]
      }
    },
    {
      "type": "Feature",
      "properties": {
        "id": "drakmorren:Fenwyrd",
        "name": "Fenwyrd",
        "province": "Drakmorren",
        "type": "City",
        "population": 196174799,
        "danger": "Severe",
        "biomes": [
          "Mountain range",
          "Deep cavern",
          "Valley"
        ],
        "primaryBiome": "Mountain range",
        "transportation": [
          "Caravan",
          "Train",
          "Ferry",
          "Skyship"
        ],
        "elevationM": -1500.0,
        "weatherName": "Dragon-Anvil Gales",
        "climateBelt": "Sunbelt reef-wet belt",
        "anchorMode": "inside_mountain_anchor",
        "pinPlacement": "deep-mountain-pin",
        "feature_type": "settlement"
      },
      "geometry": {
        "type": "Point",
        "coordinates": [
          134.94815826416016,
          51.592561304569244,
          -1500.0
        ]
      }
    },
    {
      "type": "Feature",
      "properties": {
        "id": "drakmorren:Grimvald",
        "name": "Grimvald",
        "province": "Drakmorren",
        "type": "Capital City",
        "population": 446763779,
        "danger": "Severe",
        "biomes": [
          "Deep cavern",
          "Mountain range",
          "Valley"
        ],
        "primaryBiome": "Deep cavern",
        "transportation": [
          "Caravan",
          "Train",
          "Ferry",
          "Steamship",
          "Submarine",
          "Skyship",
          "Portal"
        ],
        "elevationM": -6200.0,
        "weatherName": "Dragon-Anvil Gales",
        "climateBelt": "Sunbelt reef-wet belt",
        "anchorMode": "subsurface_cavern_anchor",
        "pinPlacement": "deep-mountain-cavern-pin",
        "feature_type": "settlement"
      },
      "geometry": {
        "type": "Point",
        "coordinates": [
          136.84630393981934,
          62.20666855573654,
          -6200.0
        ]
      }
    },
    {
      "type": "Feature",
      "properties": {
        "id": "drakmorren:Heth'vára",
        "name": "Heth'vára",
        "province": "Drakmorren",
        "type": "Town",
        "population": 22192760,
        "danger": "High",
        "biomes": [
          "Mountain range",
          "Beach and grass with water",
          "Valley"
        ],
        "primaryBiome": "Mountain range",
        "transportation": [
          "Caravan",
          "Train",
          "Ferry",
          "Steamship",
          "Submarine"
        ],
        "elevationM": 4600.0,
        "weatherName": "Dragon-Anvil Gales",
        "climateBelt": "Sunbelt reef-wet belt",
        "anchorMode": "surface_and_ledge_anchor",
        "pinPlacement": "mountain-side-hybrid-pin",
        "feature_type": "settlement"
      },
      "geometry": {
        "type": "Point",
        "coordinates": [
          155.36288022994995,
          56.24107360839844,
          4600.0
        ]
      }
    },
    {
      "type": "Feature",
      "properties": {
        "id": "drakmorren:Kharrowfen",
        "name": "Kharrowfen",
        "province": "Drakmorren",
        "type": "City",
        "population": 90399862,
        "danger": "Severe",
        "biomes": [
          "Underwater without reefs"
        ],
        "primaryBiome": "Underwater without reefs",
        "transportation": [
          "Submarine",
          "Skyship"
        ],
        "elevationM": -7106.0,
        "weatherName": "Dragon-Anvil Gales",
        "climateBelt": "Sunbelt reef-wet belt",
        "anchorMode": "underwater_anchor",
        "pinPlacement": "underwater-pin",
        "feature_type": "settlement"
      },
      "geometry": {
        "type": "Point",
        "coordinates": [
          137.07873344421387,
          78.47646698355675,
          -7106.0
        ]
      }
    },
    {
      "type": "Feature",
      "properties": {
        "id": "drakmorren:Morvakar",
        "name": "Morvakar",
        "province": "Drakmorren",
        "type": "Town",
        "population": 38762722,
        "danger": "Elevated",
        "biomes": [
          "Beach and grass with water",
          "Beach and reefs with water",
          "Farming"
        ],
        "primaryBiome": "Beach and grass with water",
        "transportation": [
          "Caravan",
          "Train",
          "Ferry",
          "Steamship",
          "Submarine"
        ],
        "elevationM": 63.91,
        "weatherName": "Dragon-Anvil Gales",
        "climateBelt": "Sunbelt reef-wet belt",
        "anchorMode": "surface_anchor",
        "pinPlacement": "surface-land-pin",
        "feature_type": "settlement"
      },
      "geometry": {
        "type": "Point",
        "coordinates": [
          114.80459690093994,
          68.7533238530159,
          63.91
        ]
      }
    },
    {
      "type": "Feature",
      "properties": {
        "id": "drakmorren:Myraléon",
        "name": "Myraléon",
        "province": "Drakmorren",
        "type": "Village",
        "population": 3006814,
        "danger": "Elevated",
        "biomes": [
          "Beach and grass with water",
          "Ocean Surface floating settlement"
        ],
        "primaryBiome": "Beach and grass with water",
        "transportation": [
          "Caravan",
          "Train",
          "Steamship",
          "Submarine"
        ],
        "elevationM": 0.0,
        "weatherName": "Dragon-Anvil Gales",
        "climateBelt": "Sunbelt reef-wet belt",
        "anchorMode": "floating_surface_anchor",
        "pinPlacement": "ocean-surface-floating-pin",
        "feature_type": "settlement"
      },
      "geometry": {
        "type": "Point",
        "coordinates": [
          146.1046028137207,
          69.45060297846794,
          0
        ]
      }
    },
    {
      "type": "Feature",
      "properties": {
        "id": "drakmorren:Skarnfell",
        "name": "Skarnfell",
        "province": "Drakmorren",
        "type": "Village",
        "population": 2537705,
        "danger": "Moderate",
        "biomes": [
          "Grassland",
          "Beach and grass with water",
          "Beach and reefs with water"
        ],
        "primaryBiome": "Grassland",
        "transportation": [
          "Caravan",
          "Train",
          "Ferry",
          "Steamship",
          "Submarine"
        ],
        "elevationM": 77.43,
        "weatherName": "Dragon-Anvil Gales",
        "climateBelt": "Sunbelt reef-wet belt",
        "anchorMode": "surface_anchor",
        "pinPlacement": "surface-land-pin",
        "feature_type": "settlement"
      },
      "geometry": {
        "type": "Point",
        "coordinates": [
          111.31821870803833,
          62.129190266132355,
          77.43
        ]
      }
    },
    {
      "type": "Feature",
      "properties": {
        "id": "drakmorren:Vaelorûn",
        "name": "Vaelorûn",
        "province": "Drakmorren",
        "type": "Village",
        "population": 4116937,
        "danger": "Elevated",
        "biomes": [
          "Beach and reefs with water",
          "Ocean Surface floating settlement",
          "Beach and grass with water"
        ],
        "primaryBiome": "Beach and reefs with water",
        "transportation": [
          "Caravan",
          "Train",
          "Steamship",
          "Submarine"
        ],
        "elevationM": 0.0,
        "weatherName": "Dragon-Anvil Gales",
        "climateBelt": "Sunbelt reef-wet belt",
        "anchorMode": "floating_surface_anchor",
        "pinPlacement": "ocean-surface-floating-pin",
        "feature_type": "settlement"
      },
      "geometry": {
        "type": "Point",
        "coordinates": [
          123.36562871932983,
          71.58117145299911,
          0
        ]
      }
    },
    {
      "type": "Feature",
      "properties": {
        "id": "drakmorren:Vorakmar",
        "name": "Vorakmar",
        "province": "Drakmorren",
        "type": "City",
        "population": 162613885,
        "danger": "Severe",
        "biomes": [
          "Beach and grass with water",
          "Mountain range",
          "Beach and reefs with water"
        ],
        "primaryBiome": "Beach and grass with water",
        "transportation": [
          "Caravan",
          "Train",
          "Steamship",
          "Submarine",
          "Skyship"
        ],
        "elevationM": 0.0,
        "weatherName": "Dragon-Anvil Gales",
        "climateBelt": "Sunbelt reef-wet belt",
        "anchorMode": "surface_anchor",
        "pinPlacement": "surface-land-pin",
        "feature_type": "settlement"
      },
      "geometry": {
        "type": "Point",
        "coordinates": [
          146.37576341629028,
          60.657164454460144,
          0
        ]
      }
    },
    {
      "type": "Feature",
      "properties": {
        "id": "earrorim:Glattonica",
        "name": "Glattonica",
        "province": "Earrorim",
        "type": "Capital City",
        "population": 544175476,
        "danger": "Severe",
        "biomes": [
          "Beach and grass with water",
          "Partial forest",
          "Deep forest"
        ],
        "primaryBiome": "Beach and grass with water",
        "transportation": [
          "Caravan",
          "Train",
          "Ferry",
          "Steamship",
          "Submarine",
          "Skyship",
          "Portal"
        ],
        "elevationM": 55.31,
        "weatherName": "Crimson Dustburst",
        "climateBelt": "Sunbelt reef-wet belt",
        "anchorMode": "surface_anchor",
        "pinPlacement": "surface-land-pin",
        "feature_type": "settlement"
      },
      "geometry": {
        "type": "Point",
        "coordinates": [
          -91.54687285423279,
          33.095213770866394,
          55.31
        ]
      }
    },
    {
      "type": "Feature",
      "properties": {
        "id": "earrorim:Iciarene",
        "name": "Iciarene",
        "province": "Earrorim",
        "type": "City",
        "population": 133655716,
        "danger": "Severe",
        "biomes": [
          "Partial forest",
          "Marshes and swamps",
          "Beach and grass with water"
        ],
        "primaryBiome": "Partial forest",
        "transportation": [
          "Caravan",
          "Train",
          "Steamship",
          "Submarine",
          "Skyship"
        ],
        "elevationM": 13.4,
        "weatherName": "Crimson Dustburst",
        "climateBelt": "Sunbelt reef-wet belt",
        "anchorMode": "surface_anchor",
        "pinPlacement": "surface-land-pin",
        "feature_type": "settlement"
      },
      "geometry": {
        "type": "Point",
        "coordinates": [
          -130.2187478542328,
          39.282715916633606,
          13.4
        ]
      }
    },
    {
      "type": "Feature",
      "properties": {
        "id": "earrorim:Myralûn",
        "name": "Myralûn",
        "province": "Earrorim",
        "type": "Town",
        "population": 25846353,
        "danger": "Elevated",
        "biomes": [
          "Beach and reefs with water",
          "Ocean Surface floating settlement",
          "Beach and grass with water"
        ],
        "primaryBiome": "Beach and reefs with water",
        "transportation": [
          "Caravan",
          "Train",
          "Steamship",
          "Submarine"
        ],
        "elevationM": 0.0,
        "weatherName": "Crimson Dustburst",
        "climateBelt": "Sunbelt reef-wet belt",
        "anchorMode": "floating_surface_anchor",
        "pinPlacement": "ocean-surface-floating-pin",
        "feature_type": "settlement"
      },
      "geometry": {
        "type": "Point",
        "coordinates": [
          -76.50000214576721,
          31.829581260681152,
          0
        ]
      }
    },
    {
      "type": "Feature",
      "properties": {
        "id": "earrorim:Obriasos",
        "name": "Obriasos",
        "province": "Earrorim",
        "type": "Town",
        "population": 34032161,
        "danger": "Low",
        "biomes": [
          "Beach and grass with water",
          "Partial forest",
          "Farming"
        ],
        "primaryBiome": "Beach and grass with water",
        "transportation": [
          "Caravan",
          "Train",
          "Ferry",
          "Steamship",
          "Submarine"
        ],
        "elevationM": 252.63,
        "weatherName": "Crimson Dustburst",
        "climateBelt": "Sunbelt reef-wet belt",
        "anchorMode": "surface_anchor",
        "pinPlacement": "surface-land-pin",
        "feature_type": "settlement"
      },
      "geometry": {
        "type": "Point",
        "coordinates": [
          -111.23437285423279,
          26.767094135284424,
          252.63
        ]
      }
    },
    {
      "type": "Feature",
      "properties": {
        "id": "earrorim:Solvyréa",
        "name": "Solvyréa",
        "province": "Earrorim",
        "type": "Village",
        "population": 5506667,
        "danger": "Low",
        "biomes": [
          "Partial forest",
          "Treetops - treehouses",
          "Beach and grass with water"
        ],
        "primaryBiome": "Partial forest",
        "transportation": [
          "Caravan",
          "Train",
          "Ferry",
          "Steamship",
          "Submarine"
        ],
        "elevationM": 17.23,
        "weatherName": "Crimson Dustburst",
        "climateBelt": "Sunbelt reef-wet belt",
        "anchorMode": "surface_anchor",
        "pinPlacement": "surface-land-pin",
        "feature_type": "settlement"
      },
      "geometry": {
        "type": "Point",
        "coordinates": [
          -120.37499785423279,
          42.938969135284424,
          17.23
        ]
      }
    },
    {
      "type": "Feature",
      "properties": {
        "id": "earrorim:Ullunor",
        "name": "Ullunor",
        "province": "Earrorim",
        "type": "City",
        "population": 148574987,
        "danger": "Moderate",
        "biomes": [
          "Farming",
          "Beach and grass with water",
          "Partial forest"
        ],
        "primaryBiome": "Farming",
        "transportation": [
          "Caravan",
          "Train",
          "Ferry",
          "Steamship",
          "Submarine",
          "Skyship"
        ],
        "elevationM": 509.28,
        "weatherName": "Crimson Dustburst",
        "climateBelt": "Sunbelt reef-wet belt",
        "anchorMode": "surface_anchor",
        "pinPlacement": "surface-land-pin",
        "feature_type": "settlement"
      },
      "geometry": {
        "type": "Point",
        "coordinates": [
          -111.23437285423279,
          43.642094135284424,
          509.28
        ]
      }
    },
    {
      "type": "Feature",
      "properties": {
        "id": "earrorim:Vaelynor",
        "name": "Vaelynor",
        "province": "Earrorim",
        "type": "Village",
        "population": 5778148,
        "danger": "Moderate",
        "biomes": [
          "Beach and grass with water",
          "Beach and reefs with water"
        ],
        "primaryBiome": "Beach and grass with water",
        "transportation": [
          "Caravan",
          "Train",
          "Steamship",
          "Submarine"
        ],
        "elevationM": 0.0,
        "weatherName": "Crimson Dustburst",
        "climateBelt": "Sunbelt reef-wet belt",
        "anchorMode": "surface_anchor",
        "pinPlacement": "surface-land-pin",
        "feature_type": "settlement"
      },
      "geometry": {
        "type": "Point",
        "coordinates": [
          -103.98932736328125,
          48.37847291015625,
          0
        ]
      }
    },
    {
      "type": "Feature",
      "properties": {
        "id": "earrorim:Wagriolyn",
        "name": "Wagriolyn",
        "province": "Earrorim",
        "type": "City",
        "population": 306698466,
        "danger": "Elevated",
        "biomes": [
          "Farming",
          "Beach and reefs with water",
          "Beach and grass with water"
        ],
        "primaryBiome": "Farming",
        "transportation": [
          "Caravan",
          "Train",
          "Steamship",
          "Submarine",
          "Skyship"
        ],
        "elevationM": 0.0,
        "weatherName": "Crimson Dustburst",
        "climateBelt": "Sunbelt reef-wet belt",
        "anchorMode": "surface_anchor",
        "pinPlacement": "surface-land-pin",
        "feature_type": "settlement"
      },
      "geometry": {
        "type": "Point",
        "coordinates": [
          -94.78124678134918,
          40.829594135284424,
          0
        ]
      }
    },
    {
      "type": "Feature",
      "properties": {
        "id": "earrorim:Wrasserah",
        "name": "Wrasserah",
        "province": "Earrorim",
        "type": "Town",
        "population": 51020446,
        "danger": "Moderate",
        "biomes": [
          "Beach and grass with water",
          "Partial forest",
          "Treetops - treehouses"
        ],
        "primaryBiome": "Beach and grass with water",
        "transportation": [
          "Caravan",
          "Train",
          "Ferry",
          "Steamship",
          "Submarine"
        ],
        "elevationM": 379.4,
        "weatherName": "Crimson Dustburst",
        "climateBelt": "Sunbelt reef-wet belt",
        "anchorMode": "surface_anchor",
        "pinPlacement": "surface-land-pin",
        "feature_type": "settlement"
      },
      "geometry": {
        "type": "Point",
        "coordinates": [
          -83.53125214576721,
          37.73584306240082,
          379.4
        ]
      }
    },
    {
      "type": "Feature",
      "properties": {
        "id": "eldermere:Aelgrove",
        "name": "Aelgrove",
        "province": "Eldermere",
        "type": "City",
        "population": 443008052,
        "danger": "Elevated",
        "biomes": [
          "Beach and grass with water",
          "Deep forest",
          "Partial forest"
        ],
        "primaryBiome": "Beach and grass with water",
        "transportation": [
          "Caravan",
          "Train",
          "Ferry",
          "Steamship",
          "Submarine",
          "Skyship"
        ],
        "elevationM": 776.05,
        "weatherName": "Palebay Drizzle",
        "climateBelt": "Sunbelt reef-wet belt",
        "anchorMode": "surface_anchor",
        "pinPlacement": "surface-land-pin",
        "feature_type": "settlement"
      },
      "geometry": {
        "type": "Point",
        "coordinates": [
          88.41934204101562,
          43.56755554676056,
          776.05
        ]
      }
    },
    {
      "type": "Feature",
      "properties": {
        "id": "eldermere:Cloverfen",
        "name": "Cloverfen",
        "province": "Eldermere",
        "type": "Town",
        "population": 40118720,
        "danger": "Low",
        "biomes": [
          "Farming",
          "Grassland",
          "Hybrid tree and forest floor"
        ],
        "primaryBiome": "Farming",
        "transportation": [
          "Caravan",
          "Train",
          "Ferry"
        ],
        "elevationM": 181.33,
        "weatherName": "Palebay Drizzle",
        "climateBelt": "Sunbelt reef-wet belt",
        "anchorMode": "surface_anchor",
        "pinPlacement": "surface-land-pin",
        "feature_type": "settlement"
      },
      "geometry": {
        "type": "Point",
        "coordinates": [
          146.36548519134521,
          43.619064688682556,
          181.33
        ]
      }
    },
    {
      "type": "Feature",
      "properties": {
        "id": "eldermere:Faelmere",
        "name": "Faelmere",
        "province": "Eldermere",
        "type": "Town",
        "population": 67309830,
        "danger": "Low",
        "biomes": [
          "Mountain range",
          "Beach and grass with water",
          "Farming"
        ],
        "primaryBiome": "Mountain range",
        "transportation": [
          "Caravan",
          "Train",
          "Ferry",
          "Steamship",
          "Submarine"
        ],
        "elevationM": 4600.0,
        "weatherName": "Palebay Drizzle",
        "climateBelt": "Sunbelt reef-wet belt",
        "anchorMode": "surface_and_ledge_anchor",
        "pinPlacement": "mountain-side-hybrid-pin",
        "feature_type": "settlement"
      },
      "geometry": {
        "type": "Point",
        "coordinates": [
          158.88185262680054,
          40.83765149116516,
          4600.0
        ]
      }
    },
    {
      "type": "Feature",
      "properties": {
        "id": "eldermere:Greenhollow Plains",
        "name": "Greenhollow Plains",
        "province": "Eldermere",
        "type": "Village",
        "population": 1108875,
        "danger": "Low",
        "biomes": [
          "Farming",
          "Partial forest",
          "Deep forest"
        ],
        "primaryBiome": "Farming",
        "transportation": [
          "Caravan",
          "Train"
        ],
        "elevationM": 876.65,
        "weatherName": "Palebay Drizzle",
        "climateBelt": "Sunbelt reef-wet belt",
        "anchorMode": "surface_anchor",
        "pinPlacement": "surface-land-pin",
        "feature_type": "settlement"
      },
      "geometry": {
        "type": "Point",
        "coordinates": [
          136.96874141693115,
          35.907713770866394,
          876.65
        ]
      }
    },
    {
      "type": "Feature",
      "properties": {
        "id": "eldermere:Harvestmere",
        "name": "Harvestmere",
        "province": "Eldermere",
        "type": "Village",
        "population": 4563059,
        "danger": "Low",
        "biomes": [
          "Partial forest",
          "Beach and grass with water",
          "Deep forest"
        ],
        "primaryBiome": "Partial forest",
        "transportation": [
          "Caravan",
          "Train",
          "Ferry",
          "Steamship",
          "Submarine"
        ],
        "elevationM": 705.88,
        "weatherName": "Palebay Drizzle",
        "climateBelt": "Sunbelt reef-wet belt",
        "anchorMode": "surface_anchor",
        "pinPlacement": "surface-land-pin",
        "feature_type": "settlement"
      },
      "geometry": {
        "type": "Point",
        "coordinates": [
          92.02487468719482,
          51.29370957612991,
          705.88
        ]
      }
    },
    {
      "type": "Feature",
      "properties": {
        "id": "eldermere:Lunebriar",
        "name": "Lunebriar",
        "province": "Eldermere",
        "type": "Village",
        "population": 2845798,
        "danger": "Low",
        "biomes": [
          "Deep forest",
          "Partial forest",
          "Farming"
        ],
        "primaryBiome": "Deep forest",
        "transportation": [
          "Caravan",
          "Train"
        ],
        "elevationM": 1087.29,
        "weatherName": "Palebay Drizzle",
        "climateBelt": "Sunbelt reef-wet belt",
        "anchorMode": "surface_anchor",
        "pinPlacement": "surface-land-pin",
        "feature_type": "settlement"
      },
      "geometry": {
        "type": "Point",
        "coordinates": [
          160.87499141693115,
          34.501463770866394,
          1087.29
        ]
      }
    },
    {
      "type": "Feature",
      "properties": {
        "id": "eldermere:Mossvale",
        "name": "Mossvale",
        "province": "Eldermere",
        "type": "Town",
        "population": 45132766,
        "danger": "Low",
        "biomes": [
          "Farming",
          "Beach and grass with water",
          "Beach and reefs with water"
        ],
        "primaryBiome": "Farming",
        "transportation": [
          "Caravan",
          "Train",
          "Ferry",
          "Steamship",
          "Submarine"
        ],
        "elevationM": 84.0,
        "weatherName": "Palebay Drizzle",
        "climateBelt": "Sunbelt reef-wet belt",
        "anchorMode": "surface_anchor",
        "pinPlacement": "surface-land-pin",
        "feature_type": "settlement"
      },
      "geometry": {
        "type": "Point",
        "coordinates": [
          111.9068455696106,
          50.263556241989136,
          84.0
        ]
      }
    },
    {
      "type": "Feature",
      "properties": {
        "id": "eldermere:Oakenshire",
        "name": "Oakenshire",
        "province": "Eldermere",
        "type": "City",
        "population": 140523365,
        "danger": "Moderate",
        "biomes": [
          "Deep cavern",
          "Mountain range",
          "Partial forest"
        ],
        "primaryBiome": "Deep cavern",
        "transportation": [
          "Caravan",
          "Train",
          "Skyship"
        ],
        "elevationM": -6200.0,
        "weatherName": "Palebay Drizzle",
        "climateBelt": "Sunbelt reef-wet belt",
        "anchorMode": "subsurface_cavern_anchor",
        "pinPlacement": "deep-mountain-cavern-pin",
        "feature_type": "settlement"
      },
      "geometry": {
        "type": "Point",
        "coordinates": [
          99.23593997955322,
          47.121587097644806,
          -6200.0
        ]
      }
    },
    {
      "type": "Feature",
      "properties": {
        "id": "eldermere:Riverbloom",
        "name": "Riverbloom",
        "province": "Eldermere",
        "type": "City",
        "population": 374028306,
        "danger": "High",
        "biomes": [
          "Beach and grass with water",
          "Beach and reefs with water",
          "Partial forest"
        ],
        "primaryBiome": "Beach and grass with water",
        "transportation": [
          "Caravan",
          "Train",
          "Steamship",
          "Submarine",
          "Skyship"
        ],
        "elevationM": 0.0,
        "weatherName": "Palebay Drizzle",
        "climateBelt": "Sunbelt reef-wet belt",
        "anchorMode": "surface_anchor",
        "pinPlacement": "surface-land-pin",
        "feature_type": "settlement"
      },
      "geometry": {
        "type": "Point",
        "coordinates": [
          167.34375,
          29.298337697982788,
          0
        ]
      }
    },
    {
      "type": "Feature",
      "properties": {
        "id": "eldermere:Sylvanreach",
        "name": "Sylvanreach",
        "province": "Eldermere",
        "type": "Capital City",
        "population": 1193912306,
        "danger": "Moderate",
        "biomes": [
          "Farming",
          "Partial forest",
          "Deep forest"
        ],
        "primaryBiome": "Farming",
        "transportation": [
          "Caravan",
          "Train",
          "Ferry",
          "Skyship",
          "Portal"
        ],
        "elevationM": 617.54,
        "weatherName": "Palebay Drizzle",
        "climateBelt": "Sunbelt reef-wet belt",
        "anchorMode": "surface_anchor",
        "pinPlacement": "surface-land-pin",
        "feature_type": "settlement"
      },
      "geometry": {
        "type": "Point",
        "coordinates": [
          110.51613092422485,
          43.20700764656067,
          617.54
        ]
      }
    },
    {
      "type": "Feature",
      "properties": {
        "id": "eldravire_riverrealm:Aelrúnor",
        "name": "Aelrúnor",
        "province": "El'dravire Riverrealm",
        "type": "Town",
        "population": 31141939,
        "danger": "Moderate",
        "biomes": [
          "Marshes and swamps",
          "Partial forest",
          "Beach and grass with water"
        ],
        "primaryBiome": "Marshes and swamps",
        "transportation": [
          "Caravan",
          "Train",
          "Steamship",
          "Submarine"
        ],
        "elevationM": 11.06,
        "weatherName": "Seven-Mouth Monsoon",
        "climateBelt": "Sunbelt reef-wet belt",
        "anchorMode": "surface_anchor",
        "pinPlacement": "surface-land-pin",
        "feature_type": "settlement"
      },
      "geometry": {
        "type": "Point",
        "coordinates": [
          66.23438358306885,
          -16.967289447784424,
          11.06
        ]
      }
    },
    {
      "type": "Feature",
      "properties": {
        "id": "eldravire_riverrealm:Caelthyrûn",
        "name": "Caelthyrûn",
        "province": "El'dravire Riverrealm",
        "type": "Town",
        "population": 53206712,
        "danger": "Moderate",
        "biomes": [
          "Beach and reefs with water",
          "Beach and grass with water",
          "Partial forest"
        ],
        "primaryBiome": "Beach and reefs with water",
        "transportation": [
          "Caravan",
          "Train",
          "Steamship",
          "Submarine"
        ],
        "elevationM": 0.0,
        "weatherName": "Seven-Mouth Monsoon",
        "climateBelt": "Sunbelt reef-wet belt",
        "anchorMode": "surface_anchor",
        "pinPlacement": "surface-land-pin",
        "feature_type": "settlement"
      },
      "geometry": {
        "type": "Point",
        "coordinates": [
          64.54686641693115,
          -4.029783010482788,
          0
        ]
      }
    },
    {
      "type": "Feature",
      "properties": {
        "id": "eldravire_riverrealm:Cyréthar",
        "name": "Cyréthar",
        "province": "El'dravire Riverrealm",
        "type": "Town",
        "population": 78147842,
        "danger": "Elevated",
        "biomes": [
          "Beach and grass with water",
          "Beach and reefs with water"
        ],
        "primaryBiome": "Beach and grass with water",
        "transportation": [
          "Caravan",
          "Train",
          "Steamship",
          "Submarine"
        ],
        "elevationM": 2.46,
        "weatherName": "Seven-Mouth Monsoon",
        "climateBelt": "Sunbelt reef-wet belt",
        "anchorMode": "surface_anchor",
        "pinPlacement": "surface-land-pin",
        "feature_type": "settlement"
      },
      "geometry": {
        "type": "Point",
        "coordinates": [
          83.671875,
          -5.154787302017212,
          2.46
        ]
      }
    },
    {
      "type": "Feature",
      "properties": {
        "id": "eldravire_riverrealm:Fael'ryss",
        "name": "Fael'ryss",
        "province": "El'dravire Riverrealm",
        "type": "Town",
        "population": 47146601,
        "danger": "Moderate",
        "biomes": [
          "Beach and grass with water",
          "Partial forest",
          "Marshes and swamps"
        ],
        "primaryBiome": "Beach and grass with water",
        "transportation": [
          "Caravan",
          "Train",
          "Ferry",
          "Steamship",
          "Submarine"
        ],
        "elevationM": 67.02,
        "weatherName": "Seven-Mouth Monsoon",
        "climateBelt": "Sunbelt reef-wet belt",
        "anchorMode": "surface_anchor",
        "pinPlacement": "surface-land-pin",
        "feature_type": "settlement"
      },
      "geometry": {
        "type": "Point",
        "coordinates": [
          43.312504291534424,
          -33.98291230201721,
          67.02
        ]
      }
    },
    {
      "type": "Feature",
      "properties": {
        "id": "eldravire_riverrealm:Lorangriel",
        "name": "Lorangriel",
        "province": "El'dravire Riverrealm",
        "type": "Capital City",
        "population": 1731745738,
        "danger": "High",
        "biomes": [
          "Beach and grass with water",
          "Farming",
          "Beach and reefs with water"
        ],
        "primaryBiome": "Beach and grass with water",
        "transportation": [
          "Caravan",
          "Train",
          "Steamship",
          "Submarine",
          "Skyship",
          "Portal"
        ],
        "elevationM": 34.41,
        "weatherName": "Seven-Mouth Monsoon",
        "climateBelt": "Sunbelt reef-wet belt",
        "anchorMode": "surface_anchor",
        "pinPlacement": "surface-land-pin",
        "feature_type": "settlement"
      },
      "geometry": {
        "type": "Point",
        "coordinates": [
          44.015629291534424,
          -53.95166873931885,
          34.41
        ]
      }
    },
    {
      "type": "Feature",
      "properties": {
        "id": "eldravire_riverrealm:Maelvéra",
        "name": "Maelvéra",
        "province": "El'dravire Riverrealm",
        "type": "Village",
        "population": 5190557,
        "danger": "Low",
        "biomes": [
          "Beach and grass with water",
          "Farming",
          "Beach and reefs with water"
        ],
        "primaryBiome": "Beach and grass with water",
        "transportation": [
          "Caravan",
          "Train",
          "Ferry",
          "Steamship",
          "Submarine"
        ],
        "elevationM": 0.0,
        "weatherName": "Seven-Mouth Monsoon",
        "climateBelt": "Sunbelt reef-wet belt",
        "anchorMode": "surface_anchor",
        "pinPlacement": "surface-land-pin",
        "feature_type": "settlement"
      },
      "geometry": {
        "type": "Point",
        "coordinates": [
          47.95313358306885,
          -61.264164447784424,
          0
        ]
      }
    },
    {
      "type": "Feature",
      "properties": {
        "id": "eldravire_riverrealm:Merrinthal",
        "name": "Merrinthal",
        "province": "El'dravire Riverrealm",
        "type": "City",
        "population": 257590202,
        "danger": "Severe",
        "biomes": [
          "Beach and grass with water",
          "Beach and reefs with water"
        ],
        "primaryBiome": "Beach and grass with water",
        "transportation": [
          "Caravan",
          "Train",
          "Steamship",
          "Submarine",
          "Skyship"
        ],
        "elevationM": 0.0,
        "weatherName": "Seven-Mouth Monsoon",
        "climateBelt": "Sunbelt reef-wet belt",
        "anchorMode": "surface_anchor",
        "pinPlacement": "surface-land-pin",
        "feature_type": "settlement"
      },
      "geometry": {
        "type": "Point",
        "coordinates": [
          48.234379291534424,
          -43.96728515625,
          0
        ]
      }
    },
    {
      "type": "Feature",
      "properties": {
        "id": "eldravire_riverrealm:Murethash",
        "name": "Murethash",
        "province": "El'dravire Riverrealm",
        "type": "City",
        "population": 383110819,
        "danger": "Severe",
        "biomes": [
          "Ocean Surface floating settlement",
          "Underwater with reefs"
        ],
        "primaryBiome": "Ocean Surface floating settlement",
        "transportation": [
          "Steamship",
          "Submarine",
          "Skyship"
        ],
        "elevationM": -3732.0,
        "weatherName": "Seven-Mouth Monsoon",
        "climateBelt": "Sunbelt reef-wet belt",
        "anchorMode": "underwater_anchor",
        "pinPlacement": "underwater-pin",
        "feature_type": "settlement"
      },
      "geometry": {
        "type": "Point",
        "coordinates": [
          46.96874141693115,
          -10.076662302017212,
          -3732.0
        ]
      }
    },
    {
      "type": "Feature",
      "properties": {
        "id": "eldravire_riverrealm:Or'lythae",
        "name": "Or'lythae",
        "province": "El'dravire Riverrealm",
        "type": "Village",
        "population": 12294969,
        "danger": "Low",
        "biomes": [
          "Farming",
          "Partial forest",
          "Deep forest"
        ],
        "primaryBiome": "Farming",
        "transportation": [
          "Caravan",
          "Train",
          "Ferry"
        ],
        "elevationM": 145.33,
        "weatherName": "Seven-Mouth Monsoon",
        "climateBelt": "Sunbelt reef-wet belt",
        "anchorMode": "surface_anchor",
        "pinPlacement": "surface-land-pin",
        "feature_type": "settlement"
      },
      "geometry": {
        "type": "Point",
        "coordinates": [
          86.90625429153442,
          12.704588770866394,
          145.33
        ]
      }
    },
    {
      "type": "Feature",
      "properties": {
        "id": "eldravire_riverrealm:Thyralûn",
        "name": "Thyralûn",
        "province": "El'dravire Riverrealm",
        "type": "Village",
        "population": 3622720,
        "danger": "Low",
        "biomes": [
          "Farming",
          "Partial forest",
          "Beach and grass with water"
        ],
        "primaryBiome": "Farming",
        "transportation": [
          "Caravan",
          "Train",
          "Ferry",
          "Steamship",
          "Submarine"
        ],
        "elevationM": 538.8,
        "weatherName": "Seven-Mouth Monsoon",
        "climateBelt": "Sunbelt reef-wet belt",
        "anchorMode": "surface_anchor",
        "pinPlacement": "surface-land-pin",
        "feature_type": "settlement"
      },
      "geometry": {
        "type": "Point",
        "coordinates": [
          72.421875,
          7.642090916633606,
          538.8
        ]
      }
    },
    {
      "type": "Feature",
      "properties": {
        "id": "eldravire_riverrealm:Veloraskkis",
        "name": "Veloraskkis",
        "province": "El'dravire Riverrealm",
        "type": "City",
        "population": 406273196,
        "danger": "High",
        "biomes": [
          "Beach and grass with water",
          "Marshes and swamps",
          "Partial forest"
        ],
        "primaryBiome": "Beach and grass with water",
        "transportation": [
          "Caravan",
          "Train",
          "Ferry",
          "Steamship",
          "Submarine",
          "Skyship"
        ],
        "elevationM": 28.27,
        "weatherName": "Seven-Mouth Monsoon",
        "climateBelt": "Sunbelt reef-wet belt",
        "anchorMode": "surface_anchor",
        "pinPlacement": "surface-land-pin",
        "feature_type": "settlement"
      },
      "geometry": {
        "type": "Point",
        "coordinates": [
          97.31249570846558,
          -2.342287302017212,
          28.27
        ]
      }
    },
    {
      "type": "Feature",
      "properties": {
        "id": "eldravire_riverrealm:Yi’vanyr",
        "name": "Yi’vanyr",
        "province": "El'dravire Riverrealm",
        "type": "City",
        "population": 355967628,
        "danger": "High",
        "biomes": [
          "Beach and grass with water",
          "Beach and reefs with water",
          "Partial forest"
        ],
        "primaryBiome": "Beach and grass with water",
        "transportation": [
          "Caravan",
          "Train",
          "Steamship",
          "Submarine",
          "Skyship"
        ],
        "elevationM": 43.02,
        "weatherName": "Seven-Mouth Monsoon",
        "climateBelt": "Sunbelt reef-wet belt",
        "anchorMode": "surface_anchor",
        "pinPlacement": "surface-land-pin",
        "feature_type": "settlement"
      },
      "geometry": {
        "type": "Point",
        "coordinates": [
          39.093754291534424,
          -25.967280864715576,
          43.02
        ]
      }
    },
    {
      "type": "Feature",
      "properties": {
        "id": "falthrakar:Aelthéon",
        "name": "Aelthéon",
        "province": "Falthrakar",
        "type": "Town",
        "population": 92861863,
        "danger": "Elevated",
        "biomes": [
          "Beach and grass with water",
          "Partial forest",
          "Deep forest"
        ],
        "primaryBiome": "Beach and grass with water",
        "transportation": [
          "Caravan",
          "Train",
          "Ferry",
          "Steamship",
          "Submarine"
        ],
        "elevationM": 74.68,
        "weatherName": "Greenwall Rainshadow",
        "climateBelt": "Sunbelt reef-wet belt",
        "anchorMode": "surface_anchor",
        "pinPlacement": "surface-land-pin",
        "feature_type": "settlement"
      },
      "geometry": {
        "type": "Point",
        "coordinates": [
          0.9843707084655762,
          44.06396806240082,
          74.68
        ]
      }
    },
    {
      "type": "Feature",
      "properties": {
        "id": "falthrakar:Brokharn",
        "name": "Brokharn",
        "province": "Falthrakar",
        "type": "City",
        "population": 378355817,
        "danger": "Elevated",
        "biomes": [
          "Grassland",
          "Partial forest",
          "Deep forest"
        ],
        "primaryBiome": "Grassland",
        "transportation": [
          "Caravan",
          "Train",
          "Ferry",
          "Skyship"
        ],
        "elevationM": 1080.0,
        "weatherName": "Greenwall Rainshadow",
        "climateBelt": "Sunbelt reef-wet belt",
        "anchorMode": "surface_anchor",
        "pinPlacement": "surface-land-pin",
        "feature_type": "settlement"
      },
      "geometry": {
        "type": "Point",
        "coordinates": [
          15.749995708465576,
          23.251469135284424,
          1080.0
        ]
      }
    },
    {
      "type": "Feature",
      "properties": {
        "id": "falthrakar:Caelvanna",
        "name": "Caelvanna",
        "province": "Falthrakar",
        "type": "Town",
        "population": 64081394,
        "danger": "Elevated",
        "biomes": [
          "Partial forest",
          "Deep forest",
          "Marshes and swamps"
        ],
        "primaryBiome": "Partial forest",
        "transportation": [
          "Caravan",
          "Train",
          "Ferry"
        ],
        "elevationM": 428.07,
        "weatherName": "Greenwall Rainshadow",
        "climateBelt": "Sunbelt reef-wet belt",
        "anchorMode": "surface_anchor",
        "pinPlacement": "surface-land-pin",
        "feature_type": "settlement"
      },
      "geometry": {
        "type": "Point",
        "coordinates": [
          -4.477333535156248,
          20.40825462890625,
          428.07
        ]
      }
    },
    {
      "type": "Feature",
      "properties": {
        "id": "falthrakar:Drae'vyris",
        "name": "Drae'vyris",
        "province": "Falthrakar",
        "type": "Town",
        "population": 47587757,
        "danger": "High",
        "biomes": [
          "Beach and grass with water",
          "Beach and reefs with water",
          "Marshes and swamps"
        ],
        "primaryBiome": "Beach and grass with water",
        "transportation": [
          "Caravan",
          "Train",
          "Steamship",
          "Submarine"
        ],
        "elevationM": 43.02,
        "weatherName": "Greenwall Rainshadow",
        "climateBelt": "Sunbelt reef-wet belt",
        "anchorMode": "surface_anchor",
        "pinPlacement": "surface-land-pin",
        "feature_type": "settlement"
      },
      "geometry": {
        "type": "Point",
        "coordinates": [
          -44.718743562698364,
          26.34521484375,
          43.02
        ]
      }
    },
    {
      "type": "Feature",
      "properties": {
        "id": "falthrakar:Faeloria",
        "name": "Faeloria",
        "province": "Falthrakar",
        "type": "Town",
        "population": 85554032,
        "danger": "Low",
        "biomes": [
          "Beach and grass with water",
          "Farming",
          "Partial forest"
        ],
        "primaryBiome": "Beach and grass with water",
        "transportation": [
          "Caravan",
          "Train",
          "Ferry",
          "Steamship",
          "Submarine"
        ],
        "elevationM": 13.33,
        "weatherName": "Greenwall Rainshadow",
        "climateBelt": "Sunbelt reef-wet belt",
        "anchorMode": "surface_anchor",
        "pinPlacement": "surface-land-pin",
        "feature_type": "settlement"
      },
      "geometry": {
        "type": "Point",
        "coordinates": [
          -32.48437285423279,
          24.798331260681152,
          13.33
        ]
      }
    },
    {
      "type": "Feature",
      "properties": {
        "id": "falthrakar:Gorathkar",
        "name": "Gorathkar",
        "province": "Falthrakar",
        "type": "City",
        "population": 174876848,
        "danger": "Moderate",
        "biomes": [
          "Partial forest",
          "Farming",
          "Mountain range"
        ],
        "primaryBiome": "Partial forest",
        "transportation": [
          "Caravan",
          "Train",
          "Ferry",
          "Skyship"
        ],
        "elevationM": 1016.47,
        "weatherName": "Greenwall Rainshadow",
        "climateBelt": "Sunbelt reef-wet belt",
        "anchorMode": "surface_anchor",
        "pinPlacement": "surface-land-pin",
        "feature_type": "settlement"
      },
      "geometry": {
        "type": "Point",
        "coordinates": [
          5.343754291534424,
          30.704593062400818,
          1016.47
        ]
      }
    },
    {
      "type": "Feature",
      "properties": {
        "id": "falthrakar:Lithvar",
        "name": "Lithvar",
        "province": "Falthrakar",
        "type": "City",
        "population": 225957006,
        "danger": "Severe",
        "biomes": [
          "Beach and grass with water",
          "Marshes and swamps",
          "Beach and reefs with water"
        ],
        "primaryBiome": "Beach and grass with water",
        "transportation": [
          "Caravan",
          "Train",
          "Ferry",
          "Steamship",
          "Submarine",
          "Skyship"
        ],
        "elevationM": 60.32,
        "weatherName": "Greenwall Rainshadow",
        "climateBelt": "Sunbelt reef-wet belt",
        "anchorMode": "surface_anchor",
        "pinPlacement": "surface-land-pin",
        "feature_type": "settlement"
      },
      "geometry": {
        "type": "Point",
        "coordinates": [
          -18.562495708465576,
          38.29833984375,
          60.32
        ]
      }
    },
    {
      "type": "Feature",
      "properties": {
        "id": "falthrakar:Mor'athéra",
        "name": "Mor'athéra",
        "province": "Falthrakar",
        "type": "Village",
        "population": 8469758,
        "danger": "Moderate",
        "biomes": [
          "Marshes and swamps",
          "Partial forest",
          "Beach and grass with water"
        ],
        "primaryBiome": "Marshes and swamps",
        "transportation": [
          "Caravan",
          "Train",
          "Ferry",
          "Steamship",
          "Submarine"
        ],
        "elevationM": 449.12,
        "weatherName": "Greenwall Rainshadow",
        "climateBelt": "Sunbelt reef-wet belt",
        "anchorMode": "surface_anchor",
        "pinPlacement": "surface-land-pin",
        "feature_type": "settlement"
      },
      "geometry": {
        "type": "Point",
        "coordinates": [
          -11.25,
          24.517090916633606,
          449.12
        ]
      }
    },
    {
      "type": "Feature",
      "properties": {
        "id": "falthrakar:Nellvaris",
        "name": "Nellvaris",
        "province": "Falthrakar",
        "type": "Capital City",
        "population": 2040119072,
        "danger": "Elevated",
        "biomes": [
          "Farming",
          "Beach and grass with water",
          "Partial forest"
        ],
        "primaryBiome": "Farming",
        "transportation": [
          "Caravan",
          "Train",
          "Steamship",
          "Submarine",
          "Skyship",
          "Portal"
        ],
        "elevationM": 244.31,
        "weatherName": "Greenwall Rainshadow",
        "climateBelt": "Sunbelt reef-wet belt",
        "anchorMode": "surface_anchor",
        "pinPlacement": "surface-land-pin",
        "feature_type": "settlement"
      },
      "geometry": {
        "type": "Point",
        "coordinates": [
          15.046870708465576,
          47.72021323442459,
          244.31
        ]
      }
    },
    {
      "type": "Feature",
      "properties": {
        "id": "falthrakar:Oryndéa",
        "name": "Oryndéa",
        "province": "Falthrakar",
        "type": "Village",
        "population": 3519752,
        "danger": "Low",
        "biomes": [
          "Partial forest",
          "Treetops - treehouses",
          "Farming"
        ],
        "primaryBiome": "Partial forest",
        "transportation": [
          "Caravan",
          "Train"
        ],
        "elevationM": 147.45,
        "weatherName": "Greenwall Rainshadow",
        "climateBelt": "Sunbelt reef-wet belt",
        "anchorMode": "surface_anchor",
        "pinPlacement": "surface-land-pin",
        "feature_type": "settlement"
      },
      "geometry": {
        "type": "Point",
        "coordinates": [
          17.015633583068848,
          34.360840916633606,
          147.45
        ]
      }
    },
    {
      "type": "Feature",
      "properties": {
        "id": "falthrakar:Thalyréss",
        "name": "Thalyréss",
        "province": "Falthrakar",
        "type": "Village",
        "population": 7119211,
        "danger": "Moderate",
        "biomes": [
          "Beach and grass with water",
          "Beach and reefs with water",
          "Partial forest"
        ],
        "primaryBiome": "Beach and grass with water",
        "transportation": [
          "Caravan",
          "Train",
          "Steamship",
          "Submarine"
        ],
        "elevationM": 79.47,
        "weatherName": "Greenwall Rainshadow",
        "climateBelt": "Sunbelt reef-wet belt",
        "anchorMode": "surface_anchor",
        "pinPlacement": "surface-land-pin",
        "feature_type": "settlement"
      },
      "geometry": {
        "type": "Point",
        "coordinates": [
          27.140629291534424,
          37.173340916633606,
          79.47
        ]
      }
    },
    {
      "type": "Feature",
      "properties": {
        "id": "gruddirynn:Aelvyréa",
        "name": "Aelvyréa",
        "province": "Gruddirynn",
        "type": "Town",
        "population": 25756500,
        "danger": "Moderate",
        "biomes": [
          "Farming",
          "Partial forest",
          "Deep forest"
        ],
        "primaryBiome": "Farming",
        "transportation": [
          "Caravan",
          "Train",
          "Ferry"
        ],
        "elevationM": 49.33,
        "weatherName": "Deep-Pearl Sea Smoke",
        "climateBelt": "Sunbelt reef-wet belt",
        "anchorMode": "surface_anchor",
        "pinPlacement": "surface-land-pin",
        "feature_type": "settlement"
      },
      "geometry": {
        "type": "Point",
        "coordinates": [
          73.96875858306885,
          -62.670414447784424,
          49.33
        ]
      }
    },
    {
      "type": "Feature",
      "properties": {
        "id": "gruddirynn:Bleosianys",
        "name": "Bleosianys",
        "province": "Gruddirynn",
        "type": "City",
        "population": 184484927,
        "danger": "High",
        "biomes": [
          "Beach and grass with water",
          "Partial forest",
          "Deep forest"
        ],
        "primaryBiome": "Beach and grass with water",
        "transportation": [
          "Caravan",
          "Train",
          "Ferry",
          "Steamship",
          "Submarine",
          "Skyship"
        ],
        "elevationM": 57.45,
        "weatherName": "Deep-Pearl Sea Smoke",
        "climateBelt": "Sunbelt reef-wet belt",
        "anchorMode": "surface_anchor",
        "pinPlacement": "surface-land-pin",
        "feature_type": "settlement"
      },
      "geometry": {
        "type": "Point",
        "coordinates": [
          64.26562070846558,
          -67.59228944778442,
          57.45
        ]
      }
    },
    {
      "type": "Feature",
      "properties": {
        "id": "gruddirynn:Coravûn",
        "name": "Coravûn",
        "province": "Gruddirynn",
        "type": "Town",
        "population": 20141192,
        "danger": "Severe",
        "biomes": [
          "Ocean Surface floating settlement",
          "Underwater without reefs"
        ],
        "primaryBiome": "Ocean Surface floating settlement",
        "transportation": [
          "Steamship",
          "Submarine"
        ],
        "elevationM": -6200.0,
        "weatherName": "Deep-Pearl Sea Smoke",
        "climateBelt": "Sunbelt reef-wet belt",
        "anchorMode": "underwater_anchor",
        "pinPlacement": "underwater-pin",
        "feature_type": "settlement"
      },
      "geometry": {
        "type": "Point",
        "coordinates": [
          98.29688787460327,
          -74.62353944778442,
          -6200.0
        ]
      }
    },
    {
      "type": "Feature",
      "properties": {
        "id": "gruddirynn:Dravéssar",
        "name": "Dravéssar",
        "province": "Gruddirynn",
        "type": "Town",
        "population": 9129875,
        "danger": "Elevated",
        "biomes": [
          "Beach and grass with water",
          "Beach and reefs with water",
          "Partial forest"
        ],
        "primaryBiome": "Beach and grass with water",
        "transportation": [
          "Caravan",
          "Train",
          "Steamship",
          "Submarine"
        ],
        "elevationM": 0.0,
        "weatherName": "Deep-Pearl Sea Smoke",
        "climateBelt": "Sunbelt reef-wet belt",
        "anchorMode": "surface_anchor",
        "pinPlacement": "surface-land-pin",
        "feature_type": "settlement"
      },
      "geometry": {
        "type": "Point",
        "coordinates": [
          60.46875,
          -58.73291015625,
          0
        ]
      }
    },
    {
      "type": "Feature",
      "properties": {
        "id": "gruddirynn:Faeloryth",
        "name": "Faeloryth",
        "province": "Gruddirynn",
        "type": "Town",
        "population": 7982437,
        "danger": "Severe",
        "biomes": [
          "Beach and reefs with water",
          "Ocean Surface floating settlement",
          "Beach and grass with water"
        ],
        "primaryBiome": "Beach and reefs with water",
        "transportation": [
          "Caravan",
          "Train",
          "Steamship",
          "Submarine"
        ],
        "elevationM": 0.0,
        "weatherName": "Deep-Pearl Sea Smoke",
        "climateBelt": "Sunbelt reef-wet belt",
        "anchorMode": "floating_surface_anchor",
        "pinPlacement": "ocean-surface-floating-pin",
        "feature_type": "settlement"
      },
      "geometry": {
        "type": "Point",
        "coordinates": [
          48.796870708465576,
          -80.52978515625,
          0
        ]
      }
    },
    {
      "type": "Feature",
      "properties": {
        "id": "gruddirynn:Morélyth",
        "name": "Morélyth",
        "province": "Gruddirynn",
        "type": "Village",
        "population": 3554161,
        "danger": "Elevated",
        "biomes": [
          "Beach and grass with water",
          "Beach and reefs with water"
        ],
        "primaryBiome": "Beach and grass with water",
        "transportation": [
          "Caravan",
          "Train",
          "Steamship",
          "Submarine"
        ],
        "elevationM": 55.31,
        "weatherName": "Deep-Pearl Sea Smoke",
        "climateBelt": "Sunbelt reef-wet belt",
        "anchorMode": "surface_anchor",
        "pinPlacement": "surface-land-pin",
        "feature_type": "settlement"
      },
      "geometry": {
        "type": "Point",
        "coordinates": [
          59.20313358306885,
          -73.77978086471558,
          55.31
        ]
      }
    },
    {
      "type": "Feature",
      "properties": {
        "id": "gruddirynn:Othéryn",
        "name": "Othéryn",
        "province": "Gruddirynn",
        "type": "Village",
        "population": 2834028,
        "danger": "Elevated",
        "biomes": [
          "Beach and reefs with water",
          "Ocean Surface floating settlement",
          "Beach and grass with water"
        ],
        "primaryBiome": "Beach and reefs with water",
        "transportation": [
          "Caravan",
          "Train",
          "Steamship",
          "Submarine"
        ],
        "elevationM": 0.0,
        "weatherName": "Deep-Pearl Sea Smoke",
        "climateBelt": "Sunbelt reef-wet belt",
        "anchorMode": "floating_surface_anchor",
        "pinPlacement": "ocean-surface-floating-pin",
        "feature_type": "settlement"
      },
      "geometry": {
        "type": "Point",
        "coordinates": [
          72.0000171661377,
          -78.42041015625,
          0
        ]
      }
    },
    {
      "type": "Feature",
      "properties": {
        "id": "gruddirynn:Sleakitika",
        "name": "Sleakitika",
        "province": "Gruddirynn",
        "type": "Capital City",
        "population": 375940635,
        "danger": "Severe",
        "biomes": [
          "Beach and grass with water",
          "Beach and reefs with water",
          "Mountain range"
        ],
        "primaryBiome": "Beach and grass with water",
        "transportation": [
          "Caravan",
          "Train",
          "Steamship",
          "Submarine",
          "Skyship",
          "Portal"
        ],
        "elevationM": 0.0,
        "weatherName": "Deep-Pearl Sea Smoke",
        "climateBelt": "Sunbelt reef-wet belt",
        "anchorMode": "surface_anchor",
        "pinPlacement": "surface-land-pin",
        "feature_type": "settlement"
      },
      "geometry": {
        "type": "Point",
        "coordinates": [
          87.32813358306885,
          -68.15478086471558,
          0
        ]
      }
    },
    {
      "type": "Feature",
      "properties": {
        "id": "gruddirynn:Umiotope",
        "name": "Umiotope",
        "province": "Gruddirynn",
        "type": "City",
        "population": 179921034,
        "danger": "Severe",
        "biomes": [
          "Beach and grass with water",
          "Beach and reefs with water"
        ],
        "primaryBiome": "Beach and grass with water",
        "transportation": [
          "Caravan",
          "Train",
          "Steamship",
          "Submarine",
          "Skyship"
        ],
        "elevationM": 0.0,
        "weatherName": "Deep-Pearl Sea Smoke",
        "climateBelt": "Sunbelt reef-wet belt",
        "anchorMode": "surface_anchor",
        "pinPlacement": "surface-land-pin",
        "feature_type": "settlement"
      },
      "geometry": {
        "type": "Point",
        "coordinates": [
          76.35937929153442,
          -51.420414447784424,
          0
        ]
      }
    },
    {
      "type": "Feature",
      "properties": {
        "id": "gruddirynn:Vaeloréss",
        "name": "Vaeloréss",
        "province": "Gruddirynn",
        "type": "Village",
        "population": 2302675,
        "danger": "Elevated",
        "biomes": [
          "Beach and grass with water",
          "Partial forest",
          "Beach and reefs with water"
        ],
        "primaryBiome": "Beach and grass with water",
        "transportation": [
          "Caravan",
          "Train",
          "Ferry",
          "Steamship",
          "Submarine"
        ],
        "elevationM": 49.79,
        "weatherName": "Deep-Pearl Sea Smoke",
        "climateBelt": "Sunbelt reef-wet belt",
        "anchorMode": "surface_anchor",
        "pinPlacement": "surface-land-pin",
        "feature_type": "settlement"
      },
      "geometry": {
        "type": "Point",
        "coordinates": [
          86.62500858306885,
          -53.24854373931885,
          49.79
        ]
      }
    },
    {
      "type": "Feature",
      "properties": {
        "id": "gruddirynn:Wrobetopia",
        "name": "Wrobetopia",
        "province": "Gruddirynn",
        "type": "City",
        "population": 53440507,
        "danger": "High",
        "biomes": [
          "Beach and grass with water",
          "Farming",
          "Beach and reefs with water"
        ],
        "primaryBiome": "Beach and grass with water",
        "transportation": [
          "Caravan",
          "Train",
          "Ferry",
          "Steamship",
          "Submarine",
          "Skyship"
        ],
        "elevationM": 49.79,
        "weatherName": "Deep-Pearl Sea Smoke",
        "climateBelt": "Sunbelt reef-wet belt",
        "anchorMode": "surface_anchor",
        "pinPlacement": "surface-land-pin",
        "feature_type": "settlement"
      },
      "geometry": {
        "type": "Point",
        "coordinates": [
          86.0625171661377,
          -61.54541015625,
          49.79
        ]
      }
    },
    {
      "type": "Feature",
      "properties": {
        "id": "iazethas:Bleasacia",
        "name": "Bleasacia",
        "province": "Iazethas",
        "type": "City",
        "population": 460392532,
        "danger": "High",
        "biomes": [
          "Mountain range",
          "Deep cavern",
          "Marshes and swamps"
        ],
        "primaryBiome": "Mountain range",
        "transportation": [
          "Caravan",
          "Train",
          "Skyship"
        ],
        "elevationM": -1500.0,
        "weatherName": "Brownwater Thunder",
        "climateBelt": "Sunbelt reef-wet belt",
        "anchorMode": "inside_mountain_anchor",
        "pinPlacement": "deep-mountain-pin",
        "feature_type": "settlement"
      },
      "geometry": {
        "type": "Point",
        "coordinates": [
          -142.03125,
          -2.904789447784424,
          -1500.0
        ]
      }
    },
    {
      "type": "Feature",
      "properties": {
        "id": "iazethas:Cyr'ethael",
        "name": "Cyr'ethael",
        "province": "Iazethas",
        "type": "Town",
        "population": 30044949,
        "danger": "Low",
        "biomes": [
          "Beach and grass with water",
          "Farming",
          "Partial forest"
        ],
        "primaryBiome": "Beach and grass with water",
        "transportation": [
          "Caravan",
          "Train",
          "Ferry",
          "Steamship",
          "Submarine"
        ],
        "elevationM": 23.94,
        "weatherName": "Brownwater Thunder",
        "climateBelt": "Sunbelt reef-wet belt",
        "anchorMode": "surface_anchor",
        "pinPlacement": "surface-land-pin",
        "feature_type": "settlement"
      },
      "geometry": {
        "type": "Point",
        "coordinates": [
          -138.7968733906746,
          -21.607918739318848,
          23.94
        ]
      }
    },
    {
      "type": "Feature",
      "properties": {
        "id": "iazethas:Elaréth",
        "name": "Elaréth",
        "province": "Iazethas",
        "type": "Town",
        "population": 85632791,
        "danger": "Elevated",
        "biomes": [
          "Ocean Surface floating settlement"
        ],
        "primaryBiome": "Ocean Surface floating settlement",
        "transportation": [
          "Steamship",
          "Submarine"
        ],
        "elevationM": 0.0,
        "weatherName": "Brownwater Thunder",
        "climateBelt": "Sunbelt reef-wet belt",
        "anchorMode": "floating_surface_anchor",
        "pinPlacement": "ocean-surface-floating-pin",
        "feature_type": "settlement"
      },
      "geometry": {
        "type": "Point",
        "coordinates": [
          -159.609375,
          -27.654787302017212,
          0
        ]
      }
    },
    {
      "type": "Feature",
      "properties": {
        "id": "iazethas:Faelvyrûn",
        "name": "Faelvyrûn",
        "province": "Iazethas",
        "type": "Town",
        "population": 111285309,
        "danger": "Low",
        "biomes": [
          "Partial forest",
          "Deep forest",
          "Farming"
        ],
        "primaryBiome": "Partial forest",
        "transportation": [
          "Caravan",
          "Train",
          "Ferry"
        ],
        "elevationM": 582.04,
        "weatherName": "Brownwater Thunder",
        "climateBelt": "Sunbelt reef-wet belt",
        "anchorMode": "surface_anchor",
        "pinPlacement": "surface-land-pin",
        "feature_type": "settlement"
      },
      "geometry": {
        "type": "Point",
        "coordinates": [
          -157.7812483906746,
          -11.62353515625,
          582.04
        ]
      }
    },
    {
      "type": "Feature",
      "properties": {
        "id": "iazethas:Leammipa",
        "name": "Leammipa",
        "province": "Iazethas",
        "type": "City",
        "population": 401465118,
        "danger": "Severe",
        "biomes": [
          "Ocean Surface floating settlement"
        ],
        "primaryBiome": "Ocean Surface floating settlement",
        "transportation": [
          "Steamship",
          "Submarine",
          "Skyship"
        ],
        "elevationM": 0.0,
        "weatherName": "Brownwater Thunder",
        "climateBelt": "Sunbelt reef-wet belt",
        "anchorMode": "floating_surface_anchor",
        "pinPlacement": "ocean-surface-floating-pin",
        "feature_type": "settlement"
      },
      "geometry": {
        "type": "Point",
        "coordinates": [
          -142.4531239271164,
          -34.404780864715576,
          0
        ]
      }
    },
    {
      "type": "Feature",
      "properties": {
        "id": "iazethas:Mostrerah",
        "name": "Mostrerah",
        "province": "Iazethas",
        "type": "Capital City",
        "population": 1299617992,
        "danger": "High",
        "biomes": [
          "Mountain range",
          "Marshes and swamps",
          "Grassland"
        ],
        "primaryBiome": "Mountain range",
        "transportation": [
          "Caravan",
          "Train",
          "Skyship",
          "Portal"
        ],
        "elevationM": 666.0,
        "weatherName": "Brownwater Thunder",
        "climateBelt": "Sunbelt reef-wet belt",
        "anchorMode": "surface_mountain_anchor",
        "pinPlacement": "mountain-surface-pin",
        "feature_type": "settlement"
      },
      "geometry": {
        "type": "Point",
        "coordinates": [
          -149.6249994635582,
          0.32958984375,
          666.0
        ]
      }
    },
    {
      "type": "Feature",
      "properties": {
        "id": "iazethas:Myr'ethûn",
        "name": "Myr'ethûn",
        "province": "Iazethas",
        "type": "Village",
        "population": 6290881,
        "danger": "Moderate",
        "biomes": [
          "Deep cavern",
          "Mountain range",
          "Deep forest"
        ],
        "primaryBiome": "Deep cavern",
        "transportation": [
          "Caravan",
          "Train",
          "Ferry"
        ],
        "elevationM": -6200.0,
        "weatherName": "Brownwater Thunder",
        "climateBelt": "Sunbelt reef-wet belt",
        "anchorMode": "subsurface_cavern_anchor",
        "pinPlacement": "deep-mountain-cavern-pin",
        "feature_type": "settlement"
      },
      "geometry": {
        "type": "Point",
        "coordinates": [
          -158.90625,
          6.798343062400818,
          -6200.0
        ]
      }
    },
    {
      "type": "Feature",
      "properties": {
        "id": "iazethas:Pokbith",
        "name": "Pokbith",
        "province": "Iazethas",
        "type": "Village",
        "population": 3341205,
        "danger": "Low",
        "biomes": [
          "Mountain range",
          "Deep cavern",
          "Farming"
        ],
        "primaryBiome": "Mountain range",
        "transportation": [
          "Caravan",
          "Train"
        ],
        "elevationM": -1500.0,
        "weatherName": "Brownwater Thunder",
        "climateBelt": "Sunbelt reef-wet belt",
        "anchorMode": "inside_mountain_anchor",
        "pinPlacement": "deep-mountain-pin",
        "feature_type": "settlement"
      },
      "geometry": {
        "type": "Point",
        "coordinates": [
          -144.5624989271164,
          5.110841989517212,
          -1500.0
        ]
      }
    },
    {
      "type": "Feature",
      "properties": {
        "id": "iazethas:Streccea",
        "name": "Streccea",
        "province": "Iazethas",
        "type": "City",
        "population": 250675980,
        "danger": "Elevated",
        "biomes": [
          "Mountain range",
          "Deep cavern",
          "Deep forest"
        ],
        "primaryBiome": "Mountain range",
        "transportation": [
          "Caravan",
          "Train",
          "Ferry",
          "Skyship"
        ],
        "elevationM": -1500.0,
        "weatherName": "Brownwater Thunder",
        "climateBelt": "Sunbelt reef-wet belt",
        "anchorMode": "inside_mountain_anchor",
        "pinPlacement": "deep-mountain-pin",
        "feature_type": "settlement"
      },
      "geometry": {
        "type": "Point",
        "coordinates": [
          -158.90625,
          -1.639162302017212,
          -1500.0
        ]
      }
    },
    {
      "type": "Feature",
      "properties": {
        "id": "iazethas:Vaeloris Greenlands",
        "name": "Vaeloris Greenlands",
        "province": "Iazethas",
        "type": "Village",
        "population": 6343518,
        "danger": "Low",
        "biomes": [
          "Beach and grass with water",
          "Partial forest",
          "Deep forest"
        ],
        "primaryBiome": "Beach and grass with water",
        "transportation": [
          "Caravan",
          "Train",
          "Ferry",
          "Steamship",
          "Submarine"
        ],
        "elevationM": 934.13,
        "weatherName": "Brownwater Thunder",
        "climateBelt": "Sunbelt reef-wet belt",
        "anchorMode": "surface_anchor",
        "pinPlacement": "surface-land-pin",
        "feature_type": "settlement"
      },
      "geometry": {
        "type": "Point",
        "coordinates": [
          -131.6249978542328,
          -3.88916015625,
          934.13
        ]
      }
    },
    {
      "type": "Feature",
      "properties": {
        "id": "jormaelis:Caelorynth",
        "name": "Caelorynth",
        "province": "Jor’maelis",
        "type": "Town",
        "population": 31135728,
        "danger": "High",
        "biomes": [
          "Ocean Surface floating settlement",
          "Underwater without reefs"
        ],
        "primaryBiome": "Ocean Surface floating settlement",
        "transportation": [
          "Steamship",
          "Submarine"
        ],
        "elevationM": -909.0,
        "weatherName": "Sunlance Cyclone Bands",
        "climateBelt": "Sunbelt reef-wet belt",
        "anchorMode": "underwater_anchor",
        "pinPlacement": "underwater-pin",
        "feature_type": "settlement"
      },
      "geometry": {
        "type": "Point",
        "coordinates": [
          170.29686212539673,
          -37.920416593551636,
          -909.0
        ]
      }
    },
    {
      "type": "Feature",
      "properties": {
        "id": "jormaelis:Cyravûn",
        "name": "Cyravûn",
        "province": "Jor’maelis",
        "type": "Town",
        "population": 45059687,
        "danger": "Severe",
        "biomes": [
          "Underwater without reefs"
        ],
        "primaryBiome": "Underwater without reefs",
        "transportation": [
          "Submarine"
        ],
        "elevationM": -1638.0,
        "weatherName": "Sunlance Cyclone Bands",
        "climateBelt": "Sunbelt reef-wet belt",
        "anchorMode": "underwater_anchor",
        "pinPlacement": "underwater-pin",
        "feature_type": "settlement"
      },
      "geometry": {
        "type": "Point",
        "coordinates": [
          155.95311641693115,
          -56.342289447784424,
          -1638.0
        ]
      }
    },
    {
      "type": "Feature",
      "properties": {
        "id": "jormaelis:Éryndor",
        "name": "Éryndor",
        "province": "Jor’maelis",
        "type": "Village",
        "population": 6839118,
        "danger": "Elevated",
        "biomes": [
          "Ocean Surface floating settlement",
          "Underwater without reefs"
        ],
        "primaryBiome": "Ocean Surface floating settlement",
        "transportation": [
          "Steamship",
          "Submarine"
        ],
        "elevationM": -1758.0,
        "weatherName": "Sunlance Cyclone Bands",
        "climateBelt": "Sunbelt reef-wet belt",
        "anchorMode": "underwater_anchor",
        "pinPlacement": "underwater-pin",
        "feature_type": "settlement"
      },
      "geometry": {
        "type": "Point",
        "coordinates": [
          161.57811641693115,
          -15.701662302017212,
          -1758.0
        ]
      }
    },
    {
      "type": "Feature",
      "properties": {
        "id": "jormaelis:Ish’voryk",
        "name": "Ish’voryk",
        "province": "Jor’maelis",
        "type": "Town",
        "population": 110624158,
        "danger": "Severe",
        "biomes": [
          "Underwater without reefs"
        ],
        "primaryBiome": "Underwater without reefs",
        "transportation": [
          "Submarine"
        ],
        "elevationM": -5284.0,
        "weatherName": "Sunlance Cyclone Bands",
        "climateBelt": "Sunbelt reef-wet belt",
        "anchorMode": "underwater_anchor",
        "pinPlacement": "underwater-pin",
        "feature_type": "settlement"
      },
      "geometry": {
        "type": "Point",
        "coordinates": [
          129.79687929153442,
          -70.54541230201721,
          -5284.0
        ]
      }
    },
    {
      "type": "Feature",
      "properties": {
        "id": "jormaelis:Li’mioreimn",
        "name": "Li’mioreimn",
        "province": "Jor’maelis",
        "type": "City",
        "population": 323007559,
        "danger": "Severe",
        "biomes": [
          "Ocean Surface floating settlement",
          "Underwater without reefs"
        ],
        "primaryBiome": "Ocean Surface floating settlement",
        "transportation": [
          "Steamship",
          "Submarine",
          "Skyship"
        ],
        "elevationM": -4226.0,
        "weatherName": "Sunlance Cyclone Bands",
        "climateBelt": "Sunbelt reef-wet belt",
        "anchorMode": "underwater_anchor",
        "pinPlacement": "underwater-pin",
        "feature_type": "settlement"
      },
      "geometry": {
        "type": "Point",
        "coordinates": [
          119.67186212539673,
          -61.264164447784424,
          -4226.0
        ]
      }
    },
    {
      "type": "Feature",
      "properties": {
        "id": "jormaelis:Lythéra",
        "name": "Lythéra",
        "province": "Jor’maelis",
        "type": "Village",
        "population": 7762712,
        "danger": "Low",
        "biomes": [
          "Partial forest",
          "Marshes and swamps",
          "Beach and grass with water"
        ],
        "primaryBiome": "Partial forest",
        "transportation": [
          "Caravan",
          "Train",
          "Ferry",
          "Steamship",
          "Submarine"
        ],
        "elevationM": 182.46,
        "weatherName": "Sunlance Cyclone Bands",
        "climateBelt": "Sunbelt reef-wet belt",
        "anchorMode": "surface_anchor",
        "pinPlacement": "surface-land-pin",
        "feature_type": "settlement"
      },
      "geometry": {
        "type": "Point",
        "coordinates": [
          88.59375,
          -41.576664447784424,
          182.46
        ]
      }
    },
    {
      "type": "Feature",
      "properties": {
        "id": "jormaelis:Meadowlight Expanse",
        "name": "Meadowlight Expanse",
        "province": "Jor’maelis",
        "type": "Town",
        "population": 48949105,
        "danger": "Low",
        "biomes": [
          "Farming",
          "Grassland",
          "Partial forest"
        ],
        "primaryBiome": "Farming",
        "transportation": [
          "Caravan",
          "Train"
        ],
        "elevationM": 86.67,
        "weatherName": "Sunlance Cyclone Bands",
        "climateBelt": "Sunbelt reef-wet belt",
        "anchorMode": "surface_anchor",
        "pinPlacement": "surface-land-pin",
        "feature_type": "settlement"
      },
      "geometry": {
        "type": "Point",
        "coordinates": [
          102.79686212539673,
          -38.764164447784424,
          86.67
        ]
      }
    },
    {
      "type": "Feature",
      "properties": {
        "id": "jormaelis:Mossirueth",
        "name": "Mossirueth",
        "province": "Jor’maelis",
        "type": "Capital City",
        "population": 1832310379,
        "danger": "Severe",
        "biomes": [
          "Ocean Surface floating settlement",
          "Underwater without reefs"
        ],
        "primaryBiome": "Ocean Surface floating settlement",
        "transportation": [
          "Steamship",
          "Submarine",
          "Skyship",
          "Portal"
        ],
        "elevationM": -524.0,
        "weatherName": "Sunlance Cyclone Bands",
        "climateBelt": "Sunbelt reef-wet belt",
        "anchorMode": "underwater_anchor",
        "pinPlacement": "underwater-pin",
        "feature_type": "settlement"
      },
      "geometry": {
        "type": "Point",
        "coordinates": [
          148.92186641693115,
          -41.71728730201721,
          -524.0
        ]
      }
    },
    {
      "type": "Feature",
      "properties": {
        "id": "jormaelis:Nyr'thalor",
        "name": "Nyr'thalor",
        "province": "Jor’maelis",
        "type": "Village",
        "population": 3121036,
        "danger": "Low",
        "biomes": [
          "Beach and grass with water",
          "Partial forest",
          "Beach and reefs with water"
        ],
        "primaryBiome": "Beach and grass with water",
        "transportation": [
          "Caravan",
          "Train",
          "Ferry",
          "Steamship",
          "Submarine"
        ],
        "elevationM": 0.0,
        "weatherName": "Sunlance Cyclone Bands",
        "climateBelt": "Sunbelt reef-wet belt",
        "anchorMode": "surface_anchor",
        "pinPlacement": "surface-land-pin",
        "feature_type": "settlement"
      },
      "geometry": {
        "type": "Point",
        "coordinates": [
          132.890625,
          -26.107914447784424,
          0
        ]
      }
    },
    {
      "type": "Feature",
      "properties": {
        "id": "jormaelis:Rnzeuluun",
        "name": "Rnzeuluun",
        "province": "Jor’maelis",
        "type": "City",
        "population": 266599832,
        "danger": "Moderate",
        "biomes": [
          "Beach and grass with water",
          "Farming",
          "Beach and reefs with water"
        ],
        "primaryBiome": "Beach and grass with water",
        "transportation": [
          "Caravan",
          "Train",
          "Ferry",
          "Steamship",
          "Submarine",
          "Skyship"
        ],
        "elevationM": 57.77,
        "weatherName": "Sunlance Cyclone Bands",
        "climateBelt": "Sunbelt reef-wet belt",
        "anchorMode": "surface_anchor",
        "pinPlacement": "surface-land-pin",
        "feature_type": "settlement"
      },
      "geometry": {
        "type": "Point",
        "coordinates": [
          130.64061641693115,
          -39.326655864715576,
          57.77
        ]
      }
    },
    {
      "type": "Feature",
      "properties": {
        "id": "jormaelis:Thyraléa",
        "name": "Thyraléa",
        "province": "Jor’maelis",
        "type": "Village",
        "population": 2556647,
        "danger": "Low",
        "biomes": [
          "Partial forest",
          "Beach and grass with water",
          "Farming"
        ],
        "primaryBiome": "Partial forest",
        "transportation": [
          "Caravan",
          "Train",
          "Ferry",
          "Steamship",
          "Submarine"
        ],
        "elevationM": 0.0,
        "weatherName": "Sunlance Cyclone Bands",
        "climateBelt": "Sunbelt reef-wet belt",
        "anchorMode": "surface_anchor",
        "pinPlacement": "surface-land-pin",
        "feature_type": "settlement"
      },
      "geometry": {
        "type": "Point",
        "coordinates": [
          132.1875,
          -17.95166015625,
          0
        ]
      }
    },
    {
      "type": "Feature",
      "properties": {
        "id": "jormaelis:Utch’myrith",
        "name": "Utch’myrith",
        "province": "Jor’maelis",
        "type": "City",
        "population": 188560423,
        "danger": "Moderate",
        "biomes": [
          "Beach and grass with water",
          "Farming",
          "Partial forest"
        ],
        "primaryBiome": "Beach and grass with water",
        "transportation": [
          "Caravan",
          "Train",
          "Ferry",
          "Steamship",
          "Submarine",
          "Skyship"
        ],
        "elevationM": 2069.57,
        "weatherName": "Sunlance Cyclone Bands",
        "climateBelt": "Sunbelt reef-wet belt",
        "anchorMode": "surface_anchor",
        "pinPlacement": "surface-land-pin",
        "feature_type": "settlement"
      },
      "geometry": {
        "type": "Point",
        "coordinates": [
          148.92186641693115,
          -29.90478515625,
          2069.57
        ]
      }
    },
    {
      "type": "Feature",
      "properties": {
        "id": "jormaelis:Yire’thaulor",
        "name": "Yire’thaulor",
        "province": "Jor’maelis",
        "type": "City",
        "population": 302658774,
        "danger": "High",
        "biomes": [
          "Beach and grass with water",
          "Beach and reefs with water",
          "Mountain range"
        ],
        "primaryBiome": "Beach and grass with water",
        "transportation": [
          "Caravan",
          "Train",
          "Steamship",
          "Submarine",
          "Skyship"
        ],
        "elevationM": 0.0,
        "weatherName": "Sunlance Cyclone Bands",
        "climateBelt": "Sunbelt reef-wet belt",
        "anchorMode": "surface_anchor",
        "pinPlacement": "surface-land-pin",
        "feature_type": "settlement"
      },
      "geometry": {
        "type": "Point",
        "coordinates": [
          103.64062070846558,
          -52.54541873931885,
          0
        ]
      }
    },
    {
      "type": "Feature",
      "properties": {
        "id": "kaelvorrin:Dunvyr",
        "name": "Dunvyr",
        "province": "Kaelvorrin",
        "type": "Capital City",
        "population": 732883903,
        "danger": "Moderate",
        "biomes": [
          "Farming",
          "Grassland",
          "Hybrid tree and forest floor"
        ],
        "primaryBiome": "Farming",
        "transportation": [
          "Caravan",
          "Train",
          "Skyship",
          "Portal"
        ],
        "elevationM": 178.67,
        "weatherName": "Redwall Pressure Fall",
        "climateBelt": "Sunbelt reef-wet belt",
        "anchorMode": "surface_anchor",
        "pinPlacement": "surface-land-pin",
        "feature_type": "settlement"
      },
      "geometry": {
        "type": "Point",
        "coordinates": [
          5.906245708465576,
          6.517081260681152,
          178.67
        ]
      }
    },
    {
      "type": "Feature",
      "properties": {
        "id": "kaelvorrin:Heths’ther",
        "name": "Heths’ther",
        "province": "Kaelvorrin",
        "type": "Town",
        "population": 25050740,
        "danger": "Low",
        "biomes": [
          "Farming",
          "Grassland",
          "Hybrid tree and forest floor"
        ],
        "primaryBiome": "Farming",
        "transportation": [
          "Caravan",
          "Train"
        ],
        "elevationM": 105.33,
        "weatherName": "Redwall Pressure Fall",
        "climateBelt": "Sunbelt reef-wet belt",
        "anchorMode": "surface_anchor",
        "pinPlacement": "surface-land-pin",
        "feature_type": "settlement"
      },
      "geometry": {
        "type": "Point",
        "coordinates": [
          8.850467988281224,
          1.136466738281257,
          105.33
        ]
      }
    },
    {
      "type": "Feature",
      "properties": {
        "id": "kaelvorrin:Kael'vyrûn",
        "name": "Kael'vyrûn",
        "province": "Kaelvorrin",
        "type": "City",
        "population": 133201670,
        "danger": "Moderate",
        "biomes": [
          "Farming",
          "Partial forest",
          "Marshes and swamps"
        ],
        "primaryBiome": "Farming",
        "transportation": [
          "Caravan",
          "Train",
          "Ferry",
          "Skyship"
        ],
        "elevationM": 467.07,
        "weatherName": "Redwall Pressure Fall",
        "climateBelt": "Sunbelt reef-wet belt",
        "anchorMode": "surface_anchor",
        "pinPlacement": "surface-land-pin",
        "feature_type": "settlement"
      },
      "geometry": {
        "type": "Point",
        "coordinates": [
          -4.359372854232788,
          1.1733430624008179,
          467.07
        ]
      }
    },
    {
      "type": "Feature",
      "properties": {
        "id": "kaelvorrin:Mistval",
        "name": "Mistval",
        "province": "Kaelvorrin",
        "type": "City",
        "population": 143529735,
        "danger": "Low",
        "biomes": [
          "Farming",
          "Treetops - treehouses",
          "Grassland"
        ],
        "primaryBiome": "Farming",
        "transportation": [
          "Caravan",
          "Train",
          "Skyship"
        ],
        "elevationM": 116.0,
        "weatherName": "Redwall Pressure Fall",
        "climateBelt": "Sunbelt reef-wet belt",
        "anchorMode": "surface_anchor",
        "pinPlacement": "surface-land-pin",
        "feature_type": "settlement"
      },
      "geometry": {
        "type": "Point",
        "coordinates": [
          22.359366416931152,
          5.110831260681152,
          116.0
        ]
      }
    },
    {
      "type": "Feature",
      "properties": {
        "id": "kaelvorrin:Myrathéa",
        "name": "Myrathéa",
        "province": "Kaelvorrin",
        "type": "Town",
        "population": 48291083,
        "danger": "Low",
        "biomes": [
          "Partial forest",
          "Farming",
          "Treetops - treehouses"
        ],
        "primaryBiome": "Partial forest",
        "transportation": [
          "Caravan",
          "Train",
          "Ferry"
        ],
        "elevationM": 217.54,
        "weatherName": "Redwall Pressure Fall",
        "climateBelt": "Sunbelt reef-wet belt",
        "anchorMode": "surface_anchor",
        "pinPlacement": "surface-land-pin",
        "feature_type": "settlement"
      },
      "geometry": {
        "type": "Point",
        "coordinates": [
          35.29688358306885,
          4.126465916633606,
          217.54
        ]
      }
    },
    {
      "type": "Feature",
      "properties": {
        "id": "kaelvorrin:Silver Véil",
        "name": "Silver Véil",
        "province": "Kaelvorrin",
        "type": "Town",
        "population": 51708477,
        "danger": "Low",
        "biomes": [
          "Partial forest",
          "Farming",
          "Beach and grass with water"
        ],
        "primaryBiome": "Partial forest",
        "transportation": [
          "Caravan",
          "Train",
          "Ferry",
          "Steamship",
          "Submarine"
        ],
        "elevationM": 147.37,
        "weatherName": "Redwall Pressure Fall",
        "climateBelt": "Sunbelt reef-wet belt",
        "anchorMode": "surface_anchor",
        "pinPlacement": "surface-land-pin",
        "feature_type": "settlement"
      },
      "geometry": {
        "type": "Point",
        "coordinates": [
          -24.046872854232788,
          7.782719135284424,
          147.37
        ]
      }
    },
    {
      "type": "Feature",
      "properties": {
        "id": "kaelvorrin:Silverwake",
        "name": "Silverwake",
        "province": "Kaelvorrin",
        "type": "City",
        "population": 213752759,
        "danger": "Low",
        "biomes": [
          "Farming",
          "Partial forest",
          "Deep forest"
        ],
        "primaryBiome": "Farming",
        "transportation": [
          "Caravan",
          "Train",
          "Skyship"
        ],
        "elevationM": 116.0,
        "weatherName": "Redwall Pressure Fall",
        "climateBelt": "Sunbelt reef-wet belt",
        "anchorMode": "surface_anchor",
        "pinPlacement": "surface-land-pin",
        "feature_type": "settlement"
      },
      "geometry": {
        "type": "Point",
        "coordinates": [
          -8.015620708465576,
          12.563965916633606,
          116.0
        ]
      }
    },
    {
      "type": "Feature",
      "properties": {
        "id": "kaelvorrin:Thal'ryssûn",
        "name": "Thal'ryssûn",
        "province": "Kaelvorrin",
        "type": "Village",
        "population": 4428655,
        "danger": "Low",
        "biomes": [
          "Farming",
          "Partial forest",
          "Deep forest"
        ],
        "primaryBiome": "Farming",
        "transportation": [
          "Caravan",
          "Train"
        ],
        "elevationM": 661.08,
        "weatherName": "Redwall Pressure Fall",
        "climateBelt": "Sunbelt reef-wet belt",
        "anchorMode": "surface_anchor",
        "pinPlacement": "surface-land-pin",
        "feature_type": "settlement"
      },
      "geometry": {
        "type": "Point",
        "coordinates": [
          10.015512011718755,
          13.621098515625008,
          661.08
        ]
      }
    },
    {
      "type": "Feature",
      "properties": {
        "id": "kaelvorrin:Velunéth",
        "name": "Velunéth",
        "province": "Kaelvorrin",
        "type": "Village",
        "population": 7049660,
        "danger": "Low",
        "biomes": [
          "Farming",
          "Partial forest",
          "Treetops - treehouses"
        ],
        "primaryBiome": "Farming",
        "transportation": [
          "Caravan",
          "Train"
        ],
        "elevationM": 152.0,
        "weatherName": "Redwall Pressure Fall",
        "climateBelt": "Sunbelt reef-wet belt",
        "anchorMode": "surface_anchor",
        "pinPlacement": "surface-land-pin",
        "feature_type": "settlement"
      },
      "geometry": {
        "type": "Point",
        "coordinates": [
          19.3801376953125,
          11.301628886718746,
          152.0
        ]
      }
    },
    {
      "type": "Feature",
      "properties": {
        "id": "kharvathen:Dorghalun",
        "name": "Dorghalun",
        "province": "Kharvathen",
        "type": "City",
        "population": 347556235,
        "danger": "High",
        "biomes": [
          "Mountain range",
          "Deep cavern",
          "Farming"
        ],
        "primaryBiome": "Mountain range",
        "transportation": [
          "Caravan",
          "Train",
          "Skyship"
        ],
        "elevationM": -4800.0,
        "weatherName": "Reedglass Rainbursts",
        "climateBelt": "Sunbelt reef-wet belt",
        "anchorMode": "inside_mountain_anchor",
        "pinPlacement": "deep-mountain-pin",
        "feature_type": "settlement"
      },
      "geometry": {
        "type": "Point",
        "coordinates": [
          -41.062495708465576,
          -3.326658010482788,
          -4800.0
        ]
      }
    },
    {
      "type": "Feature",
      "properties": {
        "id": "kharvathen:Draskminn",
        "name": "Draskminn",
        "province": "Kharvathen",
        "type": "Town",
        "population": 16237973,
        "danger": "Moderate",
        "biomes": [
          "Farming",
          "Grassland",
          "Beach and grass with water"
        ],
        "primaryBiome": "Farming",
        "transportation": [
          "Caravan",
          "Train",
          "Ferry",
          "Steamship",
          "Submarine"
        ],
        "elevationM": 575.44,
        "weatherName": "Reedglass Rainbursts",
        "climateBelt": "Sunbelt reef-wet belt",
        "anchorMode": "surface_anchor",
        "pinPlacement": "surface-land-pin",
        "feature_type": "settlement"
      },
      "geometry": {
        "type": "Point",
        "coordinates": [
          -25.031254291534424,
          -5.29541015625,
          575.44
        ]
      }
    },
    {
      "type": "Feature",
      "properties": {
        "id": "kharvathen:Greybriar",
        "name": "Greybriar",
        "province": "Kharvathen",
        "type": "City",
        "population": 377214992,
        "danger": "Elevated",
        "biomes": [
          "Hybrid tree and forest floor",
          "Farming",
          "Beach and grass with water"
        ],
        "primaryBiome": "Hybrid tree and forest floor",
        "transportation": [
          "Caravan",
          "Train",
          "Ferry",
          "Steamship",
          "Submarine",
          "Skyship"
        ],
        "elevationM": 450.83,
        "weatherName": "Reedglass Rainbursts",
        "climateBelt": "Sunbelt reef-wet belt",
        "anchorMode": "surface_anchor",
        "pinPlacement": "surface-land-pin",
        "feature_type": "settlement"
      },
      "geometry": {
        "type": "Point",
        "coordinates": [
          -49.07812714576721,
          10.454590916633606,
          450.83
        ]
      }
    },
    {
      "type": "Feature",
      "properties": {
        "id": "kharvathen:Ironwood",
        "name": "Ironwood",
        "province": "Kharvathen",
        "type": "City",
        "population": 298299191,
        "danger": "High",
        "biomes": [
          "Farming",
          "Partial forest",
          "Treetops - treehouses"
        ],
        "primaryBiome": "Farming",
        "transportation": [
          "Caravan",
          "Train",
          "Skyship"
        ],
        "elevationM": 170.67,
        "weatherName": "Reedglass Rainbursts",
        "climateBelt": "Sunbelt reef-wet belt",
        "anchorMode": "surface_anchor",
        "pinPlacement": "surface-land-pin",
        "feature_type": "settlement"
      },
      "geometry": {
        "type": "Point",
        "coordinates": [
          -58.49999785423279,
          -11.482912302017212,
          170.67
        ]
      }
    },
    {
      "type": "Feature",
      "properties": {
        "id": "kharvathen:Kharzund",
        "name": "Kharzund",
        "province": "Kharvathen",
        "type": "Capital City",
        "population": 570858927,
        "danger": "Severe",
        "biomes": [
          "Partial forest",
          "Beach and grass with water",
          "Deep forest"
        ],
        "primaryBiome": "Partial forest",
        "transportation": [
          "Caravan",
          "Train",
          "Ferry",
          "Steamship",
          "Submarine",
          "Skyship",
          "Portal"
        ],
        "elevationM": 23.94,
        "weatherName": "Reedglass Rainbursts",
        "climateBelt": "Sunbelt reef-wet belt",
        "anchorMode": "surface_anchor",
        "pinPlacement": "surface-land-pin",
        "feature_type": "settlement"
      },
      "geometry": {
        "type": "Point",
        "coordinates": [
          -54.84375,
          18.329588770866394,
          23.94
        ]
      }
    },
    {
      "type": "Feature",
      "properties": {
        "id": "kharvathen:Lorath",
        "name": "Lorath",
        "province": "Kharvathen",
        "type": "Village",
        "population": 8400273,
        "danger": "Low",
        "biomes": [
          "Farming",
          "Grassland",
          "Beach and grass with water"
        ],
        "primaryBiome": "Farming",
        "transportation": [
          "Caravan",
          "Train",
          "Ferry",
          "Steamship",
          "Submarine"
        ],
        "elevationM": 639.52,
        "weatherName": "Reedglass Rainbursts",
        "climateBelt": "Sunbelt reef-wet belt",
        "anchorMode": "surface_anchor",
        "pinPlacement": "surface-land-pin",
        "feature_type": "settlement"
      },
      "geometry": {
        "type": "Point",
        "coordinates": [
          -21.234372854232788,
          -14.717280864715576,
          639.52
        ]
      }
    },
    {
      "type": "Feature",
      "properties": {
        "id": "kharvathen:Rivenwild",
        "name": "Rivenwild",
        "province": "Kharvathen",
        "type": "Village",
        "population": 5300210,
        "danger": "Low",
        "biomes": [
          "Mountain range",
          "Hybrid tree and forest floor",
          "Grassland"
        ],
        "primaryBiome": "Mountain range",
        "transportation": [
          "Caravan",
          "Train"
        ],
        "elevationM": 4600.0,
        "weatherName": "Reedglass Rainbursts",
        "climateBelt": "Sunbelt reef-wet belt",
        "anchorMode": "surface_and_ledge_anchor",
        "pinPlacement": "mountain-side-hybrid-pin",
        "feature_type": "settlement"
      },
      "geometry": {
        "type": "Point",
        "coordinates": [
          -45.984370708465576,
          -7.545408010482788,
          4600.0
        ]
      }
    },
    {
      "type": "Feature",
      "properties": {
        "id": "kharvathen:Thornbreak",
        "name": "Thornbreak",
        "province": "Kharvathen",
        "type": "Town",
        "population": 66434552,
        "danger": "Elevated",
        "biomes": [
          "Farming",
          "Partial forest",
          "Grassland"
        ],
        "primaryBiome": "Farming",
        "transportation": [
          "Caravan",
          "Train",
          "Ferry"
        ],
        "elevationM": 141.33,
        "weatherName": "Reedglass Rainbursts",
        "climateBelt": "Sunbelt reef-wet belt",
        "anchorMode": "surface_anchor",
        "pinPlacement": "surface-land-pin",
        "feature_type": "settlement"
      },
      "geometry": {
        "type": "Point",
        "coordinates": [
          -39.093754291534424,
          3.563969135284424,
          141.33
        ]
      }
    },
    {
      "type": "Feature",
      "properties": {
        "id": "kharvathen:Zarveng",
        "name": "Zarveng",
        "province": "Kharvathen",
        "type": "Town",
        "population": 42187537,
        "danger": "Moderate",
        "biomes": [
          "Farming",
          "Partial forest",
          "Deep forest"
        ],
        "primaryBiome": "Farming",
        "transportation": [
          "Caravan",
          "Train"
        ],
        "elevationM": 526.99,
        "weatherName": "Reedglass Rainbursts",
        "climateBelt": "Sunbelt reef-wet belt",
        "anchorMode": "surface_anchor",
        "pinPlacement": "surface-land-pin",
        "feature_type": "settlement"
      },
      "geometry": {
        "type": "Point",
        "coordinates": [
          -57.937495708465576,
          -0.37353515625,
          526.99
        ]
      }
    },
    {
      "type": "Feature",
      "properties": {
        "id": "khorvaak:Bloodmire",
        "name": "Bloodmire",
        "province": "Khorvaak",
        "type": "City",
        "population": 160933040,
        "danger": "Severe",
        "biomes": [
          "Beach and reefs with water",
          "Ocean Surface floating settlement",
          "Beach and grass with water"
        ],
        "primaryBiome": "Beach and reefs with water",
        "transportation": [
          "Caravan",
          "Train",
          "Steamship",
          "Submarine",
          "Skyship"
        ],
        "elevationM": 0.0,
        "weatherName": "Forestgreen Steamfront",
        "climateBelt": "Sunbelt reef-wet belt",
        "anchorMode": "floating_surface_anchor",
        "pinPlacement": "ocean-surface-floating-pin",
        "feature_type": "settlement"
      },
      "geometry": {
        "type": "Point",
        "coordinates": [
          171.62646532058716,
          15.920487642288208,
          0
        ]
      }
    },
    {
      "type": "Feature",
      "properties": {
        "id": "khorvaak:Cyraléth",
        "name": "Cyraléth",
        "province": "Khorvaak",
        "type": "City",
        "population": 102407822,
        "danger": "High",
        "biomes": [
          "Beach and grass with water",
          "Farming",
          "Marshes and swamps"
        ],
        "primaryBiome": "Beach and grass with water",
        "transportation": [
          "Caravan",
          "Train",
          "Ferry",
          "Steamship",
          "Submarine",
          "Skyship"
        ],
        "elevationM": 0.0,
        "weatherName": "Forestgreen Steamfront",
        "climateBelt": "Sunbelt reef-wet belt",
        "anchorMode": "surface_anchor",
        "pinPlacement": "surface-land-pin",
        "feature_type": "settlement"
      },
      "geometry": {
        "type": "Point",
        "coordinates": [
          142.50979900360107,
          19.222378134727478,
          0
        ]
      }
    },
    {
      "type": "Feature",
      "properties": {
        "id": "khorvaak:Élarwyn",
        "name": "Élarwyn",
        "province": "Khorvaak",
        "type": "Town",
        "population": 39543830,
        "danger": "Moderate",
        "biomes": [
          "Beach and grass with water",
          "Beach and reefs with water",
          "Farming"
        ],
        "primaryBiome": "Beach and grass with water",
        "transportation": [
          "Caravan",
          "Train",
          "Steamship",
          "Submarine"
        ],
        "elevationM": 61.45,
        "weatherName": "Forestgreen Steamfront",
        "climateBelt": "Sunbelt reef-wet belt",
        "anchorMode": "surface_anchor",
        "pinPlacement": "surface-land-pin",
        "feature_type": "settlement"
      },
      "geometry": {
        "type": "Point",
        "coordinates": [
          153.6590337753296,
          -4.576953649520874,
          61.45
        ]
      }
    },
    {
      "type": "Feature",
      "properties": {
        "id": "khorvaak:Khazovar",
        "name": "Khazovar",
        "province": "Khorvaak",
        "type": "City",
        "population": 131038789,
        "danger": "High",
        "biomes": [
          "Beach and grass with water",
          "Farming",
          "Beach and reefs with water"
        ],
        "primaryBiome": "Beach and grass with water",
        "transportation": [
          "Caravan",
          "Train",
          "Steamship",
          "Submarine",
          "Skyship"
        ],
        "elevationM": 30.73,
        "weatherName": "Forestgreen Steamfront",
        "climateBelt": "Sunbelt reef-wet belt",
        "anchorMode": "surface_anchor",
        "pinPlacement": "surface-land-pin",
        "feature_type": "settlement"
      },
      "geometry": {
        "type": "Point",
        "coordinates": [
          163.54687929153442,
          3.7045812606811523,
          30.73
        ]
      }
    },
    {
      "type": "Feature",
      "properties": {
        "id": "khorvaak:Lunoréa",
        "name": "Lunoréa",
        "province": "Khorvaak",
        "type": "Town",
        "population": 29363893,
        "danger": "Moderate",
        "biomes": [
          "Beach and grass with water",
          "Farming",
          "Beach and reefs with water"
        ],
        "primaryBiome": "Beach and grass with water",
        "transportation": [
          "Caravan",
          "Train",
          "Steamship",
          "Submarine"
        ],
        "elevationM": 0.0,
        "weatherName": "Forestgreen Steamfront",
        "climateBelt": "Sunbelt reef-wet belt",
        "anchorMode": "surface_anchor",
        "pinPlacement": "surface-land-pin",
        "feature_type": "settlement"
      },
      "geometry": {
        "type": "Point",
        "coordinates": [
          142.45312929153442,
          -10.498541593551636,
          0
        ]
      }
    },
    {
      "type": "Feature",
      "properties": {
        "id": "khorvaak:Norevûn",
        "name": "Norevûn",
        "province": "Khorvaak",
        "type": "Town",
        "population": 45397793,
        "danger": "Elevated",
        "biomes": [
          "Beach and grass with water",
          "Beach and reefs with water",
          "Partial forest"
        ],
        "primaryBiome": "Beach and grass with water",
        "transportation": [
          "Caravan",
          "Train",
          "Steamship",
          "Submarine"
        ],
        "elevationM": 0.0,
        "weatherName": "Forestgreen Steamfront",
        "climateBelt": "Sunbelt reef-wet belt",
        "anchorMode": "surface_anchor",
        "pinPlacement": "surface-land-pin",
        "feature_type": "settlement"
      },
      "geometry": {
        "type": "Point",
        "coordinates": [
          119.53125,
          0.47021806240081787,
          0
        ]
      }
    },
    {
      "type": "Feature",
      "properties": {
        "id": "khorvaak:Thaléssar",
        "name": "Thaléssar",
        "province": "Khorvaak",
        "type": "Village",
        "population": 879737,
        "danger": "Moderate",
        "biomes": [
          "Beach and reefs with water",
          "Ocean Surface floating settlement",
          "Beach and grass with water"
        ],
        "primaryBiome": "Beach and reefs with water",
        "transportation": [
          "Caravan",
          "Train",
          "Steamship",
          "Submarine"
        ],
        "elevationM": 0.0,
        "weatherName": "Forestgreen Steamfront",
        "climateBelt": "Sunbelt reef-wet belt",
        "anchorMode": "floating_surface_anchor",
        "pinPlacement": "ocean-surface-floating-pin",
        "feature_type": "settlement"
      },
      "geometry": {
        "type": "Point",
        "coordinates": [
          123.046875,
          6.517081260681152,
          0
        ]
      }
    },
    {
      "type": "Feature",
      "properties": {
        "id": "khorvaak:Vorathûn",
        "name": "Vorathûn",
        "province": "Khorvaak",
        "type": "Capital City",
        "population": 746658454,
        "danger": "High",
        "biomes": [
          "Deep cavern",
          "Mountain range",
          "Beach and grass with water"
        ],
        "primaryBiome": "Deep cavern",
        "transportation": [
          "Caravan",
          "Train",
          "Ferry",
          "Steamship",
          "Submarine",
          "Skyship",
          "Portal"
        ],
        "elevationM": -8200.0,
        "weatherName": "Forestgreen Steamfront",
        "climateBelt": "Sunbelt reef-wet belt",
        "anchorMode": "subsurface_cavern_anchor",
        "pinPlacement": "deep-mountain-cavern-pin",
        "feature_type": "settlement"
      },
      "geometry": {
        "type": "Point",
        "coordinates": [
          150.9145975112915,
          13.261823058128357,
          -8200.0
        ]
      }
    },
    {
      "type": "Feature",
      "properties": {
        "id": "khorvaak:Vyraléth",
        "name": "Vyraléth",
        "province": "Khorvaak",
        "type": "Village",
        "population": 5364094,
        "danger": "Low",
        "biomes": [
          "Beach and grass with water",
          "Farming",
          "Beach and reefs with water"
        ],
        "primaryBiome": "Beach and grass with water",
        "transportation": [
          "Caravan",
          "Train",
          "Ferry",
          "Steamship",
          "Submarine"
        ],
        "elevationM": 2019.88,
        "weatherName": "Forestgreen Steamfront",
        "climateBelt": "Sunbelt reef-wet belt",
        "anchorMode": "surface_anchor",
        "pinPlacement": "surface-land-pin",
        "feature_type": "settlement"
      },
      "geometry": {
        "type": "Point",
        "coordinates": [
          163.54687929153442,
          12.001469135284424,
          2019.88
        ]
      }
    },
    {
      "type": "Feature",
      "properties": {
        "id": "luntharave:Auralisthra",
        "name": "Auralisthra",
        "province": "Lun’tharavé",
        "type": "Capital City",
        "population": 233097363,
        "danger": "Moderate",
        "biomes": [
          "Farming",
          "Grassland",
          "Partial forest"
        ],
        "primaryBiome": "Farming",
        "transportation": [
          "Caravan",
          "Train",
          "Skyship",
          "Portal"
        ],
        "elevationM": 20.0,
        "weatherName": "Copper-Bead Rain",
        "climateBelt": "Sunbelt reef-wet belt",
        "anchorMode": "surface_anchor",
        "pinPlacement": "surface-land-pin",
        "feature_type": "settlement"
      },
      "geometry": {
        "type": "Point",
        "coordinates": [
          21.65626287460327,
          -69.70166444778442,
          20.0
        ]
      }
    },
    {
      "type": "Feature",
      "properties": {
        "id": "luntharave:Caelunor",
        "name": "Caelunor",
        "province": "Lun’tharavé",
        "type": "Town",
        "population": 4920890,
        "danger": "Elevated",
        "biomes": [
          "Beach and reefs with water",
          "Ocean Surface floating settlement",
          "Beach and grass with water"
        ],
        "primaryBiome": "Beach and reefs with water",
        "transportation": [
          "Caravan",
          "Train",
          "Steamship",
          "Submarine"
        ],
        "elevationM": 0.0,
        "weatherName": "Copper-Bead Rain",
        "climateBelt": "Sunbelt reef-wet belt",
        "anchorMode": "floating_surface_anchor",
        "pinPlacement": "ocean-surface-floating-pin",
        "feature_type": "settlement"
      },
      "geometry": {
        "type": "Point",
        "coordinates": [
          16.312508583068848,
          -79.12353515625,
          0
        ]
      }
    },
    {
      "type": "Feature",
      "properties": {
        "id": "luntharave:Lunathéa",
        "name": "Lunathéa",
        "province": "Lun’tharavé",
        "type": "Village",
        "population": 3634043,
        "danger": "Moderate",
        "biomes": [
          "Beach and grass with water",
          "Beach and reefs with water"
        ],
        "primaryBiome": "Beach and grass with water",
        "transportation": [
          "Caravan",
          "Train",
          "Steamship",
          "Submarine"
        ],
        "elevationM": 0.0,
        "weatherName": "Copper-Bead Rain",
        "climateBelt": "Sunbelt reef-wet belt",
        "anchorMode": "surface_anchor",
        "pinPlacement": "surface-land-pin",
        "feature_type": "settlement"
      },
      "geometry": {
        "type": "Point",
        "coordinates": [
          32.20313787460327,
          -79.54541444778442,
          0
        ]
      }
    },
    {
      "type": "Feature",
      "properties": {
        "id": "luntharave:Lunavéss",
        "name": "Lunavéss",
        "province": "Lun’tharavé",
        "type": "Village",
        "population": 2433871,
        "danger": "Low",
        "biomes": [
          "Beach and grass with water",
          "Partial forest",
          "Beach and reefs with water"
        ],
        "primaryBiome": "Beach and grass with water",
        "transportation": [
          "Caravan",
          "Train",
          "Steamship",
          "Submarine"
        ],
        "elevationM": 0.0,
        "weatherName": "Copper-Bead Rain",
        "climateBelt": "Sunbelt reef-wet belt",
        "anchorMode": "surface_anchor",
        "pinPlacement": "surface-land-pin",
        "feature_type": "settlement"
      },
      "geometry": {
        "type": "Point",
        "coordinates": [
          23.625004291534424,
          -46.77978515625,
          0
        ]
      }
    },
    {
      "type": "Feature",
      "properties": {
        "id": "luntharave:Lunévaris",
        "name": "Lunévaris",
        "province": "Lun’tharavé",
        "type": "Village",
        "population": 3409943,
        "danger": "Low",
        "biomes": [
          "Farming",
          "Beach and grass with water",
          "Mountain range"
        ],
        "primaryBiome": "Farming",
        "transportation": [
          "Caravan",
          "Train",
          "Ferry",
          "Steamship",
          "Submarine"
        ],
        "elevationM": 2640.99,
        "weatherName": "Copper-Bead Rain",
        "climateBelt": "Sunbelt reef-wet belt",
        "anchorMode": "surface_anchor",
        "pinPlacement": "surface-land-pin",
        "feature_type": "settlement"
      },
      "geometry": {
        "type": "Point",
        "coordinates": [
          3.093745708465576,
          -68.85790586471558,
          2640.99
        ]
      }
    },
    {
      "type": "Feature",
      "properties": {
        "id": "luntharave:Lun'varae",
        "name": "Lun'varae",
        "province": "Lun’tharavé",
        "type": "Town",
        "population": 16967179,
        "danger": "Low",
        "biomes": [
          "Farming",
          "Grassland",
          "Hybrid tree and forest floor"
        ],
        "primaryBiome": "Farming",
        "transportation": [
          "Caravan",
          "Train"
        ],
        "elevationM": 126.67,
        "weatherName": "Copper-Bead Rain",
        "climateBelt": "Sunbelt reef-wet belt",
        "anchorMode": "surface_anchor",
        "pinPlacement": "surface-land-pin",
        "feature_type": "settlement"
      },
      "geometry": {
        "type": "Point",
        "coordinates": [
          27.98438787460327,
          -57.46729373931885,
          126.67
        ]
      }
    },
    {
      "type": "Feature",
      "properties": {
        "id": "luntharave:Neruvéa",
        "name": "Neruvéa",
        "province": "Lun’tharavé",
        "type": "Town",
        "population": 11750622,
        "danger": "Low",
        "biomes": [
          "Farming",
          "Partial forest",
          "Deep forest"
        ],
        "primaryBiome": "Farming",
        "transportation": [
          "Caravan",
          "Train",
          "Ferry"
        ],
        "elevationM": 190.59,
        "weatherName": "Copper-Bead Rain",
        "climateBelt": "Sunbelt reef-wet belt",
        "anchorMode": "surface_anchor",
        "pinPlacement": "surface-land-pin",
        "feature_type": "settlement"
      },
      "geometry": {
        "type": "Point",
        "coordinates": [
          11.37033404296875,
          -62.687728476562484,
          190.59
        ]
      }
    },
    {
      "type": "Feature",
      "properties": {
        "id": "luntharave:Seralun",
        "name": "Seralun",
        "province": "Lun’tharavé",
        "type": "City",
        "population": 61588045,
        "danger": "High",
        "biomes": [
          "Beach and grass with water",
          "Ocean Surface floating settlement"
        ],
        "primaryBiome": "Beach and grass with water",
        "transportation": [
          "Caravan",
          "Train",
          "Steamship",
          "Submarine",
          "Skyship"
        ],
        "elevationM": 0.0,
        "weatherName": "Copper-Bead Rain",
        "climateBelt": "Sunbelt reef-wet belt",
        "anchorMode": "floating_surface_anchor",
        "pinPlacement": "ocean-surface-floating-pin",
        "feature_type": "settlement"
      },
      "geometry": {
        "type": "Point",
        "coordinates": [
          -0.703125,
          -76.73291444778442,
          0
        ]
      }
    },
    {
      "type": "Feature",
      "properties": {
        "id": "luntharave:Sylmaris",
        "name": "Sylmaris",
        "province": "Lun’tharavé",
        "type": "City",
        "population": 168288131,
        "danger": "Low",
        "biomes": [
          "Beach and grass with water",
          "Farming",
          "Partial forest"
        ],
        "primaryBiome": "Beach and grass with water",
        "transportation": [
          "Caravan",
          "Train",
          "Ferry",
          "Steamship",
          "Submarine",
          "Skyship"
        ],
        "elevationM": 402.35,
        "weatherName": "Copper-Bead Rain",
        "climateBelt": "Sunbelt reef-wet belt",
        "anchorMode": "surface_anchor",
        "pinPlacement": "surface-land-pin",
        "feature_type": "settlement"
      },
      "geometry": {
        "type": "Point",
        "coordinates": [
          38.671875,
          -71.95166230201721,
          402.35
        ]
      }
    },
    {
      "type": "Feature",
      "properties": {
        "id": "luntharave:Vireluna",
        "name": "Vireluna",
        "province": "Lun’tharavé",
        "type": "City",
        "population": 63544143,
        "danger": "Moderate",
        "biomes": [
          "Farming",
          "Partial forest",
          "Beach and grass with water"
        ],
        "primaryBiome": "Farming",
        "transportation": [
          "Caravan",
          "Train",
          "Ferry",
          "Steamship",
          "Submarine",
          "Skyship"
        ],
        "elevationM": 20.0,
        "weatherName": "Copper-Bead Rain",
        "climateBelt": "Sunbelt reef-wet belt",
        "anchorMode": "surface_anchor",
        "pinPlacement": "surface-land-pin",
        "feature_type": "settlement"
      },
      "geometry": {
        "type": "Point",
        "coordinates": [
          17.015633583068848,
          -53.389166593551636,
          20.0
        ]
      }
    },
    {
      "type": "Feature",
      "properties": {
        "id": "marrowynd:Blacktide Reach",
        "name": "Blacktide Reach",
        "province": "Marrowynd",
        "type": "City",
        "population": 150422335,
        "danger": "High",
        "biomes": [
          "Beach and grass with water",
          "Partial forest",
          "Beach and reefs with water"
        ],
        "primaryBiome": "Beach and grass with water",
        "transportation": [
          "Caravan",
          "Train",
          "Ferry",
          "Steamship",
          "Submarine",
          "Skyship"
        ],
        "elevationM": 151.17,
        "weatherName": "Boneback Wet Gales",
        "climateBelt": "Sunbelt reef-wet belt",
        "anchorMode": "surface_anchor",
        "pinPlacement": "surface-land-pin",
        "feature_type": "settlement"
      },
      "geometry": {
        "type": "Point",
        "coordinates": [
          -95.76562285423279,
          65.5795893073082,
          151.17
        ]
      }
    },
    {
      "type": "Feature",
      "properties": {
        "id": "marrowynd:Cindervale Coast",
        "name": "Cindervale Coast",
        "province": "Marrowynd",
        "type": "Town",
        "population": 19732805,
        "danger": "Low",
        "biomes": [
          "Beach and grass with water",
          "Farming",
          "Partial forest"
        ],
        "primaryBiome": "Beach and grass with water",
        "transportation": [
          "Caravan",
          "Train",
          "Ferry",
          "Steamship",
          "Submarine"
        ],
        "elevationM": 189.27,
        "weatherName": "Boneback Wet Gales",
        "climateBelt": "Sunbelt reef-wet belt",
        "anchorMode": "surface_anchor",
        "pinPlacement": "surface-land-pin",
        "feature_type": "settlement"
      },
      "geometry": {
        "type": "Point",
        "coordinates": [
          -95.625,
          56.0170903801918,
          189.27
        ]
      }
    },
    {
      "type": "Feature",
      "properties": {
        "id": "marrowynd:Kharrowport",
        "name": "Kharrowport",
        "province": "Marrowynd",
        "type": "Town",
        "population": 30596860,
        "danger": "Moderate",
        "biomes": [
          "Beach and grass with water",
          "Marshes and swamps",
          "Partial forest"
        ],
        "primaryBiome": "Beach and grass with water",
        "transportation": [
          "Caravan",
          "Train",
          "Steamship",
          "Submarine"
        ],
        "elevationM": 49.16,
        "weatherName": "Boneback Wet Gales",
        "climateBelt": "Sunbelt reef-wet belt",
        "anchorMode": "surface_anchor",
        "pinPlacement": "surface-land-pin",
        "feature_type": "settlement"
      },
      "geometry": {
        "type": "Point",
        "coordinates": [
          -119.1093760728836,
          53.48584145307541,
          49.16
        ]
      }
    },
    {
      "type": "Feature",
      "properties": {
        "id": "marrowynd:Myrkwake",
        "name": "Myrkwake",
        "province": "Marrowynd",
        "type": "Town",
        "population": 40435714,
        "danger": "High",
        "biomes": [
          "Ocean Surface floating settlement",
          "Underwater without reefs"
        ],
        "primaryBiome": "Ocean Surface floating settlement",
        "transportation": [
          "Steamship",
          "Submarine"
        ],
        "elevationM": -4719.0,
        "weatherName": "Boneback Wet Gales",
        "climateBelt": "Sunbelt reef-wet belt",
        "anchorMode": "underwater_anchor",
        "pinPlacement": "underwater-pin",
        "feature_type": "settlement"
      },
      "geometry": {
        "type": "Point",
        "coordinates": [
          -120.6562489271164,
          72.61083394289017,
          -4719.0
        ]
      }
    },
    {
      "type": "Feature",
      "properties": {
        "id": "marrowynd:Orinthéa",
        "name": "Orinthéa",
        "province": "Marrowynd",
        "type": "Village",
        "population": 3476224,
        "danger": "Elevated",
        "biomes": [
          "Ocean Surface floating settlement",
          "Underwater without reefs"
        ],
        "primaryBiome": "Ocean Surface floating settlement",
        "transportation": [
          "Steamship",
          "Submarine"
        ],
        "elevationM": -4719.0,
        "weatherName": "Boneback Wet Gales",
        "climateBelt": "Sunbelt reef-wet belt",
        "anchorMode": "underwater_anchor",
        "pinPlacement": "underwater-pin",
        "feature_type": "settlement"
      },
      "geometry": {
        "type": "Point",
        "coordinates": [
          -137.2500005364418,
          65.8608403801918,
          -4719.0
        ]
      }
    },
    {
      "type": "Feature",
      "properties": {
        "id": "marrowynd:Seawynd Hollow",
        "name": "Seawynd Hollow",
        "province": "Marrowynd",
        "type": "City",
        "population": 225436920,
        "danger": "High",
        "biomes": [
          "Partial forest",
          "Deep forest",
          "Marshes and swamps"
        ],
        "primaryBiome": "Partial forest",
        "transportation": [
          "Caravan",
          "Train",
          "Ferry",
          "Skyship"
        ],
        "elevationM": 160.85,
        "weatherName": "Boneback Wet Gales",
        "climateBelt": "Sunbelt reef-wet belt",
        "anchorMode": "surface_anchor",
        "pinPlacement": "surface-land-pin",
        "feature_type": "settlement"
      },
      "geometry": {
        "type": "Point",
        "coordinates": [
          -90.14062285423279,
          61.78271323442459,
          160.85
        ]
      }
    },
    {
      "type": "Feature",
      "properties": {
        "id": "marrowynd:Shadewharf",
        "name": "Shadewharf",
        "province": "Marrowynd",
        "type": "Village",
        "population": 3248566,
        "danger": "Low",
        "biomes": [
          "Beach and grass with water",
          "Partial forest",
          "Farming"
        ],
        "primaryBiome": "Beach and grass with water",
        "transportation": [
          "Caravan",
          "Train",
          "Ferry",
          "Steamship",
          "Submarine"
        ],
        "elevationM": 63.91,
        "weatherName": "Boneback Wet Gales",
        "climateBelt": "Sunbelt reef-wet belt",
        "anchorMode": "surface_anchor",
        "pinPlacement": "surface-land-pin",
        "feature_type": "settlement"
      },
      "geometry": {
        "type": "Point",
        "coordinates": [
          -106.171875,
          56.86083823442459,
          63.91
        ]
      }
    },
    {
      "type": "Feature",
      "properties": {
        "id": "marrowynd:Stormharrow",
        "name": "Stormharrow",
        "province": "Marrowynd",
        "type": "Capital City",
        "population": 1185783028,
        "danger": "Elevated",
        "biomes": [
          "Farming",
          "Partial forest",
          "Beach and grass with water"
        ],
        "primaryBiome": "Farming",
        "transportation": [
          "Caravan",
          "Train",
          "Ferry",
          "Steamship",
          "Submarine",
          "Skyship",
          "Portal"
        ],
        "elevationM": 130.67,
        "weatherName": "Boneback Wet Gales",
        "climateBelt": "Sunbelt reef-wet belt",
        "anchorMode": "surface_anchor",
        "pinPlacement": "surface-land-pin",
        "feature_type": "settlement"
      },
      "geometry": {
        "type": "Point",
        "coordinates": [
          -74.67187285423279,
          54.18896645307541,
          130.67
        ]
      }
    },
    {
      "type": "Feature",
      "properties": {
        "id": "marrowynd:Thalmerrow",
        "name": "Thalmerrow",
        "province": "Marrowynd",
        "type": "City",
        "population": 133972423,
        "danger": "Elevated",
        "biomes": [
          "Beach and grass with water",
          "Partial forest",
          "Deep forest"
        ],
        "primaryBiome": "Beach and grass with water",
        "transportation": [
          "Caravan",
          "Train",
          "Steamship",
          "Submarine",
          "Skyship"
        ],
        "elevationM": 30.73,
        "weatherName": "Boneback Wet Gales",
        "climateBelt": "Sunbelt reef-wet belt",
        "anchorMode": "surface_anchor",
        "pinPlacement": "surface-land-pin",
        "feature_type": "settlement"
      },
      "geometry": {
        "type": "Point",
        "coordinates": [
          -131.9062489271164,
          54.048340916633606,
          30.73
        ]
      }
    },
    {
      "type": "Feature",
      "properties": {
        "id": "marrowynd:Thyrévara",
        "name": "Thyrévara",
        "province": "Marrowynd",
        "type": "Village",
        "population": 730214,
        "danger": "Moderate",
        "biomes": [
          "Ocean Surface floating settlement",
          "Underwater without reefs"
        ],
        "primaryBiome": "Ocean Surface floating settlement",
        "transportation": [
          "Steamship",
          "Submarine"
        ],
        "elevationM": -4719.0,
        "weatherName": "Boneback Wet Gales",
        "climateBelt": "Sunbelt reef-wet belt",
        "anchorMode": "underwater_anchor",
        "pinPlacement": "underwater-pin",
        "feature_type": "settlement"
      },
      "geometry": {
        "type": "Point",
        "coordinates": [
          -111.5156239271164,
          78.23583662509918,
          -4719.0
        ]
      }
    },
    {
      "type": "Feature",
      "properties": {
        "id": "marrowynd:Vaelshore",
        "name": "Vaelshore",
        "province": "Marrowynd",
        "type": "Town",
        "population": 38674881,
        "danger": "Moderate",
        "biomes": [
          "Beach and grass with water",
          "Partial forest",
          "Beach and reefs with water"
        ],
        "primaryBiome": "Beach and grass with water",
        "transportation": [
          "Caravan",
          "Train",
          "Steamship",
          "Submarine"
        ],
        "elevationM": 0.0,
        "weatherName": "Boneback Wet Gales",
        "climateBelt": "Sunbelt reef-wet belt",
        "anchorMode": "surface_anchor",
        "pinPlacement": "surface-land-pin",
        "feature_type": "settlement"
      },
      "geometry": {
        "type": "Point",
        "coordinates": [
          -86.484375,
          72.04833716154099,
          0
        ]
      }
    },
    {
      "type": "Feature",
      "properties": {
        "id": "nalvessir:Balmire",
        "name": "Balmire",
        "province": "Nalvessir",
        "type": "Town",
        "population": 47362823,
        "danger": "Elevated",
        "biomes": [
          "Beach and grass with water",
          "Beach and reefs with water",
          "Marshes and swamps"
        ],
        "primaryBiome": "Beach and grass with water",
        "transportation": [
          "Caravan",
          "Train",
          "Steamship",
          "Submarine"
        ],
        "elevationM": 0.0,
        "weatherName": "Grayreef Fogfall",
        "climateBelt": "Sunbelt reef-wet belt",
        "anchorMode": "surface_anchor",
        "pinPlacement": "surface-land-pin",
        "feature_type": "settlement"
      },
      "geometry": {
        "type": "Point",
        "coordinates": [
          83.47302675247192,
          27.882995009422302,
          0
        ]
      }
    },
    {
      "type": "Feature",
      "properties": {
        "id": "nalvessir:Bentharys",
        "name": "Bentharys",
        "province": "Nalvessir",
        "type": "Town",
        "population": 62247253,
        "danger": "Elevated",
        "biomes": [
          "Beach and grass with water",
          "Ocean Surface floating settlement"
        ],
        "primaryBiome": "Beach and grass with water",
        "transportation": [
          "Caravan",
          "Train",
          "Steamship",
          "Submarine"
        ],
        "elevationM": 0.0,
        "weatherName": "Grayreef Fogfall",
        "climateBelt": "Sunbelt reef-wet belt",
        "anchorMode": "floating_surface_anchor",
        "pinPlacement": "ocean-surface-floating-pin",
        "feature_type": "settlement"
      },
      "geometry": {
        "type": "Point",
        "coordinates": [
          111.89882040023804,
          7.357449531555176,
          0
        ]
      }
    },
    {
      "type": "Feature",
      "properties": {
        "id": "nalvessir:Briarwater",
        "name": "Briarwater",
        "province": "Nalvessir",
        "type": "City",
        "population": 310303820,
        "danger": "Elevated",
        "biomes": [
          "Beach and grass with water",
          "Farming",
          "Partial forest"
        ],
        "primaryBiome": "Beach and grass with water",
        "transportation": [
          "Caravan",
          "Train",
          "Steamship",
          "Submarine",
          "Skyship"
        ],
        "elevationM": 86.03,
        "weatherName": "Grayreef Fogfall",
        "climateBelt": "Sunbelt reef-wet belt",
        "anchorMode": "surface_anchor",
        "pinPlacement": "surface-land-pin",
        "feature_type": "settlement"
      },
      "geometry": {
        "type": "Point",
        "coordinates": [
          124.03270483016968,
          20.13394296169281,
          86.03
        ]
      }
    },
    {
      "type": "Feature",
      "properties": {
        "id": "nalvessir:Frostfen",
        "name": "Frostfen",
        "province": "Nalvessir",
        "type": "Village",
        "population": 3943643,
        "danger": "Moderate",
        "biomes": [
          "Beach and reefs with water",
          "Beach and grass with water"
        ],
        "primaryBiome": "Beach and reefs with water",
        "transportation": [
          "Caravan",
          "Train",
          "Steamship",
          "Submarine"
        ],
        "elevationM": 0.0,
        "weatherName": "Grayreef Fogfall",
        "climateBelt": "Sunbelt reef-wet belt",
        "anchorMode": "surface_anchor",
        "pinPlacement": "surface-land-pin",
        "feature_type": "settlement"
      },
      "geometry": {
        "type": "Point",
        "coordinates": [
          99.06397435546876,
          18.39101484375,
          0
        ]
      }
    },
    {
      "type": "Feature",
      "properties": {
        "id": "nalvessir:Greenmire",
        "name": "Greenmire",
        "province": "Nalvessir",
        "type": "Capital City",
        "population": 934154360,
        "danger": "Severe",
        "biomes": [
          "Beach and grass with water",
          "Beach and reefs with water"
        ],
        "primaryBiome": "Beach and grass with water",
        "transportation": [
          "Caravan",
          "Train",
          "Steamship",
          "Submarine",
          "Skyship",
          "Portal"
        ],
        "elevationM": 0.0,
        "weatherName": "Grayreef Fogfall",
        "climateBelt": "Sunbelt reef-wet belt",
        "anchorMode": "surface_anchor",
        "pinPlacement": "surface-land-pin",
        "feature_type": "settlement"
      },
      "geometry": {
        "type": "Point",
        "coordinates": [
          109.73036970703129,
          24.221164218750005,
          0
        ]
      }
    },
    {
      "type": "Feature",
      "properties": {
        "id": "nalvessir:Palevanna",
        "name": "Palevanna",
        "province": "Nalvessir",
        "type": "Town",
        "population": 16090704,
        "danger": "Low",
        "biomes": [
          "Farming",
          "Deep forest",
          "Partial forest"
        ],
        "primaryBiome": "Farming",
        "transportation": [
          "Caravan",
          "Train",
          "Ferry"
        ],
        "elevationM": 833.98,
        "weatherName": "Grayreef Fogfall",
        "climateBelt": "Sunbelt reef-wet belt",
        "anchorMode": "surface_anchor",
        "pinPlacement": "surface-land-pin",
        "feature_type": "settlement"
      },
      "geometry": {
        "type": "Point",
        "coordinates": [
          114.09123659133911,
          32.38122582435608,
          833.98
        ]
      }
    },
    {
      "type": "Feature",
      "properties": {
        "id": "nalvessir:Pellavess",
        "name": "Pellavess",
        "province": "Nalvessir",
        "type": "Village",
        "population": 1102364,
        "danger": "Low",
        "biomes": [
          "Farming",
          "Partial forest",
          "Mountain range"
        ],
        "primaryBiome": "Farming",
        "transportation": [
          "Caravan",
          "Train"
        ],
        "elevationM": 776.05,
        "weatherName": "Grayreef Fogfall",
        "climateBelt": "Sunbelt reef-wet belt",
        "anchorMode": "surface_anchor",
        "pinPlacement": "surface-land-pin",
        "feature_type": "settlement"
      },
      "geometry": {
        "type": "Point",
        "coordinates": [
          124.259512424469,
          33.288429379463196,
          776.05
        ]
      }
    },
    {
      "type": "Feature",
      "properties": {
        "id": "nalvessir:Porthelis",
        "name": "Porthelis",
        "province": "Nalvessir",
        "type": "City",
        "population": 260886061,
        "danger": "High",
        "biomes": [
          "Deep forest",
          "Beach and grass with water",
          "Partial forest"
        ],
        "primaryBiome": "Deep forest",
        "transportation": [
          "Caravan",
          "Train",
          "Steamship",
          "Submarine",
          "Skyship"
        ],
        "elevationM": 154.86,
        "weatherName": "Grayreef Fogfall",
        "climateBelt": "Sunbelt reef-wet belt",
        "anchorMode": "surface_anchor",
        "pinPlacement": "surface-land-pin",
        "feature_type": "settlement"
      },
      "geometry": {
        "type": "Point",
        "coordinates": [
          101.57935380935669,
          29.16820228099823,
          154.86
        ]
      }
    },
    {
      "type": "Feature",
      "properties": {
        "id": "pelvoryn:Belynthar",
        "name": "Belynthar",
        "province": "Pelvoryn",
        "type": "Capital City",
        "population": 746645951,
        "danger": "High",
        "biomes": [
          "Partial forest",
          "Farming",
          "Treetops - treehouses"
        ],
        "primaryBiome": "Partial forest",
        "transportation": [
          "Caravan",
          "Train",
          "Ferry",
          "Skyship",
          "Portal"
        ],
        "elevationM": 13.4,
        "weatherName": "Cinder-Wet Squalls",
        "climateBelt": "Sunbelt reef-wet belt",
        "anchorMode": "surface_anchor",
        "pinPlacement": "surface-land-pin",
        "feature_type": "settlement"
      },
      "geometry": {
        "type": "Point",
        "coordinates": [
          10.968754291534424,
          -12.32666015625,
          13.4
        ]
      }
    },
    {
      "type": "Feature",
      "properties": {
        "id": "pelvoryn:Fensylth",
        "name": "Fensylth",
        "province": "Pelvoryn",
        "type": "Town",
        "population": 29886349,
        "danger": "Moderate",
        "biomes": [
          "Beach and grass with water",
          "Farming",
          "Beach and reefs with water"
        ],
        "primaryBiome": "Beach and grass with water",
        "transportation": [
          "Caravan",
          "Train",
          "Steamship",
          "Submarine"
        ],
        "elevationM": 0.0,
        "weatherName": "Cinder-Wet Squalls",
        "climateBelt": "Sunbelt reef-wet belt",
        "anchorMode": "surface_anchor",
        "pinPlacement": "surface-land-pin",
        "feature_type": "settlement"
      },
      "geometry": {
        "type": "Point",
        "coordinates": [
          20.249991416931152,
          -22.029787302017212,
          0
        ]
      }
    },
    {
      "type": "Feature",
      "properties": {
        "id": "pelvoryn:Gavaryn",
        "name": "Gavaryn",
        "province": "Pelvoryn",
        "type": "City",
        "population": 169445582,
        "danger": "Elevated",
        "biomes": [
          "Partial forest",
          "Farming",
          "Deep forest"
        ],
        "primaryBiome": "Partial forest",
        "transportation": [
          "Caravan",
          "Train",
          "Skyship"
        ],
        "elevationM": 42.67,
        "weatherName": "Cinder-Wet Squalls",
        "climateBelt": "Sunbelt reef-wet belt",
        "anchorMode": "surface_anchor",
        "pinPlacement": "surface-land-pin",
        "feature_type": "settlement"
      },
      "geometry": {
        "type": "Point",
        "coordinates": [
          20.390625,
          -7.40478515625,
          42.67
        ]
      }
    },
    {
      "type": "Feature",
      "properties": {
        "id": "pelvoryn:Lysévara",
        "name": "Lysévara",
        "province": "Pelvoryn",
        "type": "Town",
        "population": 41328130,
        "danger": "Low",
        "biomes": [
          "Partial forest",
          "Beach and grass with water",
          "Farming"
        ],
        "primaryBiome": "Partial forest",
        "transportation": [
          "Caravan",
          "Train",
          "Ferry",
          "Steamship",
          "Submarine"
        ],
        "elevationM": 26.81,
        "weatherName": "Cinder-Wet Squalls",
        "climateBelt": "Sunbelt reef-wet belt",
        "anchorMode": "surface_anchor",
        "pinPlacement": "surface-land-pin",
        "feature_type": "settlement"
      },
      "geometry": {
        "type": "Point",
        "coordinates": [
          27.140629291534424,
          -13.873533010482788,
          26.81
        ]
      }
    },
    {
      "type": "Feature",
      "properties": {
        "id": "pelvoryn:Lysvire",
        "name": "Lysvire",
        "province": "Pelvoryn",
        "type": "City",
        "population": 292126537,
        "danger": "Severe",
        "biomes": [
          "Partial forest",
          "Beach and grass with water",
          "Marshes and swamps"
        ],
        "primaryBiome": "Partial forest",
        "transportation": [
          "Caravan",
          "Train",
          "Ferry",
          "Steamship",
          "Submarine",
          "Skyship"
        ],
        "elevationM": 168.42,
        "weatherName": "Cinder-Wet Squalls",
        "climateBelt": "Sunbelt reef-wet belt",
        "anchorMode": "surface_anchor",
        "pinPlacement": "surface-land-pin",
        "feature_type": "settlement"
      },
      "geometry": {
        "type": "Point",
        "coordinates": [
          -8.296877145767212,
          -12.889162302017212,
          168.42
        ]
      }
    },
    {
      "type": "Feature",
      "properties": {
        "id": "pelvoryn:Nythéssa",
        "name": "Nythéssa",
        "province": "Pelvoryn",
        "type": "Town",
        "population": 6871239,
        "danger": "Elevated",
        "biomes": [
          "Partial forest",
          "Marshes and swamps",
          "Beach and grass with water"
        ],
        "primaryBiome": "Partial forest",
        "transportation": [
          "Caravan",
          "Train",
          "Steamship",
          "Submarine"
        ],
        "elevationM": 0.0,
        "weatherName": "Cinder-Wet Squalls",
        "climateBelt": "Sunbelt reef-wet belt",
        "anchorMode": "surface_anchor",
        "pinPlacement": "surface-land-pin",
        "feature_type": "settlement"
      },
      "geometry": {
        "type": "Point",
        "coordinates": [
          -7.874997854232788,
          -7.123539447784424,
          0
        ]
      }
    },
    {
      "type": "Feature",
      "properties": {
        "id": "pelvoryn:Thaloréa",
        "name": "Thaloréa",
        "province": "Pelvoryn",
        "type": "Village",
        "population": 4880050,
        "danger": "Low",
        "biomes": [
          "Partial forest",
          "Farming",
          "Treetops - treehouses"
        ],
        "primaryBiome": "Partial forest",
        "transportation": [
          "Caravan",
          "Train",
          "Ferry"
        ],
        "elevationM": 420.72,
        "weatherName": "Cinder-Wet Squalls",
        "climateBelt": "Sunbelt reef-wet belt",
        "anchorMode": "surface_anchor",
        "pinPlacement": "surface-land-pin",
        "feature_type": "settlement"
      },
      "geometry": {
        "type": "Point",
        "coordinates": [
          28.546879291534424,
          -7.826664447784424,
          420.72
        ]
      }
    },
    {
      "type": "Feature",
      "properties": {
        "id": "pelvoryn:Wildsunder",
        "name": "Wildsunder",
        "province": "Pelvoryn",
        "type": "Village",
        "population": 3725095,
        "danger": "Low",
        "biomes": [
          "Partial forest",
          "Farming",
          "Deep forest"
        ],
        "primaryBiome": "Partial forest",
        "transportation": [
          "Caravan",
          "Train",
          "Ferry"
        ],
        "elevationM": 120.0,
        "weatherName": "Cinder-Wet Squalls",
        "climateBelt": "Sunbelt reef-wet belt",
        "anchorMode": "surface_anchor",
        "pinPlacement": "surface-land-pin",
        "feature_type": "settlement"
      },
      "geometry": {
        "type": "Point",
        "coordinates": [
          3.3749914169311523,
          -7.545408010482788,
          120.0
        ]
      }
    },
    {
      "type": "Feature",
      "properties": {
        "id": "sylvaveryn:Aelmyrwald",
        "name": "Aelmyrwald",
        "province": "Sylvavéryn",
        "type": "Village",
        "population": 5595339,
        "danger": "Low",
        "biomes": [
          "Farming",
          "Partial forest",
          "Deep forest"
        ],
        "primaryBiome": "Farming",
        "transportation": [
          "Caravan",
          "Train"
        ],
        "elevationM": 84.0,
        "weatherName": "Cyan Sky-River",
        "climateBelt": "Sunbelt reef-wet belt",
        "anchorMode": "surface_anchor",
        "pinPlacement": "surface-land-pin",
        "feature_type": "settlement"
      },
      "geometry": {
        "type": "Point",
        "coordinates": [
          -73.49571527343751,
          3.393135527343759,
          84.0
        ]
      }
    },
    {
      "type": "Feature",
      "properties": {
        "id": "sylvaveryn:Elaravosk",
        "name": "Elaravosk",
        "province": "Sylvavéryn",
        "type": "City",
        "population": 189741782,
        "danger": "High",
        "biomes": [
          "Farming",
          "Grassland",
          "Beach and grass with water"
        ],
        "primaryBiome": "Farming",
        "transportation": [
          "Caravan",
          "Train",
          "Ferry",
          "Steamship",
          "Submarine",
          "Skyship"
        ],
        "elevationM": 133.33,
        "weatherName": "Cyan Sky-River",
        "climateBelt": "Sunbelt reef-wet belt",
        "anchorMode": "surface_anchor",
        "pinPlacement": "surface-land-pin",
        "feature_type": "settlement"
      },
      "geometry": {
        "type": "Point",
        "coordinates": [
          -81.88480353515624,
          1.5088419140625007,
          133.33
        ]
      }
    },
    {
      "type": "Feature",
      "properties": {
        "id": "sylvaveryn:Lethyrvos",
        "name": "Lethyrvos",
        "province": "Sylvavéryn",
        "type": "Town",
        "population": 63162573,
        "danger": "Moderate",
        "biomes": [
          "Beach and grass with water",
          "Farming",
          "Partial forest"
        ],
        "primaryBiome": "Beach and grass with water",
        "transportation": [
          "Caravan",
          "Train",
          "Ferry",
          "Steamship",
          "Submarine"
        ],
        "elevationM": 0.0,
        "weatherName": "Cyan Sky-River",
        "climateBelt": "Sunbelt reef-wet belt",
        "anchorMode": "surface_anchor",
        "pinPlacement": "surface-land-pin",
        "feature_type": "settlement"
      },
      "geometry": {
        "type": "Point",
        "coordinates": [
          -86.6509498828125,
          -1.7404388085937512,
          0
        ]
      }
    },
    {
      "type": "Feature",
      "properties": {
        "id": "sylvaveryn:Myrvaelûn",
        "name": "Myrvaelûn",
        "province": "Sylvavéryn",
        "type": "City",
        "population": 376017689,
        "danger": "Elevated",
        "biomes": [
          "Farming",
          "Beach and grass with water",
          "Partial forest"
        ],
        "primaryBiome": "Farming",
        "transportation": [
          "Caravan",
          "Train",
          "Ferry",
          "Steamship",
          "Submarine",
          "Skyship"
        ],
        "elevationM": 77.43,
        "weatherName": "Cyan Sky-River",
        "climateBelt": "Sunbelt reef-wet belt",
        "anchorMode": "surface_anchor",
        "pinPlacement": "surface-land-pin",
        "feature_type": "settlement"
      },
      "geometry": {
        "type": "Point",
        "coordinates": [
          -91.17214312499999,
          1.8418496484375027,
          77.43
        ]
      }
    },
    {
      "type": "Feature",
      "properties": {
        "id": "sylvaveryn:Sylthadös",
        "name": "Sylthadös",
        "province": "Sylvavéryn",
        "type": "City",
        "population": 319704005,
        "danger": "Elevated",
        "biomes": [
          "Farming",
          "Partial forest",
          "Deep forest"
        ],
        "primaryBiome": "Farming",
        "transportation": [
          "Caravan",
          "Train",
          "Ferry",
          "Skyship"
        ],
        "elevationM": 36.38,
        "weatherName": "Cyan Sky-River",
        "climateBelt": "Sunbelt reef-wet belt",
        "anchorMode": "surface_anchor",
        "pinPlacement": "surface-land-pin",
        "feature_type": "settlement"
      },
      "geometry": {
        "type": "Point",
        "coordinates": [
          -93.72537984374999,
          10.777539550781256,
          36.38
        ]
      }
    },
    {
      "type": "Feature",
      "properties": {
        "id": "sylvaveryn:Syl'thara",
        "name": "Syl'thara",
        "province": "Sylvavéryn",
        "type": "Village",
        "population": 3580710,
        "danger": "Moderate",
        "biomes": [
          "Partial forest",
          "Deep forest",
          "Beach and grass with water"
        ],
        "primaryBiome": "Partial forest",
        "transportation": [
          "Caravan",
          "Train",
          "Ferry",
          "Steamship",
          "Submarine"
        ],
        "elevationM": 23.94,
        "weatherName": "Cyan Sky-River",
        "climateBelt": "Sunbelt reef-wet belt",
        "anchorMode": "surface_anchor",
        "pinPlacement": "surface-land-pin",
        "feature_type": "settlement"
      },
      "geometry": {
        "type": "Point",
        "coordinates": [
          -99.4047345703125,
          4.322131699218744,
          23.94
        ]
      }
    },
    {
      "type": "Feature",
      "properties": {
        "id": "sylvaveryn:Sylthéa",
        "name": "Sylthéa",
        "province": "Sylvavéryn",
        "type": "Village",
        "population": 3662611,
        "danger": "Low",
        "biomes": [
          "Partial forest",
          "Farming",
          "Marshes and swamps"
        ],
        "primaryBiome": "Partial forest",
        "transportation": [
          "Caravan",
          "Train",
          "Ferry"
        ],
        "elevationM": 402.35,
        "weatherName": "Cyan Sky-River",
        "climateBelt": "Sunbelt reef-wet belt",
        "anchorMode": "surface_anchor",
        "pinPlacement": "surface-land-pin",
        "feature_type": "settlement"
      },
      "geometry": {
        "type": "Point",
        "coordinates": [
          -93.910502109375,
          19.37364873046876,
          402.35
        ]
      }
    },
    {
      "type": "Feature",
      "properties": {
        "id": "sylvaveryn:Thalavaryn",
        "name": "Thalavaryn",
        "province": "Sylvavéryn",
        "type": "Town",
        "population": 77330379,
        "danger": "Moderate",
        "biomes": [
          "Farming",
          "Beach and grass with water",
          "Grassland"
        ],
        "primaryBiome": "Farming",
        "transportation": [
          "Caravan",
          "Train",
          "Ferry",
          "Steamship",
          "Submarine"
        ],
        "elevationM": 371.27,
        "weatherName": "Cyan Sky-River",
        "climateBelt": "Sunbelt reef-wet belt",
        "anchorMode": "surface_anchor",
        "pinPlacement": "surface-land-pin",
        "feature_type": "settlement"
      },
      "geometry": {
        "type": "Point",
        "coordinates": [
          -85.88904257812499,
          19.50859810546875,
          371.27
        ]
      }
    },
    {
      "type": "Feature",
      "properties": {
        "id": "sylvaveryn:Vaelthyros",
        "name": "Vaelthyros",
        "province": "Sylvavéryn",
        "type": "Capital City",
        "population": 887160049,
        "danger": "High",
        "biomes": [
          "Treetops - treehouses",
          "Farming",
          "Grassland"
        ],
        "primaryBiome": "Treetops - treehouses",
        "transportation": [
          "Caravan",
          "Train",
          "Skyship",
          "Portal"
        ],
        "elevationM": 633.25,
        "weatherName": "Cyan Sky-River",
        "climateBelt": "Sunbelt reef-wet belt",
        "anchorMode": "surface_anchor",
        "pinPlacement": "surface-land-pin",
        "feature_type": "settlement"
      },
      "geometry": {
        "type": "Point",
        "coordinates": [
          -85.4591551171875,
          9.140077792968754,
          633.25
        ]
      }
    },
    {
      "type": "Feature",
      "properties": {
        "id": "sylvaveryn:Vaerundell",
        "name": "Vaerundell",
        "province": "Sylvavéryn",
        "type": "Town",
        "population": 56627114,
        "danger": "Moderate",
        "biomes": [
          "Farming",
          "Beach and grass with water",
          "Grassland"
        ],
        "primaryBiome": "Farming",
        "transportation": [
          "Caravan",
          "Train",
          "Ferry",
          "Steamship",
          "Submarine"
        ],
        "elevationM": 208.38,
        "weatherName": "Cyan Sky-River",
        "climateBelt": "Sunbelt reef-wet belt",
        "anchorMode": "surface_anchor",
        "pinPlacement": "surface-land-pin",
        "feature_type": "settlement"
      },
      "geometry": {
        "type": "Point",
        "coordinates": [
          -75.29073574218751,
          11.212337988281249,
          208.38
        ]
      }
    },
    {
      "type": "Feature",
      "properties": {
        "id": "thalryss:Abyrros",
        "name": "Abyrros",
        "province": "Thalryss",
        "type": "Town",
        "population": 31311416,
        "danger": "High",
        "biomes": [
          "Ocean Surface floating settlement"
        ],
        "primaryBiome": "Ocean Surface floating settlement",
        "transportation": [
          "Steamship",
          "Submarine"
        ],
        "elevationM": 0.0,
        "weatherName": "Knife-Cloud Fronts",
        "climateBelt": "Sunbelt reef-wet belt",
        "anchorMode": "floating_surface_anchor",
        "pinPlacement": "ocean-surface-floating-pin",
        "feature_type": "settlement"
      },
      "geometry": {
        "type": "Point",
        "coordinates": [
          -162.45965793728828,
          50.200264155864716,
          0
        ]
      }
    },
    {
      "type": "Feature",
      "properties": {
        "id": "thalryss:Blackwake Isles",
        "name": "Blackwake Isles",
        "province": "Thalryss",
        "type": "City",
        "population": 531288693,
        "danger": "High",
        "biomes": [
          "Beach and grass with water",
          "Farming",
          "Beach and reefs with water"
        ],
        "primaryBiome": "Beach and grass with water",
        "transportation": [
          "Caravan",
          "Train",
          "Steamship",
          "Submarine",
          "Skyship"
        ],
        "elevationM": 0.0,
        "weatherName": "Knife-Cloud Fronts",
        "climateBelt": "Sunbelt reef-wet belt",
        "anchorMode": "surface_anchor",
        "pinPlacement": "surface-land-pin",
        "feature_type": "settlement"
      },
      "geometry": {
        "type": "Point",
        "coordinates": [
          -107.31984436511993,
          -11.198233366012573,
          0
        ]
      }
    },
    {
      "type": "Feature",
      "properties": {
        "id": "thalryss:Dreadcurrent",
        "name": "Dreadcurrent",
        "province": "Thalryss",
        "type": "Town",
        "population": 72711134,
        "danger": "Severe",
        "biomes": [
          "Beach and reefs with water",
          "Ocean Surface floating settlement",
          "Beach and grass with water"
        ],
        "primaryBiome": "Beach and reefs with water",
        "transportation": [
          "Caravan",
          "Train",
          "Steamship",
          "Submarine"
        ],
        "elevationM": 0.0,
        "weatherName": "Knife-Cloud Fronts",
        "climateBelt": "Sunbelt reef-wet belt",
        "anchorMode": "floating_surface_anchor",
        "pinPlacement": "ocean-surface-floating-pin",
        "feature_type": "settlement"
      },
      "geometry": {
        "type": "Point",
        "coordinates": [
          -164.83637407422066,
          23.6602646112442,
          0
        ]
      }
    },
    {
      "type": "Feature",
      "properties": {
        "id": "thalryss:Grimwater Reach",
        "name": "Grimwater Reach",
        "province": "Thalryss",
        "type": "Village",
        "population": 7253412,
        "danger": "High",
        "biomes": [
          "Beach and grass with water",
          "Beach and reefs with water"
        ],
        "primaryBiome": "Beach and grass with water",
        "transportation": [
          "Caravan",
          "Train",
          "Steamship",
          "Submarine"
        ],
        "elevationM": 0.0,
        "weatherName": "Knife-Cloud Fronts",
        "climateBelt": "Sunbelt reef-wet belt",
        "anchorMode": "surface_anchor",
        "pinPlacement": "surface-land-pin",
        "feature_type": "settlement"
      },
      "geometry": {
        "type": "Point",
        "coordinates": [
          -106.60682201385498,
          -23.08181405067444,
          0
        ]
      }
    },
    {
      "type": "Feature",
      "properties": {
        "id": "thalryss:Leviamor",
        "name": "Leviamor",
        "province": "Thalryss",
        "type": "City",
        "population": 250821897,
        "danger": "High",
        "biomes": [
          "Hybrid tree and forest floor",
          "Farming",
          "Beach and grass with water"
        ],
        "primaryBiome": "Hybrid tree and forest floor",
        "transportation": [
          "Caravan",
          "Train",
          "Ferry",
          "Steamship",
          "Submarine",
          "Skyship"
        ],
        "elevationM": 251.93,
        "weatherName": "Knife-Cloud Fronts",
        "climateBelt": "Sunbelt reef-wet belt",
        "anchorMode": "surface_anchor",
        "pinPlacement": "surface-land-pin",
        "feature_type": "settlement"
      },
      "geometry": {
        "type": "Point",
        "coordinates": [
          -138.61326813697815,
          21.917343735694885,
          251.93
        ]
      }
    },
    {
      "type": "Feature",
      "properties": {
        "id": "thalryss:Morvyrûn-Thal",
        "name": "Morvyrûn-Thal",
        "province": "Thalryss",
        "type": "Village",
        "population": 6916336,
        "danger": "Elevated",
        "biomes": [
          "Partial forest",
          "Beach and grass with water",
          "Deep forest"
        ],
        "primaryBiome": "Partial forest",
        "transportation": [
          "Caravan",
          "Train",
          "Ferry",
          "Steamship",
          "Submarine"
        ],
        "elevationM": 143.71,
        "weatherName": "Knife-Cloud Fronts",
        "climateBelt": "Sunbelt reef-wet belt",
        "anchorMode": "surface_anchor",
        "pinPlacement": "surface-land-pin",
        "feature_type": "settlement"
      },
      "geometry": {
        "type": "Point",
        "coordinates": [
          -147.1694478392601,
          29.839730858802795,
          143.71
        ]
      }
    },
    {
      "type": "Feature",
      "properties": {
        "id": "thalryss:Nythalûn",
        "name": "Nythalûn",
        "province": "Thalryss",
        "type": "Village",
        "population": 3587031,
        "danger": "Elevated",
        "biomes": [
          "Beach and grass with water",
          "Beach and reefs with water"
        ],
        "primaryBiome": "Beach and grass with water",
        "transportation": [
          "Caravan",
          "Train",
          "Steamship",
          "Submarine"
        ],
        "elevationM": 0.0,
        "weatherName": "Knife-Cloud Fronts",
        "climateBelt": "Sunbelt reef-wet belt",
        "anchorMode": "surface_anchor",
        "pinPlacement": "surface-land-pin",
        "feature_type": "settlement"
      },
      "geometry": {
        "type": "Point",
        "coordinates": [
          -121.89703345298767,
          5.5972230434417725,
          0
        ]
      }
    },
    {
      "type": "Feature",
      "properties": {
        "id": "thalryss:Ocevaruun",
        "name": "Ocevaruun",
        "province": "Thalryss",
        "type": "City",
        "population": 180507148,
        "danger": "Severe",
        "biomes": [
          "Ocean Surface floating settlement"
        ],
        "primaryBiome": "Ocean Surface floating settlement",
        "transportation": [
          "Steamship",
          "Submarine",
          "Skyship"
        ],
        "elevationM": 0.0,
        "weatherName": "Knife-Cloud Fronts",
        "climateBelt": "Sunbelt reef-wet belt",
        "anchorMode": "floating_surface_anchor",
        "pinPlacement": "ocean-surface-floating-pin",
        "feature_type": "settlement"
      },
      "geometry": {
        "type": "Point",
        "coordinates": [
          -169.82747353613377,
          33.88014614582062,
          0
        ]
      }
    },
    {
      "type": "Feature",
      "properties": {
        "id": "thalryss:Skulltide Expanse",
        "name": "Skulltide Expanse",
        "province": "Thalryss",
        "type": "Capital City",
        "population": 1866924505,
        "danger": "Severe",
        "biomes": [
          "Ocean Surface floating settlement"
        ],
        "primaryBiome": "Ocean Surface floating settlement",
        "transportation": [
          "Steamship",
          "Submarine",
          "Skyship",
          "Portal"
        ],
        "elevationM": 0.0,
        "weatherName": "Knife-Cloud Fronts",
        "climateBelt": "Sunbelt reef-wet belt",
        "anchorMode": "floating_surface_anchor",
        "pinPlacement": "ocean-surface-floating-pin",
        "feature_type": "settlement"
      },
      "geometry": {
        "type": "Point",
        "coordinates": [
          -152.5566726922989,
          41.01029455661774,
          0
        ]
      }
    },
    {
      "type": "Feature",
      "properties": {
        "id": "thalryss:Thal’kazuun",
        "name": "Thal’kazuun",
        "province": "Thalryss",
        "type": "Town",
        "population": 47815042,
        "danger": "Moderate",
        "biomes": [
          "Beach and grass with water",
          "Farming",
          "Beach and reefs with water"
        ],
        "primaryBiome": "Beach and grass with water",
        "transportation": [
          "Caravan",
          "Train",
          "Ferry",
          "Steamship",
          "Submarine"
        ],
        "elevationM": 231.58,
        "weatherName": "Knife-Cloud Fronts",
        "climateBelt": "Sunbelt reef-wet belt",
        "anchorMode": "surface_anchor",
        "pinPlacement": "surface-land-pin",
        "feature_type": "settlement"
      },
      "geometry": {
        "type": "Point",
        "coordinates": [
          -128.15571069717407,
          15.975553393363953,
          231.58
        ]
      }
    },
    {
      "type": "Feature",
      "properties": {
        "id": "thalryss:Vorthalass",
        "name": "Vorthalass",
        "province": "Thalryss",
        "type": "Town",
        "population": 78822210,
        "danger": "Elevated",
        "biomes": [
          "Partial forest",
          "Beach and grass with water",
          "Deep forest"
        ],
        "primaryBiome": "Partial forest",
        "transportation": [
          "Caravan",
          "Train",
          "Ferry",
          "Steamship",
          "Submarine"
        ],
        "elevationM": 217.54,
        "weatherName": "Knife-Cloud Fronts",
        "climateBelt": "Sunbelt reef-wet belt",
        "anchorMode": "surface_anchor",
        "pinPlacement": "surface-land-pin",
        "feature_type": "settlement"
      },
      "geometry": {
        "type": "Point",
        "coordinates": [
          -117.77739107608795,
          -20.54665446281433,
          217.54
        ]
      }
    },
    {
      "type": "Feature",
      "properties": {
        "id": "vaelmyrith:Eldaréss",
        "name": "Eldaréss",
        "province": "Vaelmyrith",
        "type": "Town",
        "population": 25363141,
        "danger": "Low",
        "biomes": [
          "Farming",
          "Grassland",
          "Beach and grass with water"
        ],
        "primaryBiome": "Farming",
        "transportation": [
          "Caravan",
          "Train",
          "Ferry",
          "Steamship",
          "Submarine"
        ],
        "elevationM": 116.0,
        "weatherName": "Starfall Violet Haze",
        "climateBelt": "Sunbelt reef-wet belt",
        "anchorMode": "surface_anchor",
        "pinPlacement": "surface-land-pin",
        "feature_type": "settlement"
      },
      "geometry": {
        "type": "Point",
        "coordinates": [
          46.23967775390625,
          62.30590294921875,
          116.0
        ]
      }
    },
    {
      "type": "Feature",
      "properties": {
        "id": "vaelmyrith:Eldavûn",
        "name": "Eldavûn",
        "province": "Vaelmyrith",
        "type": "Town",
        "population": 19619134,
        "danger": "Elevated",
        "biomes": [
          "Beach and grass with water",
          "Ocean Surface floating settlement",
          "Beach and reefs with water"
        ],
        "primaryBiome": "Beach and grass with water",
        "transportation": [
          "Caravan",
          "Train",
          "Steamship",
          "Submarine"
        ],
        "elevationM": 0.0,
        "weatherName": "Starfall Violet Haze",
        "climateBelt": "Sunbelt reef-wet belt",
        "anchorMode": "floating_surface_anchor",
        "pinPlacement": "ocean-surface-floating-pin",
        "feature_type": "settlement"
      },
      "geometry": {
        "type": "Point",
        "coordinates": [
          30.093741416931152,
          53.2045903801918,
          0
        ]
      }
    },
    {
      "type": "Feature",
      "properties": {
        "id": "vaelmyrith:Eldryssar",
        "name": "Eldryssar",
        "province": "Vaelmyrith",
        "type": "Capital City",
        "population": 505286214,
        "danger": "Elevated",
        "biomes": [
          "Prairie",
          "Beach and grass with water",
          "Farming"
        ],
        "primaryBiome": "Prairie",
        "transportation": [
          "Caravan",
          "Train",
          "Ferry",
          "Steamship",
          "Submarine",
          "Skyship",
          "Portal"
        ],
        "elevationM": 698.9,
        "weatherName": "Starfall Violet Haze",
        "climateBelt": "Sunbelt reef-wet belt",
        "anchorMode": "surface_anchor",
        "pinPlacement": "surface-land-pin",
        "feature_type": "settlement"
      },
      "geometry": {
        "type": "Point",
        "coordinates": [
          36.270277207031256,
          64.5009598828125,
          698.9
        ]
      }
    },
    {
      "type": "Feature",
      "properties": {
        "id": "vaelmyrith:Faelunéth",
        "name": "Faelunéth",
        "province": "Vaelmyrith",
        "type": "Town",
        "population": 11266281,
        "danger": "Elevated",
        "biomes": [
          "Beach and grass with water",
          "Beach and reefs with water",
          "Marshes and swamps"
        ],
        "primaryBiome": "Beach and grass with water",
        "transportation": [
          "Caravan",
          "Train",
          "Steamship",
          "Submarine"
        ],
        "elevationM": 28.07,
        "weatherName": "Starfall Violet Haze",
        "climateBelt": "Sunbelt reef-wet belt",
        "anchorMode": "surface_anchor",
        "pinPlacement": "surface-land-pin",
        "feature_type": "settlement"
      },
      "geometry": {
        "type": "Point",
        "coordinates": [
          18.843741416931152,
          80.90771913528442,
          28.07
        ]
      }
    },
    {
      "type": "Feature",
      "properties": {
        "id": "vaelmyrith:Lunethryl",
        "name": "Lunethryl",
        "province": "Vaelmyrith",
        "type": "City",
        "population": 109257494,
        "danger": "Severe",
        "biomes": [
          "Beach and reefs with water",
          "Ocean Surface floating settlement",
          "Beach and grass with water"
        ],
        "primaryBiome": "Beach and reefs with water",
        "transportation": [
          "Caravan",
          "Train",
          "Steamship",
          "Submarine",
          "Skyship"
        ],
        "elevationM": 0.0,
        "weatherName": "Starfall Violet Haze",
        "climateBelt": "Sunbelt reef-wet belt",
        "anchorMode": "floating_surface_anchor",
        "pinPlacement": "ocean-surface-floating-pin",
        "feature_type": "settlement"
      },
      "geometry": {
        "type": "Point",
        "coordinates": [
          23.765616416931152,
          59.81396645307541,
          0
        ]
      }
    },
    {
      "type": "Feature",
      "properties": {
        "id": "vaelmyrith:Morvélyn",
        "name": "Morvélyn",
        "province": "Vaelmyrith",
        "type": "Town",
        "population": 38460224,
        "danger": "Elevated",
        "biomes": [
          "Beach and reefs with water",
          "Ocean Surface floating settlement",
          "Beach and grass with water"
        ],
        "primaryBiome": "Beach and reefs with water",
        "transportation": [
          "Caravan",
          "Train",
          "Steamship",
          "Submarine"
        ],
        "elevationM": 0.0,
        "weatherName": "Starfall Violet Haze",
        "climateBelt": "Sunbelt reef-wet belt",
        "anchorMode": "floating_surface_anchor",
        "pinPlacement": "ocean-surface-floating-pin",
        "feature_type": "settlement"
      },
      "geometry": {
        "type": "Point",
        "coordinates": [
          48.093745708465576,
          40.97021162509918,
          0
        ]
      }
    },
    {
      "type": "Feature",
      "properties": {
        "id": "vaelmyrith:Myrvéla",
        "name": "Myrvéla",
        "province": "Vaelmyrith",
        "type": "Village",
        "population": 3400505,
        "danger": "Moderate",
        "biomes": [
          "Beach and grass with water",
          "Beach and reefs with water"
        ],
        "primaryBiome": "Beach and grass with water",
        "transportation": [
          "Caravan",
          "Train",
          "Steamship",
          "Submarine"
        ],
        "elevationM": 0.0,
        "weatherName": "Starfall Violet Haze",
        "climateBelt": "Sunbelt reef-wet belt",
        "anchorMode": "surface_anchor",
        "pinPlacement": "surface-land-pin",
        "feature_type": "settlement"
      },
      "geometry": {
        "type": "Point",
        "coordinates": [
          24.750008583068848,
          74.29834306240082,
          0
        ]
      }
    },
    {
      "type": "Feature",
      "properties": {
        "id": "vaelmyrith:Oravélyn",
        "name": "Oravélyn",
        "province": "Vaelmyrith",
        "type": "Village",
        "population": 957019,
        "danger": "Low",
        "biomes": [
          "Beach and grass with water",
          "Partial forest",
          "Deep forest"
        ],
        "primaryBiome": "Beach and grass with water",
        "transportation": [
          "Caravan",
          "Train",
          "Ferry",
          "Steamship",
          "Submarine"
        ],
        "elevationM": 115.53,
        "weatherName": "Starfall Violet Haze",
        "climateBelt": "Sunbelt reef-wet belt",
        "anchorMode": "surface_anchor",
        "pinPlacement": "surface-land-pin",
        "feature_type": "settlement"
      },
      "geometry": {
        "type": "Point",
        "coordinates": [
          35.859375,
          81.32959306240082,
          115.53
        ]
      }
    },
    {
      "type": "Feature",
      "properties": {
        "id": "vaelmyrith:Sylthéra-Vael",
        "name": "Sylthéra-Vael",
        "province": "Vaelmyrith",
        "type": "Village",
        "population": 3097174,
        "danger": "Low",
        "biomes": [
          "Deep cavern",
          "Mountain range",
          "Beach and grass with water"
        ],
        "primaryBiome": "Deep cavern",
        "transportation": [
          "Caravan",
          "Train",
          "Ferry",
          "Steamship",
          "Submarine"
        ],
        "elevationM": 4600.0,
        "weatherName": "Starfall Violet Haze",
        "climateBelt": "Sunbelt reef-wet belt",
        "anchorMode": "surface_and_ledge_anchor",
        "pinPlacement": "mountain-side-hybrid-pin",
        "feature_type": "settlement"
      },
      "geometry": {
        "type": "Point",
        "coordinates": [
          49.640629291534424,
          56.860840916633606,
          4600.0
        ]
      }
    },
    {
      "type": "Feature",
      "properties": {
        "id": "vaelmyrith:Velkynwood",
        "name": "Velkynwood",
        "province": "Vaelmyrith",
        "type": "City",
        "population": 67879538,
        "danger": "Elevated",
        "biomes": [
          "Deep cavern",
          "Mountain range",
          "Deep forest"
        ],
        "primaryBiome": "Deep cavern",
        "transportation": [
          "Caravan",
          "Train",
          "Skyship"
        ],
        "elevationM": -4800.0,
        "weatherName": "Starfall Violet Haze",
        "climateBelt": "Sunbelt reef-wet belt",
        "anchorMode": "inside_mountain_anchor",
        "pinPlacement": "deep-mountain-pin",
        "feature_type": "settlement"
      },
      "geometry": {
        "type": "Point",
        "coordinates": [
          43.59375,
          76.68896913528442,
          -4800.0
        ]
      }
    },
    {
      "type": "Feature",
      "properties": {
        "id": "vaelmyrith:Whispergrove",
        "name": "Whispergrove",
        "province": "Vaelmyrith",
        "type": "City",
        "population": 124257477,
        "danger": "Elevated",
        "biomes": [
          "Partial forest",
          "Deep forest",
          "Beach and grass with water"
        ],
        "primaryBiome": "Partial forest",
        "transportation": [
          "Caravan",
          "Train",
          "Ferry",
          "Steamship",
          "Submarine",
          "Skyship"
        ],
        "elevationM": 963.86,
        "weatherName": "Starfall Violet Haze",
        "climateBelt": "Sunbelt reef-wet belt",
        "anchorMode": "surface_anchor",
        "pinPlacement": "surface-land-pin",
        "feature_type": "settlement"
      },
      "geometry": {
        "type": "Point",
        "coordinates": [
          56.81249141693115,
          50.25146484375,
          963.86
        ]
      }
    },
    {
      "type": "Feature",
      "properties": {
        "id": "valerune:Avarélyn",
        "name": "Avarélyn",
        "province": "Valerune",
        "type": "Capital City",
        "population": 331187538,
        "danger": "Severe",
        "biomes": [
          "Beach and reefs with water"
        ],
        "primaryBiome": "Beach and reefs with water",
        "transportation": [
          "Caravan",
          "Train",
          "Steamship",
          "Submarine",
          "Skyship",
          "Portal"
        ],
        "elevationM": 0.0,
        "weatherName": "Reed-Steam Murk",
        "climateBelt": "Sunbelt reef-wet belt",
        "anchorMode": "surface_anchor",
        "pinPlacement": "surface-land-pin",
        "feature_type": "settlement"
      },
      "geometry": {
        "type": "Point",
        "coordinates": [
          69.89062070846558,
          -41.29541873931885,
          0
        ]
      }
    },
    {
      "type": "Feature",
      "properties": {
        "id": "valerune:Brassmere Concord",
        "name": "Brassmere Concord",
        "province": "Valerune",
        "type": "City",
        "population": 187841749,
        "danger": "Moderate",
        "biomes": [
          "Partial forest",
          "Farming",
          "Beach and grass with water"
        ],
        "primaryBiome": "Partial forest",
        "transportation": [
          "Caravan",
          "Train",
          "Ferry",
          "Steamship",
          "Submarine",
          "Skyship"
        ],
        "elevationM": 36.0,
        "weatherName": "Reed-Steam Murk",
        "climateBelt": "Sunbelt reef-wet belt",
        "anchorMode": "surface_anchor",
        "pinPlacement": "surface-land-pin",
        "feature_type": "settlement"
      },
      "geometry": {
        "type": "Point",
        "coordinates": [
          63.562495708465576,
          -33.139164447784424,
          36.0
        ]
      }
    },
    {
      "type": "Feature",
      "properties": {
        "id": "valerune:Nythavéa",
        "name": "Nythavéa",
        "province": "Valerune",
        "type": "Town",
        "population": 57724141,
        "danger": "Elevated",
        "biomes": [
          "Beach and grass with water",
          "Partial forest",
          "Beach and reefs with water"
        ],
        "primaryBiome": "Beach and grass with water",
        "transportation": [
          "Caravan",
          "Train",
          "Ferry",
          "Steamship",
          "Submarine"
        ],
        "elevationM": 22.02,
        "weatherName": "Reed-Steam Murk",
        "climateBelt": "Sunbelt reef-wet belt",
        "anchorMode": "surface_anchor",
        "pinPlacement": "surface-land-pin",
        "feature_type": "settlement"
      },
      "geometry": {
        "type": "Point",
        "coordinates": [
          58.640620708465576,
          -41.71728730201721,
          22.02
        ]
      }
    },
    {
      "type": "Feature",
      "properties": {
        "id": "valerune:Scalori",
        "name": "Scalori",
        "province": "Valerune",
        "type": "City",
        "population": 114890521,
        "danger": "Moderate",
        "biomes": [
          "Partial forest",
          "Farming",
          "Treetops - treehouses"
        ],
        "primaryBiome": "Partial forest",
        "transportation": [
          "Caravan",
          "Train",
          "Ferry",
          "Skyship"
        ],
        "elevationM": 403.01,
        "weatherName": "Reed-Steam Murk",
        "climateBelt": "Sunbelt reef-wet belt",
        "anchorMode": "surface_anchor",
        "pinPlacement": "surface-land-pin",
        "feature_type": "settlement"
      },
      "geometry": {
        "type": "Point",
        "coordinates": [
          82.12499141693115,
          -32.57666230201721,
          403.01
        ]
      }
    },
    {
      "type": "Feature",
      "properties": {
        "id": "valerune:Sunvale Reach",
        "name": "Sunvale Reach",
        "province": "Valerune",
        "type": "Town",
        "population": 15919833,
        "danger": "Low",
        "biomes": [
          "Partial forest",
          "Deep forest",
          "Farming"
        ],
        "primaryBiome": "Partial forest",
        "transportation": [
          "Caravan",
          "Train"
        ],
        "elevationM": 122.16,
        "weatherName": "Reed-Steam Murk",
        "climateBelt": "Sunbelt reef-wet belt",
        "anchorMode": "surface_anchor",
        "pinPlacement": "surface-land-pin",
        "feature_type": "settlement"
      },
      "geometry": {
        "type": "Point",
        "coordinates": [
          59.343745708465576,
          -28.217289447784424,
          122.16
        ]
      }
    },
    {
      "type": "Feature",
      "properties": {
        "id": "valerune:Thaloju",
        "name": "Thaloju",
        "province": "Valerune",
        "type": "Village",
        "population": 1656820,
        "danger": "Low",
        "biomes": [
          "Partial forest",
          "Farming",
          "Deep forest"
        ],
        "primaryBiome": "Partial forest",
        "transportation": [
          "Caravan",
          "Train"
        ],
        "elevationM": 137.33,
        "weatherName": "Reed-Steam Murk",
        "climateBelt": "Sunbelt reef-wet belt",
        "anchorMode": "surface_anchor",
        "pinPlacement": "surface-land-pin",
        "feature_type": "settlement"
      },
      "geometry": {
        "type": "Point",
        "coordinates": [
          81.42186641693115,
          -21.748530864715576,
          137.33
        ]
      }
    },
    {
      "type": "Feature",
      "properties": {
        "id": "valerune:Valdrune Fields",
        "name": "Valdrune Fields",
        "province": "Valerune",
        "type": "Town",
        "population": 20053467,
        "danger": "Elevated",
        "biomes": [
          "Partial forest",
          "Deep forest",
          "Marshes and swamps"
        ],
        "primaryBiome": "Partial forest",
        "transportation": [
          "Caravan",
          "Train"
        ],
        "elevationM": 122.16,
        "weatherName": "Reed-Steam Murk",
        "climateBelt": "Sunbelt reef-wet belt",
        "anchorMode": "surface_anchor",
        "pinPlacement": "surface-land-pin",
        "feature_type": "settlement"
      },
      "geometry": {
        "type": "Point",
        "coordinates": [
          71.57811641693115,
          -26.38916015625,
          122.16
        ]
      }
    },
    {
      "type": "Feature",
      "properties": {
        "id": "valerune:Whispering Éstuary",
        "name": "Whispering Éstuary",
        "province": "Valerune",
        "type": "Village",
        "population": 5499191,
        "danger": "Moderate",
        "biomes": [
          "Beach and reefs with water",
          "Beach and grass with water"
        ],
        "primaryBiome": "Beach and reefs with water",
        "transportation": [
          "Caravan",
          "Train",
          "Steamship",
          "Submarine"
        ],
        "elevationM": 0.0,
        "weatherName": "Reed-Steam Murk",
        "climateBelt": "Sunbelt reef-wet belt",
        "anchorMode": "surface_anchor",
        "pinPlacement": "surface-land-pin",
        "feature_type": "settlement"
      },
      "geometry": {
        "type": "Point",
        "coordinates": [
          59.20313358306885,
          -49.311039447784424,
          0
        ]
      }
    },
    {
      "type": "Feature",
      "properties": {
        "id": "virelport:Bronzewake",
        "name": "Bronzewake",
        "province": "Virelport",
        "type": "Capital City",
        "population": 271528891,
        "danger": "Severe",
        "biomes": [
          "Beach and grass with water",
          "Mountain range",
          "Beach and reefs with water"
        ],
        "primaryBiome": "Beach and grass with water",
        "transportation": [
          "Caravan",
          "Train",
          "Steamship",
          "Submarine",
          "Skyship",
          "Portal"
        ],
        "elevationM": 357.89,
        "weatherName": "Port-Mast Squalls",
        "climateBelt": "Sunbelt reef-wet belt",
        "anchorMode": "surface_anchor",
        "pinPlacement": "surface-land-pin",
        "feature_type": "settlement"
      },
      "geometry": {
        "type": "Point",
        "coordinates": [
          83.81250858306885,
          76.68896913528442,
          357.89
        ]
      }
    },
    {
      "type": "Feature",
      "properties": {
        "id": "virelport:Stormgullet",
        "name": "Stormgullet",
        "province": "Virelport",
        "type": "City",
        "population": 103194926,
        "danger": "High",
        "biomes": [
          "Partial forest",
          "Beach and grass with water",
          "Deep forest"
        ],
        "primaryBiome": "Partial forest",
        "transportation": [
          "Caravan",
          "Train",
          "Steamship",
          "Submarine",
          "Skyship"
        ],
        "elevationM": 60.32,
        "weatherName": "Port-Mast Squalls",
        "climateBelt": "Sunbelt reef-wet belt",
        "anchorMode": "surface_anchor",
        "pinPlacement": "surface-land-pin",
        "feature_type": "settlement"
      },
      "geometry": {
        "type": "Point",
        "coordinates": [
          97.87498712539673,
          71.06396913528442,
          60.32
        ]
      }
    },
    {
      "type": "Feature",
      "properties": {
        "id": "virelport:Straithaven",
        "name": "Straithaven",
        "province": "Virelport",
        "type": "City",
        "population": 106637704,
        "danger": "High",
        "biomes": [
          "Deep cavern",
          "Farming",
          "Beach and grass with water"
        ],
        "primaryBiome": "Deep cavern",
        "transportation": [
          "Caravan",
          "Train",
          "Ferry",
          "Steamship",
          "Submarine",
          "Skyship"
        ],
        "elevationM": -18.0,
        "weatherName": "Port-Mast Squalls",
        "climateBelt": "Sunbelt reef-wet belt",
        "anchorMode": "subsurface_cavern_anchor",
        "pinPlacement": "deep-mountain-cavern-pin",
        "feature_type": "settlement"
      },
      "geometry": {
        "type": "Point",
        "coordinates": [
          83.81250858306885,
          61.220213770866394,
          -18.0
        ]
      }
    },
    {
      "type": "Feature",
      "properties": {
        "id": "virelport:Vaeluréss",
        "name": "Vaeluréss",
        "province": "Virelport",
        "type": "Village",
        "population": 1384226,
        "danger": "Low",
        "biomes": [
          "Partial forest",
          "Beach and grass with water",
          "Deep forest"
        ],
        "primaryBiome": "Partial forest",
        "transportation": [
          "Caravan",
          "Train",
          "Ferry",
          "Steamship",
          "Submarine"
        ],
        "elevationM": 175.75,
        "weatherName": "Port-Mast Squalls",
        "climateBelt": "Sunbelt reef-wet belt",
        "anchorMode": "surface_anchor",
        "pinPlacement": "surface-land-pin",
        "feature_type": "settlement"
      },
      "geometry": {
        "type": "Point",
        "coordinates": [
          74.10937070846558,
          64.0327137708664,
          175.75
        ]
      }
    },
    {
      "type": "Feature",
      "properties": {
        "id": "virelport:Veilstrand",
        "name": "Veilstrand",
        "province": "Virelport",
        "type": "City",
        "population": 39265902,
        "danger": "Severe",
        "biomes": [
          "Beach and grass with water",
          "Beach and reefs with water",
          "Partial forest"
        ],
        "primaryBiome": "Beach and grass with water",
        "transportation": [
          "Caravan",
          "Train",
          "Steamship",
          "Submarine",
          "Skyship"
        ],
        "elevationM": 99.55,
        "weatherName": "Port-Mast Squalls",
        "climateBelt": "Sunbelt reef-wet belt",
        "anchorMode": "surface_anchor",
        "pinPlacement": "surface-land-pin",
        "feature_type": "settlement"
      },
      "geometry": {
        "type": "Point",
        "coordinates": [
          64.54686641693115,
          72.04833984375,
          99.55
        ]
      }
    },
    {
      "type": "Feature",
      "properties": {
        "id": "virelport:Vireléssar",
        "name": "Vireléssar",
        "province": "Virelport",
        "type": "Town",
        "population": 14610488,
        "danger": "High",
        "biomes": [
          "Beach and reefs with water",
          "Beach and grass with water"
        ],
        "primaryBiome": "Beach and reefs with water",
        "transportation": [
          "Caravan",
          "Train",
          "Steamship",
          "Submarine"
        ],
        "elevationM": 0.0,
        "weatherName": "Port-Mast Squalls",
        "climateBelt": "Sunbelt reef-wet belt",
        "anchorMode": "surface_anchor",
        "pinPlacement": "surface-land-pin",
        "feature_type": "settlement"
      },
      "geometry": {
        "type": "Point",
        "coordinates": [
          67.07812070846558,
          79.22021806240082,
          0
        ]
      }
    },
    {
      "type": "Feature",
      "properties": {
        "id": "virelport:Virelyss",
        "name": "Virelyss",
        "province": "Virelport",
        "type": "Town",
        "population": 23016628,
        "danger": "High",
        "biomes": [
          "Beach and grass with water",
          "Ocean Surface floating settlement"
        ],
        "primaryBiome": "Beach and grass with water",
        "transportation": [
          "Caravan",
          "Train",
          "Steamship",
          "Submarine"
        ],
        "elevationM": 0.0,
        "weatherName": "Port-Mast Squalls",
        "climateBelt": "Sunbelt reef-wet belt",
        "anchorMode": "floating_surface_anchor",
        "pinPlacement": "ocean-surface-floating-pin",
        "feature_type": "settlement"
      },
      "geometry": {
        "type": "Point",
        "coordinates": [
          84.79687929153442,
          84.2827159166336,
          0
        ]
      }
    },
    {
      "type": "Feature",
      "properties": {
        "id": "virelport:Virethéa",
        "name": "Virethéa",
        "province": "Virelport",
        "type": "Town",
        "population": 12422114,
        "danger": "Severe",
        "biomes": [
          "Underwater without reefs"
        ],
        "primaryBiome": "Underwater without reefs",
        "transportation": [
          "Submarine"
        ],
        "elevationM": -4472.0,
        "weatherName": "Port-Mast Squalls",
        "climateBelt": "Sunbelt reef-wet belt",
        "anchorMode": "underwater_anchor",
        "pinPlacement": "underwater-pin",
        "feature_type": "settlement"
      },
      "geometry": {
        "type": "Point",
        "coordinates": [
          97.59374141693115,
          85.1264637708664,
          -4472.0
        ]
      }
    },
    {
      "type": "Feature",
      "properties": {
        "id": "virelport:Virethûn",
        "name": "Virethûn",
        "province": "Virelport",
        "type": "Village",
        "population": 669837,
        "danger": "Moderate",
        "biomes": [
          "Beach and grass with water",
          "Ocean Surface floating settlement",
          "Beach and reefs with water"
        ],
        "primaryBiome": "Beach and grass with water",
        "transportation": [
          "Caravan",
          "Train",
          "Steamship",
          "Submarine"
        ],
        "elevationM": 0.0,
        "weatherName": "Port-Mast Squalls",
        "climateBelt": "Sunbelt reef-wet belt",
        "anchorMode": "floating_surface_anchor",
        "pinPlacement": "ocean-surface-floating-pin",
        "feature_type": "settlement"
      },
      "geometry": {
        "type": "Point",
        "coordinates": [
          109.26562070846558,
          77.81396806240082,
          0
        ]
      }
    },
    {
      "type": "Feature",
      "properties": {
        "id": "vuelmora:Glysera",
        "name": "Glysera",
        "province": "Vuelmora",
        "type": "Town",
        "population": 9584718,
        "danger": "Low",
        "biomes": [
          "Farming",
          "Partial forest",
          "Grassland"
        ],
        "primaryBiome": "Farming",
        "transportation": [
          "Caravan",
          "Train"
        ],
        "elevationM": 414.04,
        "weatherName": "Bluehook Tide Fog",
        "climateBelt": "Sunbelt reef-wet belt",
        "anchorMode": "surface_anchor",
        "pinPlacement": "surface-land-pin",
        "feature_type": "settlement"
      },
      "geometry": {
        "type": "Point",
        "coordinates": [
          106.03124141693115,
          -26.38916015625,
          414.04
        ]
      }
    },
    {
      "type": "Feature",
      "properties": {
        "id": "vuelmora:Hyselva",
        "name": "Hyselva",
        "province": "Vuelmora",
        "type": "Capital City",
        "population": 1074994603,
        "danger": "Elevated",
        "biomes": [
          "Farming",
          "Beach and grass with water",
          "Grassland"
        ],
        "primaryBiome": "Farming",
        "transportation": [
          "Caravan",
          "Train",
          "Ferry",
          "Steamship",
          "Submarine",
          "Skyship",
          "Portal"
        ],
        "elevationM": 45.33,
        "weatherName": "Bluehook Tide Fog",
        "climateBelt": "Sunbelt reef-wet belt",
        "anchorMode": "surface_anchor",
        "pinPlacement": "surface-land-pin",
        "feature_type": "settlement"
      },
      "geometry": {
        "type": "Point",
        "coordinates": [
          110.390625,
          -0.37353515625,
          45.33
        ]
      }
    },
    {
      "type": "Feature",
      "properties": {
        "id": "vuelmora:Ithmora",
        "name": "Ithmora",
        "province": "Vuelmora",
        "type": "Town",
        "population": 20679541,
        "danger": "Low",
        "biomes": [
          "Farming",
          "Partial forest",
          "Grassland"
        ],
        "primaryBiome": "Farming",
        "transportation": [
          "Caravan",
          "Train"
        ],
        "elevationM": 25.33,
        "weatherName": "Bluehook Tide Fog",
        "climateBelt": "Sunbelt reef-wet belt",
        "anchorMode": "surface_anchor",
        "pinPlacement": "surface-land-pin",
        "feature_type": "settlement"
      },
      "geometry": {
        "type": "Point",
        "coordinates": [
          93.79687070846558,
          -18.232916593551636,
          25.33
        ]
      }
    },
    {
      "type": "Feature",
      "properties": {
        "id": "vuelmora:Mornelya",
        "name": "Mornelya",
        "province": "Vuelmora",
        "type": "City",
        "population": 159648819,
        "danger": "Moderate",
        "biomes": [
          "Farming",
          "Partial forest",
          "Grassland"
        ],
        "primaryBiome": "Farming",
        "transportation": [
          "Caravan",
          "Train",
          "Skyship"
        ],
        "elevationM": 141.33,
        "weatherName": "Bluehook Tide Fog",
        "climateBelt": "Sunbelt reef-wet belt",
        "anchorMode": "surface_anchor",
        "pinPlacement": "surface-land-pin",
        "feature_type": "settlement"
      },
      "geometry": {
        "type": "Point",
        "coordinates": [
          116.29687070846558,
          -23.57666015625,
          141.33
        ]
      }
    },
    {
      "type": "Feature",
      "properties": {
        "id": "vuelmora:Oelnoreu",
        "name": "Oelnoreu",
        "province": "Vuelmora",
        "type": "City",
        "population": 161908112,
        "danger": "Moderate",
        "biomes": [
          "Partial forest",
          "Farming",
          "Deep forest"
        ],
        "primaryBiome": "Partial forest",
        "transportation": [
          "Caravan",
          "Train",
          "Ferry",
          "Skyship"
        ],
        "elevationM": 275.29,
        "weatherName": "Bluehook Tide Fog",
        "climateBelt": "Sunbelt reef-wet belt",
        "anchorMode": "surface_anchor",
        "pinPlacement": "surface-land-pin",
        "feature_type": "settlement"
      },
      "geometry": {
        "type": "Point",
        "coordinates": [
          100.40624141693115,
          -11.764168739318848,
          275.29
        ]
      }
    },
    {
      "type": "Feature",
      "properties": {
        "id": "vuelmora:Thaloréa Reach",
        "name": "Thaloréa Reach",
        "province": "Vuelmora",
        "type": "Village",
        "population": 2257453,
        "danger": "Low",
        "biomes": [
          "Farming",
          "Grassland",
          "Hybrid tree and forest floor"
        ],
        "primaryBiome": "Farming",
        "transportation": [
          "Caravan",
          "Train"
        ],
        "elevationM": 762.35,
        "weatherName": "Bluehook Tide Fog",
        "climateBelt": "Sunbelt reef-wet belt",
        "anchorMode": "surface_anchor",
        "pinPlacement": "surface-land-pin",
        "feature_type": "settlement"
      },
      "geometry": {
        "type": "Point",
        "coordinates": [
          110.81250429153442,
          -10.076662302017212,
          762.35
        ]
      }
    },
    {
      "type": "Feature",
      "properties": {
        "id": "vuelmora:Thyravéa-Morn",
        "name": "Thyravéa-Morn",
        "province": "Vuelmora",
        "type": "Town",
        "population": 15677022,
        "danger": "Low",
        "biomes": [
          "Farming",
          "Partial forest",
          "Grassland"
        ],
        "primaryBiome": "Farming",
        "transportation": [
          "Caravan",
          "Train"
        ],
        "elevationM": 118.67,
        "weatherName": "Bluehook Tide Fog",
        "climateBelt": "Sunbelt reef-wet belt",
        "anchorMode": "surface_anchor",
        "pinPlacement": "surface-land-pin",
        "feature_type": "settlement"
      },
      "geometry": {
        "type": "Point",
        "coordinates": [
          118.54687929153442,
          -9.373537302017212,
          118.67
        ]
      }
    },
    {
      "type": "Feature",
      "properties": {
        "id": "vuelmora:Xel'ryndor",
        "name": "Xel'ryndor",
        "province": "Vuelmora",
        "type": "Village",
        "population": 2248582,
        "danger": "Low",
        "biomes": [
          "Farming",
          "Partial forest",
          "Grassland"
        ],
        "primaryBiome": "Farming",
        "transportation": [
          "Caravan",
          "Train"
        ],
        "elevationM": 576.8,
        "weatherName": "Bluehook Tide Fog",
        "climateBelt": "Sunbelt reef-wet belt",
        "anchorMode": "surface_anchor",
        "pinPlacement": "surface-land-pin",
        "feature_type": "settlement"
      },
      "geometry": {
        "type": "Point",
        "coordinates": [
          113.90625,
          -33.842289447784424,
          576.8
        ]
      }
    },
    {
      "type": "Feature",
      "properties": {
        "id": "zaltharuun:Amazuul",
        "name": "Amazuul",
        "province": "Zal’tharuun",
        "type": "Town",
        "population": 53860142,
        "danger": "High",
        "biomes": [
          "Ocean Surface floating settlement"
        ],
        "primaryBiome": "Ocean Surface floating settlement",
        "transportation": [
          "Steamship",
          "Submarine"
        ],
        "elevationM": 0.0,
        "weatherName": "Blackwater Storm-Stack",
        "climateBelt": "Sunbelt reef-wet belt",
        "anchorMode": "floating_surface_anchor",
        "pinPlacement": "ocean-surface-floating-pin",
        "feature_type": "settlement"
      },
      "geometry": {
        "type": "Point",
        "coordinates": [
          -89.17470369140625,
          -66.68925714843752,
          0
        ]
      }
    },
    {
      "type": "Feature",
      "properties": {
        "id": "zaltharuun:Ithkazuun",
        "name": "Ithkazuun",
        "province": "Zal’tharuun",
        "type": "City",
        "population": 213193063,
        "danger": "High",
        "biomes": [
          "Beach and grass with water",
          "Beach and reefs with water",
          "Farming"
        ],
        "primaryBiome": "Beach and grass with water",
        "transportation": [
          "Caravan",
          "Train",
          "Steamship",
          "Submarine",
          "Skyship"
        ],
        "elevationM": 0.0,
        "weatherName": "Blackwater Storm-Stack",
        "climateBelt": "Sunbelt reef-wet belt",
        "anchorMode": "surface_anchor",
        "pinPlacement": "surface-land-pin",
        "feature_type": "settlement"
      },
      "geometry": {
        "type": "Point",
        "coordinates": [
          -66.37499570846558,
          -67.73291230201721,
          0
        ]
      }
    },
    {
      "type": "Feature",
      "properties": {
        "id": "zaltharuun:Keth’mora",
        "name": "Keth’mora",
        "province": "Zal’tharuun",
        "type": "Town",
        "population": 54945561,
        "danger": "Moderate",
        "biomes": [
          "Hybrid tree and forest floor",
          "Farming",
          "Beach and grass with water"
        ],
        "primaryBiome": "Hybrid tree and forest floor",
        "transportation": [
          "Caravan",
          "Train",
          "Ferry",
          "Steamship",
          "Submarine"
        ],
        "elevationM": 417.68,
        "weatherName": "Blackwater Storm-Stack",
        "climateBelt": "Sunbelt reef-wet belt",
        "anchorMode": "surface_anchor",
        "pinPlacement": "surface-land-pin",
        "feature_type": "settlement"
      },
      "geometry": {
        "type": "Point",
        "coordinates": [
          -100.68749785423279,
          -45.23291230201721,
          417.68
        ]
      }
    },
    {
      "type": "Feature",
      "properties": {
        "id": "zaltharuun:Keth'varûn",
        "name": "Keth'varûn",
        "province": "Zal’tharuun",
        "type": "Town",
        "population": 23555990,
        "danger": "High",
        "biomes": [
          "Ocean Surface floating settlement"
        ],
        "primaryBiome": "Ocean Surface floating settlement",
        "transportation": [
          "Steamship",
          "Submarine"
        ],
        "elevationM": 0.0,
        "weatherName": "Blackwater Storm-Stack",
        "climateBelt": "Sunbelt reef-wet belt",
        "anchorMode": "floating_surface_anchor",
        "pinPlacement": "ocean-surface-floating-pin",
        "feature_type": "settlement"
      },
      "geometry": {
        "type": "Point",
        "coordinates": [
          -78.60937714576721,
          -72.65478730201721,
          0
        ]
      }
    },
    {
      "type": "Feature",
      "properties": {
        "id": "zaltharuun:Sszaruun",
        "name": "Sszaruun",
        "province": "Zal’tharuun",
        "type": "Capital City",
        "population": 1932960517,
        "danger": "Severe",
        "biomes": [
          "Ocean Surface floating settlement",
          "Underwater without reefs"
        ],
        "primaryBiome": "Ocean Surface floating settlement",
        "transportation": [
          "Steamship",
          "Submarine",
          "Skyship",
          "Portal"
        ],
        "elevationM": -6742.0,
        "weatherName": "Blackwater Storm-Stack",
        "climateBelt": "Sunbelt reef-wet belt",
        "anchorMode": "underwater_anchor",
        "pinPlacement": "underwater-pin",
        "feature_type": "settlement"
      },
      "geometry": {
        "type": "Point",
        "coordinates": [
          -108.984375,
          -70.26416659355164,
          -6742.0
        ]
      }
    },
    {
      "type": "Feature",
      "properties": {
        "id": "zaltharuun:Thal’zuroth",
        "name": "Thal’zuroth",
        "province": "Zal’tharuun",
        "type": "City",
        "population": 387710038,
        "danger": "Severe",
        "biomes": [
          "Underwater without reefs"
        ],
        "primaryBiome": "Underwater without reefs",
        "transportation": [
          "Submarine",
          "Skyship"
        ],
        "elevationM": -4190.0,
        "weatherName": "Blackwater Storm-Stack",
        "climateBelt": "Sunbelt reef-wet belt",
        "anchorMode": "underwater_anchor",
        "pinPlacement": "underwater-pin",
        "feature_type": "settlement"
      },
      "geometry": {
        "type": "Point",
        "coordinates": [
          -136.40625,
          -63.09229373931885,
          -4190.0
        ]
      }
    },
    {
      "type": "Feature",
      "properties": {
        "id": "zaltharuun:Vaelzahara",
        "name": "Vaelzahara",
        "province": "Zal’tharuun",
        "type": "Town",
        "population": 22492621,
        "danger": "High",
        "biomes": [
          "Ocean Surface floating settlement"
        ],
        "primaryBiome": "Ocean Surface floating settlement",
        "transportation": [
          "Steamship",
          "Submarine"
        ],
        "elevationM": 0.0,
        "weatherName": "Blackwater Storm-Stack",
        "climateBelt": "Sunbelt reef-wet belt",
        "anchorMode": "floating_surface_anchor",
        "pinPlacement": "ocean-surface-floating-pin",
        "feature_type": "settlement"
      },
      "geometry": {
        "type": "Point",
        "coordinates": [
          -122.97317554687501,
          -54.35185183593751,
          0
        ]
      }
    },
    {
      "type": "Feature",
      "properties": {
        "id": "zaltharuun:Vael'zyr",
        "name": "Vael'zyr",
        "province": "Zal’tharuun",
        "type": "Village",
        "population": 8442835,
        "danger": "Elevated",
        "biomes": [
          "Ocean Surface floating settlement"
        ],
        "primaryBiome": "Ocean Surface floating settlement",
        "transportation": [
          "Steamship",
          "Submarine"
        ],
        "elevationM": 0.0,
        "weatherName": "Blackwater Storm-Stack",
        "climateBelt": "Sunbelt reef-wet belt",
        "anchorMode": "floating_surface_anchor",
        "pinPlacement": "ocean-surface-floating-pin",
        "feature_type": "settlement"
      },
      "geometry": {
        "type": "Point",
        "coordinates": [
          -136.26562178134918,
          -52.686030864715576,
          0
        ]
      }
    },
    {
      "type": "Feature",
      "properties": {
        "id": "zaltharuun:Vaerûn-Keth",
        "name": "Vaerûn-Keth",
        "province": "Zal’tharuun",
        "type": "Village",
        "population": 6803877,
        "danger": "Moderate",
        "biomes": [
          "Beach and grass with water",
          "Beach and reefs with water",
          "Farming"
        ],
        "primaryBiome": "Beach and grass with water",
        "transportation": [
          "Caravan",
          "Train",
          "Steamship",
          "Submarine"
        ],
        "elevationM": 0.0,
        "weatherName": "Blackwater Storm-Stack",
        "climateBelt": "Sunbelt reef-wet belt",
        "anchorMode": "surface_anchor",
        "pinPlacement": "surface-land-pin",
        "feature_type": "settlement"
      },
      "geometry": {
        "type": "Point",
        "coordinates": [
          -120.862698046875,
          -44.46928458984374,
          0
        ]
      }
    },
    {
      "type": "Feature",
      "properties": {
        "id": "zaltharuun:Varesh-Ka",
        "name": "Varesh-Ka",
        "province": "Zal’tharuun",
        "type": "City",
        "population": 207658753,
        "danger": "Elevated",
        "biomes": [
          "Partial forest",
          "Beach and grass with water",
          "Farming"
        ],
        "primaryBiome": "Partial forest",
        "transportation": [
          "Caravan",
          "Train",
          "Ferry",
          "Steamship",
          "Submarine",
          "Skyship"
        ],
        "elevationM": 462.05,
        "weatherName": "Blackwater Storm-Stack",
        "climateBelt": "Sunbelt reef-wet belt",
        "anchorMode": "surface_anchor",
        "pinPlacement": "surface-land-pin",
        "feature_type": "settlement"
      },
      "geometry": {
        "type": "Point",
        "coordinates": [
          -105.46875,
          -35.951664447784424,
          462.05
        ]
      }
    },
    {
      "type": "Feature",
      "properties": {
        "id": "zaltharuun:Xal’voroq",
        "name": "Xal’voroq",
        "province": "Zal’tharuun",
        "type": "City",
        "population": 561516613,
        "danger": "Severe",
        "biomes": [
          "Ocean Surface floating settlement",
          "Underwater without reefs"
        ],
        "primaryBiome": "Ocean Surface floating settlement",
        "transportation": [
          "Steamship",
          "Submarine",
          "Skyship"
        ],
        "elevationM": -2732.0,
        "weatherName": "Blackwater Storm-Stack",
        "climateBelt": "Sunbelt reef-wet belt",
        "anchorMode": "underwater_anchor",
        "pinPlacement": "underwater-pin",
        "feature_type": "settlement"
      },
      "geometry": {
        "type": "Point",
        "coordinates": [
          -146.1093744635582,
          -47.201664447784424,
          -2732.0
        ]
      }
    },
    {
      "type": "Feature",
      "properties": {
        "id": "zaltharuun:Zelvarûn",
        "name": "Zelvarûn",
        "province": "Zal’tharuun",
        "type": "Village",
        "population": 957416,
        "danger": "Low",
        "biomes": [
          "Beach and grass with water",
          "Farming",
          "Partial forest"
        ],
        "primaryBiome": "Beach and grass with water",
        "transportation": [
          "Caravan",
          "Train",
          "Ferry",
          "Steamship",
          "Submarine"
        ],
        "elevationM": 49.16,
        "weatherName": "Blackwater Storm-Stack",
        "climateBelt": "Sunbelt reef-wet belt",
        "anchorMode": "surface_anchor",
        "pinPlacement": "surface-land-pin",
        "feature_type": "settlement"
      },
      "geometry": {
        "type": "Point",
        "coordinates": [
          -73.54686856269836,
          -38.34228515625,
          49.16
        ]
      }
    },
    {
      "type": "Feature",
      "properties": {
        "id": "zaltharuun:Zhurak’thel",
        "name": "Zhurak’thel",
        "province": "Zal’tharuun",
        "type": "Town",
        "population": 73516389,
        "danger": "High",
        "biomes": [
          "Marshes and swamps",
          "Beach and grass with water",
          "Farming"
        ],
        "primaryBiome": "Marshes and swamps",
        "transportation": [
          "Caravan",
          "Train",
          "Ferry",
          "Steamship",
          "Submarine"
        ],
        "elevationM": 45.0,
        "weatherName": "Blackwater Storm-Stack",
        "climateBelt": "Sunbelt reef-wet belt",
        "anchorMode": "surface_anchor",
        "pinPlacement": "surface-land-pin",
        "feature_type": "settlement"
      },
      "geometry": {
        "type": "Point",
        "coordinates": [
          -90.59610251953126,
          -52.34931791015623,
          45.0
        ]
      }
    },
    {
      "type": "Feature",
      "properties": {
        "id": "zaltharuun:Zor'elyth",
        "name": "Zor'elyth",
        "province": "Zal’tharuun",
        "type": "Village",
        "population": 11977024,
        "danger": "Elevated",
        "biomes": [
          "Beach and grass with water",
          "Beach and reefs with water",
          "Partial forest"
        ],
        "primaryBiome": "Beach and grass with water",
        "transportation": [
          "Caravan",
          "Train",
          "Steamship",
          "Submarine"
        ],
        "elevationM": 0.0,
        "weatherName": "Blackwater Storm-Stack",
        "climateBelt": "Sunbelt reef-wet belt",
        "anchorMode": "surface_anchor",
        "pinPlacement": "surface-land-pin",
        "feature_type": "settlement"
      },
      "geometry": {
        "type": "Point",
        "coordinates": [
          -78.15023560546874,
          -58.356078046874984,
          0
        ]
      }
    },
    {
      "type": "Feature",
      "properties": {
        "id": "zharvokh:Drakzhul",
        "name": "Drakzhul",
        "province": "Zharvokh",
        "type": "Town",
        "population": 12162879,
        "danger": "Elevated",
        "biomes": [
          "Farming",
          "Partial forest",
          "Mountain range"
        ],
        "primaryBiome": "Farming",
        "transportation": [
          "Caravan",
          "Train"
        ],
        "elevationM": 5200.0,
        "weatherName": "Stormhorn Tidewall",
        "climateBelt": "Sunbelt reef-wet belt",
        "anchorMode": "surface_anchor",
        "pinPlacement": "surface-land-pin",
        "feature_type": "settlement"
      },
      "geometry": {
        "type": "Point",
        "coordinates": [
          -46.687495708465576,
          64.7358387708664,
          5200.0
        ]
      }
    },
    {
      "type": "Feature",
      "properties": {
        "id": "zharvokh:Karag-Thûl",
        "name": "Karag-Thûl",
        "province": "Zharvokh",
        "type": "Capital City",
        "population": 198263409,
        "danger": "Severe",
        "biomes": [
          "Deep cavern",
          "Mountain range",
          "Hybrid tree and forest floor"
        ],
        "primaryBiome": "Deep cavern",
        "transportation": [
          "Caravan",
          "Train",
          "Skyship",
          "Portal"
        ],
        "elevationM": -8200.0,
        "weatherName": "Stormhorn Tidewall",
        "climateBelt": "Sunbelt reef-wet belt",
        "anchorMode": "subsurface_cavern_anchor",
        "pinPlacement": "deep-mountain-cavern-pin",
        "feature_type": "settlement"
      },
      "geometry": {
        "type": "Point",
        "coordinates": [
          -56.531245708465576,
          71.0639637708664,
          -8200.0
        ]
      }
    },
    {
      "type": "Feature",
      "properties": {
        "id": "zharvokh:Kharévok",
        "name": "Kharévok",
        "province": "Zharvokh",
        "type": "Town",
        "population": 18677108,
        "danger": "High",
        "biomes": [
          "Mountain range",
          "Valley",
          "Grassland"
        ],
        "primaryBiome": "Mountain range",
        "transportation": [
          "Caravan",
          "Train"
        ],
        "elevationM": 5200.0,
        "weatherName": "Stormhorn Tidewall",
        "climateBelt": "Sunbelt reef-wet belt",
        "anchorMode": "surface_and_ledge_anchor",
        "pinPlacement": "mountain-side-hybrid-pin",
        "feature_type": "settlement"
      },
      "geometry": {
        "type": "Point",
        "coordinates": [
          -60.749995708465576,
          63.0483403801918,
          5200.0
        ]
      }
    },
    {
      "type": "Feature",
      "properties": {
        "id": "zharvokh:Moltharok",
        "name": "Moltharok",
        "province": "Zharvokh",
        "type": "City",
        "population": 58584784,
        "danger": "Severe",
        "biomes": [
          "Mountain range",
          "Deep cavern",
          "Farming"
        ],
        "primaryBiome": "Mountain range",
        "transportation": [
          "Caravan",
          "Train",
          "Ferry",
          "Skyship"
        ],
        "elevationM": 5200.0,
        "weatherName": "Stormhorn Tidewall",
        "climateBelt": "Sunbelt reef-wet belt",
        "anchorMode": "surface_and_ledge_anchor",
        "pinPlacement": "mountain-side-hybrid-pin",
        "feature_type": "settlement"
      },
      "geometry": {
        "type": "Point",
        "coordinates": [
          -74.24999356269836,
          65.1577153801918,
          5200.0
        ]
      }
    },
    {
      "type": "Feature",
      "properties": {
        "id": "zharvokh:Myrvéssa",
        "name": "Myrvéssa",
        "province": "Zharvokh",
        "type": "Town",
        "population": 16115626,
        "danger": "Elevated",
        "biomes": [
          "Treetops - treehouses",
          "Beach and grass with water",
          "Farming"
        ],
        "primaryBiome": "Treetops - treehouses",
        "transportation": [
          "Caravan",
          "Train",
          "Ferry",
          "Steamship",
          "Submarine"
        ],
        "elevationM": 1200.0,
        "weatherName": "Stormhorn Tidewall",
        "climateBelt": "Sunbelt reef-wet belt",
        "anchorMode": "surface_anchor",
        "pinPlacement": "surface-land-pin",
        "feature_type": "settlement"
      },
      "geometry": {
        "type": "Point",
        "coordinates": [
          -72.14061856269836,
          75.14208823442459,
          1200.0
        ]
      }
    },
    {
      "type": "Feature",
      "properties": {
        "id": "zharvokh:Thal'véra",
        "name": "Thal'véra",
        "province": "Zharvokh",
        "type": "Village",
        "population": 861314,
        "danger": "High",
        "biomes": [
          "Beach and grass with water",
          "Ocean Surface floating settlement",
          "Beach and reefs with water"
        ],
        "primaryBiome": "Beach and grass with water",
        "transportation": [
          "Caravan",
          "Train",
          "Steamship",
          "Submarine"
        ],
        "elevationM": 0.0,
        "weatherName": "Stormhorn Tidewall",
        "climateBelt": "Sunbelt reef-wet belt",
        "anchorMode": "floating_surface_anchor",
        "pinPlacement": "ocean-surface-floating-pin",
        "feature_type": "settlement"
      },
      "geometry": {
        "type": "Point",
        "coordinates": [
          -74.81249570846558,
          84.5639656484127,
          0
        ]
      }
    },
    {
      "type": "Feature",
      "properties": {
        "id": "zharvokh:Tharvokar",
        "name": "Tharvokar",
        "province": "Zharvokh",
        "type": "City",
        "population": 25887773,
        "danger": "Severe",
        "biomes": [
          "Mountain range",
          "Deep cavern",
          "Beach and grass with water"
        ],
        "primaryBiome": "Mountain range",
        "transportation": [
          "Caravan",
          "Train",
          "Steamship",
          "Submarine",
          "Skyship"
        ],
        "elevationM": -8200.0,
        "weatherName": "Stormhorn Tidewall",
        "climateBelt": "Sunbelt reef-wet belt",
        "anchorMode": "inside_mountain_anchor",
        "pinPlacement": "deep-mountain-pin",
        "feature_type": "settlement"
      },
      "geometry": {
        "type": "Point",
        "coordinates": [
          -61.31249785423279,
          80.48583984375,
          -8200.0
        ]
      }
    },
    {
      "type": "Feature",
      "properties": {
        "id": "zharvokh:Vorthélyn",
        "name": "Vorthélyn",
        "province": "Zharvokh",
        "type": "Village",
        "population": 722446,
        "danger": "High",
        "biomes": [
          "Beach and grass with water",
          "Beach and reefs with water"
        ],
        "primaryBiome": "Beach and grass with water",
        "transportation": [
          "Caravan",
          "Train",
          "Steamship",
          "Submarine"
        ],
        "elevationM": 0.0,
        "weatherName": "Stormhorn Tidewall",
        "climateBelt": "Sunbelt reef-wet belt",
        "anchorMode": "surface_anchor",
        "pinPlacement": "surface-land-pin",
        "feature_type": "settlement"
      },
      "geometry": {
        "type": "Point",
        "coordinates": [
          -54.27992742187499,
          84.91351623046874,
          0
        ]
      }
    },
    {
      "type": "Feature",
      "properties": {
        "id": "zharvokh:Vulkradûn",
        "name": "Vulkradûn",
        "province": "Zharvokh",
        "type": "City",
        "population": 37998833,
        "danger": "High",
        "biomes": [
          "Beach and grass with water",
          "Farming",
          "Partial forest"
        ],
        "primaryBiome": "Beach and grass with water",
        "transportation": [
          "Caravan",
          "Train",
          "Ferry",
          "Steamship",
          "Submarine",
          "Skyship"
        ],
        "elevationM": 1200.0,
        "weatherName": "Stormhorn Tidewall",
        "climateBelt": "Sunbelt reef-wet belt",
        "anchorMode": "surface_anchor",
        "pinPlacement": "surface-land-pin",
        "feature_type": "settlement"
      },
      "geometry": {
        "type": "Point",
        "coordinates": [
          -51.609370708465576,
          76.54833823442459,
          1200.0
        ]
      }
    }
  ]
}